<?xml version="1.0" encoding="utf-8"?>
<SzkicPrzekroju xmlns:xsi="http://www.w3.org/2001/XMLSchema-instance" xmlns:xsd="http://www.w3.org/2001/XMLSchema" nazwaCieku="Pasłęka" numerObiektu="50" numerPrzekroju="50" dataPomiaru="2012-05-15">
  <Koryto rysuj="true" startPikieta="5" endPikieta="13" />
  <Pikiety>
    <Pikieta rysuj="true" numer="50.01" kodTerenu="">
      <X>463</X>
      <Y>163</Y>
      <Punkt>
        <X>707734.31</X>
        <Y>560163.34</Y>
      </Punkt>
      <Rzedna>22.26</Rzedna>
    </Pikieta>
    <Pikieta rysuj="true" numer="50.02" kodTerenu="T01">
      <X>463</X>
      <Y>184</Y>
      <Punkt>
        <X>707731.84</X>
        <Y>560167.3</Y>
      </Punkt>
      <Rzedna>22.08</Rzedna>
    </Pikieta>
    <Pikieta rysuj="true" numer="50.03" kodTerenu="T01">
      <X>463</X>
      <Y>205</Y>
      <Punkt>
        <X>707730.34</X>
        <Y>560170.47</Y>
      </Punkt>
      <Rzedna>21.22</Rzedna>
    </Pikieta>
    <Pikieta rysuj="true" numer="50.04" kodTerenu="T01">
      <X>463</X>
      <Y>226</Y>
      <Punkt>
        <X>707729.15</X>
        <Y>560173.47</Y>
      </Punkt>
      <Rzedna>20.99</Rzedna>
    </Pikieta>
    <Pikieta rysuj="true" numer="50.05" kodTerenu="T01">
      <X>463</X>
      <Y>247</Y>
      <Punkt>
        <X>707728.12</X>
        <Y>560175.52</Y>
      </Punkt>
      <Rzedna>19.82</Rzedna>
    </Pikieta>
    <Pikieta rysuj="true" numer="50.06" kodTerenu="K02">
      <X>463</X>
      <Y>268</Y>
      <Punkt>
        <X>707726.03</X>
        <Y>560177.54</Y>
      </Punkt>
      <Rzedna>18.65</Rzedna>
    </Pikieta>
    <Pikieta rysuj="true" numer="50.07" kodTerenu="K02">
      <X>463</X>
      <Y>289</Y>
      <Punkt>
        <X>707724.67</X>
        <Y>560180.53</Y>
      </Punkt>
      <Rzedna>18.57</Rzedna>
    </Pikieta>
    <Pikieta rysuj="true" numer="50.08" kodTerenu="K02">
      <X>463</X>
      <Y>310</Y>
      <Punkt>
        <X>707723.41</X>
        <Y>560183.11</Y>
      </Punkt>
      <Rzedna>18.38</Rzedna>
    </Pikieta>
    <Pikieta rysuj="true" numer="50.09" kodTerenu="K02">
      <X>463</X>
      <Y>331</Y>
      <Punkt>
        <X>707721.55</X>
        <Y>560186.62</Y>
      </Punkt>
      <Rzedna>18.37</Rzedna>
    </Pikieta>
    <Pikieta rysuj="true" numer="50.10" kodTerenu="K02">
      <X>463</X>
      <Y>352</Y>
      <Punkt>
        <X>707720.28</X>
        <Y>560189.54</Y>
      </Punkt>
      <Rzedna>18.11</Rzedna>
    </Pikieta>
    <Pikieta rysuj="true" numer="50.11" kodTerenu="K03">
      <X>463</X>
      <Y>373</Y>
      <Punkt>
        <X>707718.02</X>
        <Y>560192.67</Y>
      </Punkt>
      <Rzedna>17.82</Rzedna>
    </Pikieta>
    <Pikieta rysuj="true" numer="50.12" kodTerenu="K03">
      <X>463</X>
      <Y>394</Y>
      <Punkt>
        <X>707715.61</X>
        <Y>560195.63</Y>
      </Punkt>
      <Rzedna>17.18</Rzedna>
    </Pikieta>
    <Pikieta rysuj="true" numer="50.13" kodTerenu="K03">
      <X>463</X>
      <Y>415</Y>
      <Punkt>
        <X>707714.73</X>
        <Y>560197.37</Y>
      </Punkt>
      <Rzedna>19.82</Rzedna>
    </Pikieta>
    <Pikieta rysuj="true" numer="50.14" kodTerenu="T07">
      <X>463</X>
      <Y>436</Y>
      <Punkt>
        <X>707713.3</X>
        <Y>560200.35</Y>
      </Punkt>
      <Rzedna>19.99</Rzedna>
    </Pikieta>
    <Pikieta rysuj="true" numer="50.15" kodTerenu="T05">
      <X>463</X>
      <Y>457</Y>
      <Punkt>
        <X>707710.9</X>
        <Y>560204.23</Y>
      </Punkt>
      <Rzedna>20.41</Rzedna>
    </Pikieta>
  </Pikiety>
  <Fotografie>
    <Fotografia rysuj="true" numer="50a" rotacja="90">
      <X>470</X>
      <Y>493</Y>
    </Fotografia>
    <Fotografia rysuj="true" numer="50b" rotacja="220">
      <X>594</X>
      <Y>142</Y>
    </Fotografia>
  </Fotografie>
  <Skarpy>
    <Skarpa rysuj="true" startPikieta="4" endPikieta="5" brzeg="true" />
    <Skarpa rysuj="true" startPikieta="13" endPikieta="14" brzeg="true" />
    <Skarpa rysuj="true" startPikieta="2" endPikieta="3" brzeg="false" />
  </Skarpy>
  <Drogi />
  <Zabudowy />
  <Teksty />
</SzkicPrzekroju>