<?xml version="1.0" encoding="utf-8"?>
<SzkicPrzekroju xmlns:xsi="http://www.w3.org/2001/XMLSchema-instance" xmlns:xsd="http://www.w3.org/2001/XMLSchema" nazwaCieku="Pasłęka" numerObiektu="51" numerPrzekroju="51" dataPomiaru="2012-05-15">
  <Koryto rysuj="true" startPikieta="4" endPikieta="14" />
  <Pikiety>
    <Pikieta rysuj="true" numer="51.01" kodTerenu="">
      <X>463</X>
      <Y>163</Y>
      <Punkt>
        <X>707261.74</X>
        <Y>559876.97</Y>
      </Punkt>
      <Rzedna>25.96</Rzedna>
    </Pikieta>
    <Pikieta rysuj="true" numer="51.02" kodTerenu="T05">
      <X>463</X>
      <Y>181</Y>
      <Punkt>
        <X>707265.9</X>
        <Y>559888.92</Y>
      </Punkt>
      <Rzedna>20.97</Rzedna>
    </Pikieta>
    <Pikieta rysuj="true" numer="51.03" kodTerenu="T05">
      <X>463</X>
      <Y>199</Y>
      <Punkt>
        <X>707267.38</X>
        <Y>559895.44</Y>
      </Punkt>
      <Rzedna>20.56</Rzedna>
    </Pikieta>
    <Pikieta rysuj="true" numer="51.04" kodTerenu="T05">
      <X>463</X>
      <Y>217</Y>
      <Punkt>
        <X>707268.49</X>
        <Y>559897.16</Y>
      </Punkt>
      <Rzedna>19.9</Rzedna>
    </Pikieta>
    <Pikieta rysuj="true" numer="51.05" kodTerenu="K01">
      <X>463</X>
      <Y>235</Y>
      <Punkt>
        <X>707268.63</X>
        <Y>559897.98</Y>
      </Punkt>
      <Rzedna>19.21</Rzedna>
    </Pikieta>
    <Pikieta rysuj="true" numer="51.06" kodTerenu="K01">
      <X>463</X>
      <Y>253</Y>
      <Punkt>
        <X>707269.99</X>
        <Y>559902.84</Y>
      </Punkt>
      <Rzedna>19.21</Rzedna>
    </Pikieta>
    <Pikieta rysuj="true" numer="51.07" kodTerenu="K03">
      <X>463</X>
      <Y>271</Y>
      <Punkt>
        <X>707271.79</X>
        <Y>559906.9</Y>
      </Punkt>
      <Rzedna>19.08</Rzedna>
    </Pikieta>
    <Pikieta rysuj="true" numer="51.08" kodTerenu="K04">
      <X>463</X>
      <Y>289</Y>
      <Punkt>
        <X>707273.15</X>
        <Y>559910.38</Y>
      </Punkt>
      <Rzedna>19.09</Rzedna>
    </Pikieta>
    <Pikieta rysuj="true" numer="51.09" kodTerenu="K04">
      <X>463</X>
      <Y>307</Y>
      <Punkt>
        <X>707274.5</X>
        <Y>559914.91</Y>
      </Punkt>
      <Rzedna>19.06</Rzedna>
    </Pikieta>
    <Pikieta rysuj="true" numer="51.10" kodTerenu="K04">
      <X>463</X>
      <Y>325</Y>
      <Punkt>
        <X>707275.81</X>
        <Y>559919.78</Y>
      </Punkt>
      <Rzedna>18.98</Rzedna>
    </Pikieta>
    <Pikieta rysuj="true" numer="51.11" kodTerenu="K04">
      <X>463</X>
      <Y>343</Y>
      <Punkt>
        <X>707277.04</X>
        <Y>559924.7</Y>
      </Punkt>
      <Rzedna>19.01</Rzedna>
    </Pikieta>
    <Pikieta rysuj="true" numer="51.12" kodTerenu="K04">
      <X>463</X>
      <Y>361</Y>
      <Punkt>
        <X>707277.73</X>
        <Y>559928.93</Y>
      </Punkt>
      <Rzedna>19.02</Rzedna>
    </Pikieta>
    <Pikieta rysuj="true" numer="51.13" kodTerenu="K04">
      <X>463</X>
      <Y>379</Y>
      <Punkt>
        <X>707278.21</X>
        <Y>559931.28</Y>
      </Punkt>
      <Rzedna>18.99</Rzedna>
    </Pikieta>
    <Pikieta rysuj="true" numer="51.14" kodTerenu="K03">
      <X>463</X>
      <Y>397</Y>
      <Punkt>
        <X>707278.67</X>
        <Y>559933.73</Y>
      </Punkt>
      <Rzedna>19.9</Rzedna>
    </Pikieta>
    <Pikieta rysuj="true" numer="51.15" kodTerenu="T04">
      <X>463</X>
      <Y>415</Y>
      <Punkt>
        <X>707279.43</X>
        <Y>559936.33</Y>
      </Punkt>
      <Rzedna>21.5</Rzedna>
    </Pikieta>
    <Pikieta rysuj="true" numer="51.16" kodTerenu="T04">
      <X>463</X>
      <Y>433</Y>
      <Punkt>
        <X>707282.33</X>
        <Y>559954.21</Y>
      </Punkt>
      <Rzedna>23</Rzedna>
    </Pikieta>
    <Pikieta rysuj="true" numer="51.17" kodTerenu="T01">
      <X>463</X>
      <Y>451</Y>
      <Punkt>
        <X>707284.35</X>
        <Y>559975.27</Y>
      </Punkt>
      <Rzedna>25.49</Rzedna>
    </Pikieta>
  </Pikiety>
  <Fotografie>
    <Fotografia rysuj="true" numer="51b" rotacja="100">
      <X>509</X>
      <Y>486</Y>
    </Fotografia>
    <Fotografia rysuj="true" numer="51a" rotacja="280">
      <X>450</X>
      <Y>141</Y>
    </Fotografia>
  </Fotografie>
  <Skarpy>
    <Skarpa rysuj="true" startPikieta="3" endPikieta="4" brzeg="true" />
    <Skarpa rysuj="true" startPikieta="14" endPikieta="15" brzeg="true" />
    <Skarpa rysuj="true" startPikieta="1" endPikieta="2" brzeg="false" />
  </Skarpy>
  <Drogi />
  <Zabudowy />
  <Teksty />
</SzkicPrzekroju>