<?xml version="1.0" encoding="utf-8"?>
<SzkicPrzekroju xmlns:xsi="http://www.w3.org/2001/XMLSchema-instance" xmlns:xsd="http://www.w3.org/2001/XMLSchema" nazwaCieku="Pasłęka" numerObiektu="52" numerPrzekroju="52" dataPomiaru="2012-05-15">
  <Koryto rysuj="true" startPikieta="5" endPikieta="13" />
  <Pikiety>
    <Pikieta rysuj="true" numer="52.01" kodTerenu="">
      <X>463</X>
      <Y>163</Y>
      <Punkt>
        <X>706892.21</X>
        <Y>559842.51</Y>
      </Punkt>
      <Rzedna>22.76</Rzedna>
    </Pikieta>
    <Pikieta rysuj="true" numer="52.02" kodTerenu="T05">
      <X>463</X>
      <Y>183</Y>
      <Punkt>
        <X>706891.34</X>
        <Y>559846.21</Y>
      </Punkt>
      <Rzedna>22.52</Rzedna>
    </Pikieta>
    <Pikieta rysuj="true" numer="52.03" kodTerenu="T05">
      <X>463</X>
      <Y>203</Y>
      <Punkt>
        <X>706891.37</X>
        <Y>559851</Y>
      </Punkt>
      <Rzedna>21.32</Rzedna>
    </Pikieta>
    <Pikieta rysuj="true" numer="52.04" kodTerenu="T05">
      <X>463</X>
      <Y>223</Y>
      <Punkt>
        <X>706891.04</X>
        <Y>559853.97</Y>
      </Punkt>
      <Rzedna>21.16</Rzedna>
    </Pikieta>
    <Pikieta rysuj="true" numer="52.05" kodTerenu="T01">
      <X>463</X>
      <Y>243</Y>
      <Punkt>
        <X>706890.95</X>
        <Y>559856.94</Y>
      </Punkt>
      <Rzedna>19.91</Rzedna>
    </Pikieta>
    <Pikieta rysuj="true" numer="52.06" kodTerenu="K01">
      <X>463</X>
      <Y>263</Y>
      <Punkt>
        <X>706891.78</X>
        <Y>559858.27</Y>
      </Punkt>
      <Rzedna>19.23</Rzedna>
    </Pikieta>
    <Pikieta rysuj="true" numer="52.07" kodTerenu="K02">
      <X>463</X>
      <Y>283</Y>
      <Punkt>
        <X>706892.32</X>
        <Y>559861.68</Y>
      </Punkt>
      <Rzedna>18.46</Rzedna>
    </Pikieta>
    <Pikieta rysuj="true" numer="52.08" kodTerenu="K02">
      <X>463</X>
      <Y>303</Y>
      <Punkt>
        <X>706892.49</X>
        <Y>559865.26</Y>
      </Punkt>
      <Rzedna>18.32</Rzedna>
    </Pikieta>
    <Pikieta rysuj="true" numer="52.09" kodTerenu="K04">
      <X>463</X>
      <Y>323</Y>
      <Punkt>
        <X>706892.6</X>
        <Y>559868.19</Y>
      </Punkt>
      <Rzedna>18.11</Rzedna>
    </Pikieta>
    <Pikieta rysuj="true" numer="52.10" kodTerenu="K04">
      <X>463</X>
      <Y>343</Y>
      <Punkt>
        <X>706892.54</X>
        <Y>559872.02</Y>
      </Punkt>
      <Rzedna>18.49</Rzedna>
    </Pikieta>
    <Pikieta rysuj="true" numer="52.11" kodTerenu="K04">
      <X>463</X>
      <Y>363</Y>
      <Punkt>
        <X>706892</X>
        <Y>559874.58</Y>
      </Punkt>
      <Rzedna>18.46</Rzedna>
    </Pikieta>
    <Pikieta rysuj="true" numer="52.12" kodTerenu="K02">
      <X>463</X>
      <Y>383</Y>
      <Punkt>
        <X>706891.56</X>
        <Y>559877.46</Y>
      </Punkt>
      <Rzedna>18.5</Rzedna>
    </Pikieta>
    <Pikieta rysuj="true" numer="52.13" kodTerenu="K02">
      <X>463</X>
      <Y>403</Y>
      <Punkt>
        <X>706891.69</X>
        <Y>559879.29</Y>
      </Punkt>
      <Rzedna>19.91</Rzedna>
    </Pikieta>
    <Pikieta rysuj="true" numer="52.14" kodTerenu="T05">
      <X>463</X>
      <Y>423</Y>
      <Punkt>
        <X>706891.85</X>
        <Y>559883.32</Y>
      </Punkt>
      <Rzedna>22.16</Rzedna>
    </Pikieta>
    <Pikieta rysuj="true" numer="52.15" kodTerenu="T05">
      <X>463</X>
      <Y>443</Y>
      <Punkt>
        <X>706891.44</X>
        <Y>559888.09</Y>
      </Punkt>
      <Rzedna>23.81</Rzedna>
    </Pikieta>
    <Pikieta rysuj="true" numer="52.16" kodTerenu="T05">
      <X>463</X>
      <Y>463</Y>
      <Punkt>
        <X>706890.95</X>
        <Y>559895.43</Y>
      </Punkt>
      <Rzedna>28.56</Rzedna>
    </Pikieta>
  </Pikiety>
  <Fotografie>
    <Fotografia rysuj="true" numer="52b" rotacja="90">
      <X>473</X>
      <Y>493</Y>
    </Fotografia>
    <Fotografia rysuj="true" numer="52a" rotacja="240">
      <X>556</X>
      <Y>117</Y>
    </Fotografia>
  </Fotografie>
  <Skarpy>
    <Skarpa rysuj="true" startPikieta="4" endPikieta="5" brzeg="true" />
    <Skarpa rysuj="true" startPikieta="13" endPikieta="14" brzeg="true" />
    <Skarpa rysuj="true" startPikieta="2" endPikieta="3" brzeg="false" />
    <Skarpa rysuj="true" startPikieta="15" endPikieta="16" brzeg="false" />
  </Skarpy>
  <Drogi />
  <Zabudowy />
  <Teksty />
</SzkicPrzekroju>