<?xml version="1.0" encoding="utf-8"?>
<SzkicPrzekroju xmlns:xsi="http://www.w3.org/2001/XMLSchema-instance" xmlns:xsd="http://www.w3.org/2001/XMLSchema" nazwaCieku="Pasłęka" numerObiektu="53" numerPrzekroju="53" dataPomiaru="2012-05-15">
  <Koryto rysuj="true" startPikieta="4" endPikieta="12" />
  <Pikiety>
    <Pikieta rysuj="true" numer="53.01" kodTerenu="">
      <X>463</X>
      <Y>163</Y>
      <Punkt>
        <X>706315.32</X>
        <Y>559562.93</Y>
      </Punkt>
      <Rzedna>25.93</Rzedna>
    </Pikieta>
    <Pikieta rysuj="true" numer="53.02" kodTerenu="T05">
      <X>463</X>
      <Y>183</Y>
      <Punkt>
        <X>706322.06</X>
        <Y>559563.87</Y>
      </Punkt>
      <Rzedna>23.14</Rzedna>
    </Pikieta>
    <Pikieta rysuj="true" numer="53.03" kodTerenu="T05">
      <X>463</X>
      <Y>203</Y>
      <Punkt>
        <X>706324.43</X>
        <Y>559563.34</Y>
      </Punkt>
      <Rzedna>22.56</Rzedna>
    </Pikieta>
    <Pikieta rysuj="true" numer="53.04" kodTerenu="T05">
      <X>463</X>
      <Y>223</Y>
      <Punkt>
        <X>706325.74</X>
        <Y>559563.85</Y>
      </Punkt>
      <Rzedna>20.22</Rzedna>
    </Pikieta>
    <Pikieta rysuj="true" numer="53.05" kodTerenu="K01">
      <X>463</X>
      <Y>243</Y>
      <Punkt>
        <X>706326.68</X>
        <Y>559564.01</Y>
      </Punkt>
      <Rzedna>19</Rzedna>
    </Pikieta>
    <Pikieta rysuj="true" numer="53.06" kodTerenu="K01">
      <X>463</X>
      <Y>263</Y>
      <Punkt>
        <X>706329.44</X>
        <Y>559563.96</Y>
      </Punkt>
      <Rzedna>18.72</Rzedna>
    </Pikieta>
    <Pikieta rysuj="true" numer="53.07" kodTerenu="K01">
      <X>463</X>
      <Y>283</Y>
      <Punkt>
        <X>706333.25</X>
        <Y>559563.8</Y>
      </Punkt>
      <Rzedna>18.51</Rzedna>
    </Pikieta>
    <Pikieta rysuj="true" numer="53.08" kodTerenu="K01">
      <X>463</X>
      <Y>303</Y>
      <Punkt>
        <X>706337.11</X>
        <Y>559563.6</Y>
      </Punkt>
      <Rzedna>18.47</Rzedna>
    </Pikieta>
    <Pikieta rysuj="true" numer="53.09" kodTerenu="K01">
      <X>463</X>
      <Y>323</Y>
      <Punkt>
        <X>706340.87</X>
        <Y>559563.91</Y>
      </Punkt>
      <Rzedna>18.79</Rzedna>
    </Pikieta>
    <Pikieta rysuj="true" numer="53.10" kodTerenu="K01">
      <X>463</X>
      <Y>343</Y>
      <Punkt>
        <X>706345.09</X>
        <Y>559564.49</Y>
      </Punkt>
      <Rzedna>19.32</Rzedna>
    </Pikieta>
    <Pikieta rysuj="true" numer="53.11" kodTerenu="K01">
      <X>463</X>
      <Y>363</Y>
      <Punkt>
        <X>706347.64</X>
        <Y>559564.69</Y>
      </Punkt>
      <Rzedna>19.49</Rzedna>
    </Pikieta>
    <Pikieta rysuj="true" numer="53.12" kodTerenu="K01">
      <X>463</X>
      <Y>383</Y>
      <Punkt>
        <X>706348.81</X>
        <Y>559564.54</Y>
      </Punkt>
      <Rzedna>20.22</Rzedna>
    </Pikieta>
    <Pikieta rysuj="true" numer="53.13" kodTerenu="T07">
      <X>463</X>
      <Y>403</Y>
      <Punkt>
        <X>706350.76</X>
        <Y>559564.68</Y>
      </Punkt>
      <Rzedna>20.84</Rzedna>
    </Pikieta>
    <Pikieta rysuj="true" numer="53.14" kodTerenu="T07">
      <X>463</X>
      <Y>423</Y>
      <Punkt>
        <X>706354.1</X>
        <Y>559565.14</Y>
      </Punkt>
      <Rzedna>21.1</Rzedna>
    </Pikieta>
    <Pikieta rysuj="true" numer="53.15" kodTerenu="T05">
      <X>463</X>
      <Y>443</Y>
      <Punkt>
        <X>706357.88</X>
        <Y>559565.61</Y>
      </Punkt>
      <Rzedna>22.2</Rzedna>
    </Pikieta>
    <Pikieta rysuj="true" numer="53.16" kodTerenu="">
      <X>463</X>
      <Y>463</Y>
      <Punkt>
        <X>706363.54</X>
        <Y>559568.21</Y>
      </Punkt>
      <Rzedna>22.85</Rzedna>
    </Pikieta>
  </Pikiety>
  <Fotografie>
    <Fotografia rysuj="true" numer="53a" rotacja="100">
      <X>523</X>
      <Y>472</Y>
    </Fotografia>
    <Fotografia rysuj="true" numer="53b" rotacja="350">
      <X>305</X>
      <Y>232</Y>
    </Fotografia>
  </Fotografie>
  <Skarpy>
    <Skarpa rysuj="true" startPikieta="3" endPikieta="4" brzeg="true" />
    <Skarpa rysuj="true" startPikieta="12" endPikieta="13" brzeg="true" />
    <Skarpa rysuj="true" startPikieta="1" endPikieta="2" brzeg="false" />
    <Skarpa rysuj="true" startPikieta="14" endPikieta="15" brzeg="false" />
  </Skarpy>
  <Drogi />
  <Zabudowy />
  <Teksty />
</SzkicPrzekroju>