<?xml version="1.0" encoding="utf-8"?>
<SzkicPrzekroju xmlns:xsi="http://www.w3.org/2001/XMLSchema-instance" xmlns:xsd="http://www.w3.org/2001/XMLSchema" nazwaCieku="Pasłęka" numerObiektu="54" numerPrzekroju="54" dataPomiaru="2012-05-15">
  <Koryto rysuj="true" startPikieta="4" endPikieta="12" />
  <Pikiety>
    <Pikieta rysuj="true" numer="54.01" kodTerenu="">
      <X>463</X>
      <Y>163</Y>
      <Punkt>
        <X>706698.85</X>
        <Y>560480</Y>
      </Punkt>
      <Rzedna>23.2</Rzedna>
    </Pikieta>
    <Pikieta rysuj="true" numer="54.02" kodTerenu="T01">
      <X>463</X>
      <Y>183</Y>
      <Punkt>
        <X>706703.85</X>
        <Y>560479.52</Y>
      </Punkt>
      <Rzedna>21.74</Rzedna>
    </Pikieta>
    <Pikieta rysuj="true" numer="54.03" kodTerenu="T01">
      <X>463</X>
      <Y>203</Y>
      <Punkt>
        <X>706705.86</X>
        <Y>560479.58</Y>
      </Punkt>
      <Rzedna>21.4</Rzedna>
    </Pikieta>
    <Pikieta rysuj="true" numer="54.04" kodTerenu="T01">
      <X>463</X>
      <Y>223</Y>
      <Punkt>
        <X>706708.39</X>
        <Y>560479.24</Y>
      </Punkt>
      <Rzedna>20.19</Rzedna>
    </Pikieta>
    <Pikieta rysuj="true" numer="54.05" kodTerenu="K01">
      <X>463</X>
      <Y>243</Y>
      <Punkt>
        <X>706709.37</X>
        <Y>560479.16</Y>
      </Punkt>
      <Rzedna>19.07</Rzedna>
    </Pikieta>
    <Pikieta rysuj="true" numer="54.06" kodTerenu="K01">
      <X>463</X>
      <Y>263</Y>
      <Punkt>
        <X>706712.77</X>
        <Y>560478.64</Y>
      </Punkt>
      <Rzedna>18.49</Rzedna>
    </Pikieta>
    <Pikieta rysuj="true" numer="54.07" kodTerenu="K01">
      <X>463</X>
      <Y>283</Y>
      <Punkt>
        <X>706715.79</X>
        <Y>560477.62</Y>
      </Punkt>
      <Rzedna>18.47</Rzedna>
    </Pikieta>
    <Pikieta rysuj="true" numer="54.08" kodTerenu="K01">
      <X>463</X>
      <Y>303</Y>
      <Punkt>
        <X>706718.59</X>
        <Y>560477.24</Y>
      </Punkt>
      <Rzedna>18.36</Rzedna>
    </Pikieta>
    <Pikieta rysuj="true" numer="54.09" kodTerenu="K01">
      <X>463</X>
      <Y>323</Y>
      <Punkt>
        <X>706722.35</X>
        <Y>560477.16</Y>
      </Punkt>
      <Rzedna>18.46</Rzedna>
    </Pikieta>
    <Pikieta rysuj="true" numer="54.10" kodTerenu="K01">
      <X>463</X>
      <Y>343</Y>
      <Punkt>
        <X>706725.92</X>
        <Y>560477.26</Y>
      </Punkt>
      <Rzedna>18.62</Rzedna>
    </Pikieta>
    <Pikieta rysuj="true" numer="54.11" kodTerenu="K01">
      <X>463</X>
      <Y>363</Y>
      <Punkt>
        <X>706728.36</X>
        <Y>560477.36</Y>
      </Punkt>
      <Rzedna>19.34</Rzedna>
    </Pikieta>
    <Pikieta rysuj="true" numer="54.12" kodTerenu="K01">
      <X>463</X>
      <Y>383</Y>
      <Punkt>
        <X>706729.37</X>
        <Y>560477.03</Y>
      </Punkt>
      <Rzedna>20.19</Rzedna>
    </Pikieta>
    <Pikieta rysuj="true" numer="54.13" kodTerenu="T01">
      <X>463</X>
      <Y>403</Y>
      <Punkt>
        <X>706730.25</X>
        <Y>560477.31</Y>
      </Punkt>
      <Rzedna>20.94</Rzedna>
    </Pikieta>
    <Pikieta rysuj="true" numer="54.14" kodTerenu="T01">
      <X>463</X>
      <Y>423</Y>
      <Punkt>
        <X>706734.51</X>
        <Y>560476.67</Y>
      </Punkt>
      <Rzedna>22.08</Rzedna>
    </Pikieta>
    <Pikieta rysuj="true" numer="54.15" kodTerenu="T01">
      <X>463</X>
      <Y>443</Y>
      <Punkt>
        <X>706739.28</X>
        <Y>560476.19</Y>
      </Punkt>
      <Rzedna>23.52</Rzedna>
    </Pikieta>
    <Pikieta rysuj="true" numer="54.16" kodTerenu="T05">
      <X>463</X>
      <Y>463</Y>
      <Punkt>
        <X>706748.43</X>
        <Y>560475.22</Y>
      </Punkt>
      <Rzedna>24.4</Rzedna>
    </Pikieta>
  </Pikiety>
  <Fotografie>
    <Fotografia rysuj="true" numer="54a" rotacja="102">
      <X>518</X>
      <Y>510</Y>
    </Fotografia>
    <Fotografia rysuj="true" numer="54b" rotacja="265">
      <X>503</X>
      <Y>83</Y>
    </Fotografia>
  </Fotografie>
  <Skarpy>
    <Skarpa rysuj="true" startPikieta="3" endPikieta="4" brzeg="true" />
    <Skarpa rysuj="true" startPikieta="12" endPikieta="13" brzeg="true" />
    <Skarpa rysuj="true" startPikieta="1" endPikieta="2" brzeg="false" />
    <Skarpa rysuj="true" startPikieta="14" endPikieta="15" brzeg="false" />
  </Skarpy>
  <Drogi />
  <Zabudowy />
  <Teksty />
</SzkicPrzekroju>