<?xml version="1.0" encoding="utf-8"?>
<SzkicPrzekroju xmlns:xsi="http://www.w3.org/2001/XMLSchema-instance" xmlns:xsd="http://www.w3.org/2001/XMLSchema" nazwaCieku="Pasłęka" numerObiektu="55" numerPrzekroju="55" dataPomiaru="2012-05-15">
  <Koryto rysuj="true" startPikieta="7" endPikieta="15" />
  <Pikiety>
    <Pikieta rysuj="true" numer="55.01" kodTerenu="">
      <X>463</X>
      <Y>163</Y>
      <Punkt>
        <X>706214.97</X>
        <Y>560877.52</Y>
      </Punkt>
      <Rzedna>24.12</Rzedna>
    </Pikieta>
    <Pikieta rysuj="true" numer="55.02" kodTerenu="T05">
      <X>463</X>
      <Y>181</Y>
      <Punkt>
        <X>706211.87</X>
        <Y>560876.14</Y>
      </Punkt>
      <Rzedna>22.85</Rzedna>
    </Pikieta>
    <Pikieta rysuj="true" numer="55.03" kodTerenu="T04">
      <X>463</X>
      <Y>199</Y>
      <Punkt>
        <X>706206.62</X>
        <Y>560873.67</Y>
      </Punkt>
      <Rzedna>23.03</Rzedna>
    </Pikieta>
    <Pikieta rysuj="true" numer="55.04" kodTerenu="T04">
      <X>463</X>
      <Y>217</Y>
      <Punkt>
        <X>706203.59</X>
        <Y>560872.69</Y>
      </Punkt>
      <Rzedna>22.71</Rzedna>
    </Pikieta>
    <Pikieta rysuj="true" numer="55.05" kodTerenu="T04">
      <X>463</X>
      <Y>235</Y>
      <Punkt>
        <X>706202.42</X>
        <Y>560872.21</Y>
      </Punkt>
      <Rzedna>21.7</Rzedna>
    </Pikieta>
    <Pikieta rysuj="true" numer="55.06" kodTerenu="T04">
      <X>463</X>
      <Y>253</Y>
      <Punkt>
        <X>706199.08</X>
        <Y>560871.08</Y>
      </Punkt>
      <Rzedna>21.07</Rzedna>
    </Pikieta>
    <Pikieta rysuj="true" numer="55.07" kodTerenu="T04">
      <X>463</X>
      <Y>271</Y>
      <Punkt>
        <X>706198.27</X>
        <Y>560870.76</Y>
      </Punkt>
      <Rzedna>20.45</Rzedna>
    </Pikieta>
    <Pikieta rysuj="true" numer="55.08" kodTerenu="K01">
      <X>463</X>
      <Y>289</Y>
      <Punkt>
        <X>706197.82</X>
        <Y>560870.64</Y>
      </Punkt>
      <Rzedna>19.24</Rzedna>
    </Pikieta>
    <Pikieta rysuj="true" numer="55.09" kodTerenu="K04">
      <X>463</X>
      <Y>307</Y>
      <Punkt>
        <X>706195.69</X>
        <Y>560867.37</Y>
      </Punkt>
      <Rzedna>19.22</Rzedna>
    </Pikieta>
    <Pikieta rysuj="true" numer="55.10" kodTerenu="K04">
      <X>463</X>
      <Y>325</Y>
      <Punkt>
        <X>706193.12</X>
        <Y>560866.69</Y>
      </Punkt>
      <Rzedna>19.2</Rzedna>
    </Pikieta>
    <Pikieta rysuj="true" numer="55.11" kodTerenu="K01">
      <X>463</X>
      <Y>343</Y>
      <Punkt>
        <X>706190.17</X>
        <Y>560865.04</Y>
      </Punkt>
      <Rzedna>18.89</Rzedna>
    </Pikieta>
    <Pikieta rysuj="true" numer="55.12" kodTerenu="K01">
      <X>463</X>
      <Y>361</Y>
      <Punkt>
        <X>706187.11</X>
        <Y>560862.81</Y>
      </Punkt>
      <Rzedna>18.89</Rzedna>
    </Pikieta>
    <Pikieta rysuj="true" numer="55.13" kodTerenu="K01">
      <X>463</X>
      <Y>379</Y>
      <Punkt>
        <X>706184.85</X>
        <Y>560860.45</Y>
      </Punkt>
      <Rzedna>18.95</Rzedna>
    </Pikieta>
    <Pikieta rysuj="true" numer="55.14" kodTerenu="K01">
      <X>463</X>
      <Y>397</Y>
      <Punkt>
        <X>706183.11</X>
        <Y>560859.35</Y>
      </Punkt>
      <Rzedna>19.32</Rzedna>
    </Pikieta>
    <Pikieta rysuj="true" numer="55.15" kodTerenu="K01">
      <X>463</X>
      <Y>415</Y>
      <Punkt>
        <X>706182.95</X>
        <Y>560859.05</Y>
      </Punkt>
      <Rzedna>20.45</Rzedna>
    </Pikieta>
    <Pikieta rysuj="true" numer="55.16" kodTerenu="T01">
      <X>463</X>
      <Y>433</Y>
      <Punkt>
        <X>706179.99</X>
        <Y>560855.65</Y>
      </Punkt>
      <Rzedna>22</Rzedna>
    </Pikieta>
    <Pikieta rysuj="true" numer="55.17" kodTerenu="T04">
      <X>463</X>
      <Y>451</Y>
      <Punkt>
        <X>706173.36</X>
        <Y>560852.23</Y>
      </Punkt>
      <Rzedna>22.15</Rzedna>
    </Pikieta>
  </Pikiety>
  <Fotografie>
    <Fotografia rysuj="true" numer="55a" rotacja="90">
      <X>479</X>
      <Y>493</Y>
    </Fotografia>
    <Fotografia rysuj="true" numer="55b" rotacja="270">
      <X>482</X>
      <Y>122</Y>
    </Fotografia>
  </Fotografie>
  <Skarpy>
    <Skarpa rysuj="true" startPikieta="6" endPikieta="7" brzeg="true" />
    <Skarpa rysuj="true" startPikieta="15" endPikieta="16" brzeg="true" />
    <Skarpa rysuj="true" startPikieta="1" endPikieta="2" brzeg="false" />
    <Skarpa rysuj="true" startPikieta="4" endPikieta="5" brzeg="false" />
  </Skarpy>
  <Drogi />
  <Zabudowy />
  <Teksty />
</SzkicPrzekroju>