<?xml version="1.0" encoding="utf-8"?>
<SzkicPrzekroju xmlns:xsi="http://www.w3.org/2001/XMLSchema-instance" xmlns:xsd="http://www.w3.org/2001/XMLSchema" nazwaCieku="Pasłęka" numerObiektu="56" numerPrzekroju="56" dataPomiaru="2012-05-14">
  <Koryto rysuj="true" startPikieta="4" endPikieta="11" />
  <Pikiety>
    <Pikieta rysuj="true" numer="56.01" kodTerenu="">
      <X>463</X>
      <Y>163</Y>
      <Punkt>
        <X>705273.28</X>
        <Y>560551.77</Y>
      </Punkt>
      <Rzedna>24.01</Rzedna>
    </Pikieta>
    <Pikieta rysuj="true" numer="56.02" kodTerenu="T01">
      <X>463</X>
      <Y>188</Y>
      <Punkt>
        <X>705278.3</X>
        <Y>560560.76</Y>
      </Punkt>
      <Rzedna>22.5</Rzedna>
    </Pikieta>
    <Pikieta rysuj="true" numer="56.03" kodTerenu="T01">
      <X>463</X>
      <Y>213</Y>
      <Punkt>
        <X>705280.72</X>
        <Y>560565.24</Y>
      </Punkt>
      <Rzedna>21.96</Rzedna>
    </Pikieta>
    <Pikieta rysuj="true" numer="56.04" kodTerenu="T01">
      <X>463</X>
      <Y>238</Y>
      <Punkt>
        <X>705281.7</X>
        <Y>560566.06</Y>
      </Punkt>
      <Rzedna>20.87</Rzedna>
    </Pikieta>
    <Pikieta rysuj="true" numer="56.05" kodTerenu="K01">
      <X>463</X>
      <Y>263</Y>
      <Punkt>
        <X>705282.13</X>
        <Y>560566.75</Y>
      </Punkt>
      <Rzedna>20.1</Rzedna>
    </Pikieta>
    <Pikieta rysuj="true" numer="56.06" kodTerenu="K01">
      <X>463</X>
      <Y>288</Y>
      <Punkt>
        <X>705285.1</X>
        <Y>560572.99</Y>
      </Punkt>
      <Rzedna>19.5</Rzedna>
    </Pikieta>
    <Pikieta rysuj="true" numer="56.07" kodTerenu="K04">
      <X>463</X>
      <Y>313</Y>
      <Punkt>
        <X>705286.12</X>
        <Y>560575.93</Y>
      </Punkt>
      <Rzedna>19.39</Rzedna>
    </Pikieta>
    <Pikieta rysuj="true" numer="56.08" kodTerenu="K04">
      <X>463</X>
      <Y>338</Y>
      <Punkt>
        <X>705286.38</X>
        <Y>560579.05</Y>
      </Punkt>
      <Rzedna>19.47</Rzedna>
    </Pikieta>
    <Pikieta rysuj="true" numer="56.09" kodTerenu="K02">
      <X>463</X>
      <Y>363</Y>
      <Punkt>
        <X>705287.94</X>
        <Y>560582.15</Y>
      </Punkt>
      <Rzedna>19.42</Rzedna>
    </Pikieta>
    <Pikieta rysuj="true" numer="56.10" kodTerenu="K02">
      <X>463</X>
      <Y>388</Y>
      <Punkt>
        <X>705289.56</X>
        <Y>560584.43</Y>
      </Punkt>
      <Rzedna>19.47</Rzedna>
    </Pikieta>
    <Pikieta rysuj="true" numer="56.11" kodTerenu="K02">
      <X>463</X>
      <Y>413</Y>
      <Punkt>
        <X>705290.51</X>
        <Y>560585.24</Y>
      </Punkt>
      <Rzedna>20.87</Rzedna>
    </Pikieta>
    <Pikieta rysuj="true" numer="56.12" kodTerenu="T05">
      <X>463</X>
      <Y>438</Y>
      <Punkt>
        <X>705292.83</X>
        <Y>560593.05</Y>
      </Punkt>
      <Rzedna>26.19</Rzedna>
    </Pikieta>
    <Pikieta rysuj="true" numer="56.13" kodTerenu="T05">
      <X>463</X>
      <Y>463</Y>
      <Punkt>
        <X>705296.4</X>
        <Y>560598.62</Y>
      </Punkt>
      <Rzedna>27.99</Rzedna>
    </Pikieta>
  </Pikiety>
  <Fotografie>
    <Fotografia rysuj="true" numer="56a" rotacja="105">
      <X>550</X>
      <Y>483</Y>
    </Fotografia>
    <Fotografia rysuj="true" numer="56b" rotacja="270">
      <X>503</X>
      <Y>94</Y>
    </Fotografia>
  </Fotografie>
  <Skarpy>
    <Skarpa rysuj="true" startPikieta="3" endPikieta="4" brzeg="true" />
    <Skarpa rysuj="true" startPikieta="11" endPikieta="12" brzeg="true" />
  </Skarpy>
  <Drogi />
  <Zabudowy />
  <Teksty />
</SzkicPrzekroju>