<?xml version="1.0" encoding="utf-8"?>
<SzkicPrzekroju xmlns:xsi="http://www.w3.org/2001/XMLSchema-instance" xmlns:xsd="http://www.w3.org/2001/XMLSchema" nazwaCieku="Pasłęka" numerObiektu="57" numerPrzekroju="57" dataPomiaru="2012-05-14">
  <Koryto rysuj="true" startPikieta="4" endPikieta="12" />
  <Pikiety>
    <Pikieta rysuj="true" numer="57.01" kodTerenu="">
      <X>463</X>
      <Y>163</Y>
      <Punkt>
        <X>705127.15</X>
        <Y>560348.67</Y>
      </Punkt>
      <Rzedna>22.49</Rzedna>
    </Pikieta>
    <Pikieta rysuj="true" numer="57.02" kodTerenu="T01">
      <X>463</X>
      <Y>186</Y>
      <Punkt>
        <X>705125.73</X>
        <Y>560352.95</Y>
      </Punkt>
      <Rzedna>22.78</Rzedna>
    </Pikieta>
    <Pikieta rysuj="true" numer="57.03" kodTerenu="T01">
      <X>463</X>
      <Y>209</Y>
      <Punkt>
        <X>705124.19</X>
        <Y>560357.22</Y>
      </Punkt>
      <Rzedna>22.47</Rzedna>
    </Pikieta>
    <Pikieta rysuj="true" numer="57.04" kodTerenu="T01">
      <X>463</X>
      <Y>232</Y>
      <Punkt>
        <X>705122.72</X>
        <Y>560360.8</Y>
      </Punkt>
      <Rzedna>21.03</Rzedna>
    </Pikieta>
    <Pikieta rysuj="true" numer="57.05" kodTerenu="K01">
      <X>463</X>
      <Y>255</Y>
      <Punkt>
        <X>705122.46</X>
        <Y>560361.41</Y>
      </Punkt>
      <Rzedna>20.09</Rzedna>
    </Pikieta>
    <Pikieta rysuj="true" numer="57.06" kodTerenu="K01">
      <X>463</X>
      <Y>278</Y>
      <Punkt>
        <X>705121.13</X>
        <Y>560363.43</Y>
      </Punkt>
      <Rzedna>19.55</Rzedna>
    </Pikieta>
    <Pikieta rysuj="true" numer="57.07" kodTerenu="K01">
      <X>463</X>
      <Y>301</Y>
      <Punkt>
        <X>705120.9</X>
        <Y>560367.13</Y>
      </Punkt>
      <Rzedna>19.55</Rzedna>
    </Pikieta>
    <Pikieta rysuj="true" numer="57.08" kodTerenu="K01">
      <X>463</X>
      <Y>324</Y>
      <Punkt>
        <X>705120.65</X>
        <Y>560371.29</Y>
      </Punkt>
      <Rzedna>19.37</Rzedna>
    </Pikieta>
    <Pikieta rysuj="true" numer="57.09" kodTerenu="K01">
      <X>463</X>
      <Y>347</Y>
      <Punkt>
        <X>705119.39</X>
        <Y>560373.62</Y>
      </Punkt>
      <Rzedna>19.28</Rzedna>
    </Pikieta>
    <Pikieta rysuj="true" numer="57.10" kodTerenu="K01">
      <X>463</X>
      <Y>370</Y>
      <Punkt>
        <X>705120.21</X>
        <Y>560378.33</Y>
      </Punkt>
      <Rzedna>19.98</Rzedna>
    </Pikieta>
    <Pikieta rysuj="true" numer="57.11" kodTerenu="K01">
      <X>463</X>
      <Y>393</Y>
      <Punkt>
        <X>705120.04</X>
        <Y>560380.98</Y>
      </Punkt>
      <Rzedna>20.2</Rzedna>
    </Pikieta>
    <Pikieta rysuj="true" numer="57.12" kodTerenu="K01">
      <X>463</X>
      <Y>416</Y>
      <Punkt>
        <X>705119.75</X>
        <Y>560381.6</Y>
      </Punkt>
      <Rzedna>21.03</Rzedna>
    </Pikieta>
    <Pikieta rysuj="true" numer="57.13" kodTerenu="T04">
      <X>463</X>
      <Y>439</Y>
      <Punkt>
        <X>705118.37</X>
        <Y>560387.83</Y>
      </Punkt>
      <Rzedna>24.52</Rzedna>
    </Pikieta>
    <Pikieta rysuj="true" numer="57.14" kodTerenu="T05">
      <X>463</X>
      <Y>462</Y>
      <Punkt>
        <X>705116.24</X>
        <Y>560393.39</Y>
      </Punkt>
      <Rzedna>24.72</Rzedna>
    </Pikieta>
  </Pikiety>
  <Fotografie>
    <Fotografia rysuj="true" numer="57b" rotacja="90">
      <X>481</X>
      <Y>495</Y>
    </Fotografia>
    <Fotografia rysuj="true" numer="57a" rotacja="270">
      <X>487</X>
      <Y>96</Y>
    </Fotografia>
  </Fotografie>
  <Skarpy>
    <Skarpa rysuj="true" startPikieta="3" endPikieta="4" brzeg="true" />
    <Skarpa rysuj="true" startPikieta="12" endPikieta="13" brzeg="true" />
  </Skarpy>
  <Drogi />
  <Zabudowy />
  <Teksty />
</SzkicPrzekroju>