<?xml version="1.0" encoding="utf-8"?>
<SzkicPrzekroju xmlns:xsi="http://www.w3.org/2001/XMLSchema-instance" xmlns:xsd="http://www.w3.org/2001/XMLSchema" nazwaCieku="Pasłęka" numerObiektu="58" numerPrzekroju="58" dataPomiaru="2012-05-14">
  <Koryto rysuj="true" startPikieta="5" endPikieta="14" />
  <Pikiety>
    <Pikieta rysuj="true" numer="58.01" kodTerenu="">
      <X>463</X>
      <Y>163</Y>
      <Punkt>
        <X>704621.49</X>
        <Y>561148.29</Y>
      </Punkt>
      <Rzedna>27.24</Rzedna>
    </Pikieta>
    <Pikieta rysuj="true" numer="58.02" kodTerenu="T05">
      <X>463</X>
      <Y>180</Y>
      <Punkt>
        <X>704624.08</X>
        <Y>561153</Y>
      </Punkt>
      <Rzedna>26.88</Rzedna>
    </Pikieta>
    <Pikieta rysuj="true" numer="58.03" kodTerenu="T05">
      <X>463</X>
      <Y>197</Y>
      <Punkt>
        <X>704631.89</X>
        <Y>561163.06</Y>
      </Punkt>
      <Rzedna>22.29</Rzedna>
    </Pikieta>
    <Pikieta rysuj="true" numer="58.04" kodTerenu="T01">
      <X>463</X>
      <Y>214</Y>
      <Punkt>
        <X>704634.97</X>
        <Y>561167.61</Y>
      </Punkt>
      <Rzedna>22.04</Rzedna>
    </Pikieta>
    <Pikieta rysuj="true" numer="58.05" kodTerenu="T01">
      <X>463</X>
      <Y>231</Y>
      <Punkt>
        <X>704635.69</X>
        <Y>561169.05</Y>
      </Punkt>
      <Rzedna>21.58</Rzedna>
    </Pikieta>
    <Pikieta rysuj="true" numer="58.06" kodTerenu="K02">
      <X>463</X>
      <Y>248</Y>
      <Punkt>
        <X>704636.65</X>
        <Y>561170.2</Y>
      </Punkt>
      <Rzedna>20.81</Rzedna>
    </Pikieta>
    <Pikieta rysuj="true" numer="58.07" kodTerenu="K04">
      <X>463</X>
      <Y>265</Y>
      <Punkt>
        <X>704638.14</X>
        <Y>561172.46</Y>
      </Punkt>
      <Rzedna>20.67</Rzedna>
    </Pikieta>
    <Pikieta rysuj="true" numer="58.08" kodTerenu="K04">
      <X>463</X>
      <Y>282</Y>
      <Punkt>
        <X>704640.78</X>
        <Y>561174.99</Y>
      </Punkt>
      <Rzedna>20.53</Rzedna>
    </Pikieta>
    <Pikieta rysuj="true" numer="58.09" kodTerenu="K04">
      <X>463</X>
      <Y>299</Y>
      <Punkt>
        <X>704643.22</X>
        <Y>561178.06</Y>
      </Punkt>
      <Rzedna>20.51</Rzedna>
    </Pikieta>
    <Pikieta rysuj="true" numer="58.10" kodTerenu="K04">
      <X>463</X>
      <Y>316</Y>
      <Punkt>
        <X>704645.32</X>
        <Y>561180.88</Y>
      </Punkt>
      <Rzedna>20.41</Rzedna>
    </Pikieta>
    <Pikieta rysuj="true" numer="58.11" kodTerenu="K04">
      <X>463</X>
      <Y>333</Y>
      <Punkt>
        <X>704647.61</X>
        <Y>561184.52</Y>
      </Punkt>
      <Rzedna>20.48</Rzedna>
    </Pikieta>
    <Pikieta rysuj="true" numer="58.12" kodTerenu="K04">
      <X>463</X>
      <Y>350</Y>
      <Punkt>
        <X>704648.69</X>
        <Y>561186.6</Y>
      </Punkt>
      <Rzedna>20.52</Rzedna>
    </Pikieta>
    <Pikieta rysuj="true" numer="58.13" kodTerenu="K02">
      <X>463</X>
      <Y>367</Y>
      <Punkt>
        <X>704649.48</X>
        <Y>561188.54</Y>
      </Punkt>
      <Rzedna>20.95</Rzedna>
    </Pikieta>
    <Pikieta rysuj="true" numer="58.14" kodTerenu="K02">
      <X>463</X>
      <Y>384</Y>
      <Punkt>
        <X>704649.61</X>
        <Y>561188.81</Y>
      </Punkt>
      <Rzedna>21.58</Rzedna>
    </Pikieta>
    <Pikieta rysuj="true" numer="58.15" kodTerenu="T01">
      <X>463</X>
      <Y>401</Y>
      <Punkt>
        <X>704651.98</X>
        <Y>561191.25</Y>
      </Punkt>
      <Rzedna>22.83</Rzedna>
    </Pikieta>
    <Pikieta rysuj="true" numer="58.16" kodTerenu="T01">
      <X>463</X>
      <Y>418</Y>
      <Punkt>
        <X>704655.28</X>
        <Y>561196.77</Y>
      </Punkt>
      <Rzedna>23.25</Rzedna>
    </Pikieta>
    <Pikieta rysuj="true" numer="58.17" kodTerenu="T01">
      <X>463</X>
      <Y>435</Y>
      <Punkt>
        <X>704662.04</X>
        <Y>561207.18</Y>
      </Punkt>
      <Rzedna>23.03</Rzedna>
    </Pikieta>
    <Pikieta rysuj="true" numer="58.18" kodTerenu="T05">
      <X>463</X>
      <Y>452</Y>
      <Punkt>
        <X>704665.05</X>
        <Y>561210.85</Y>
      </Punkt>
      <Rzedna>24.47</Rzedna>
    </Pikieta>
  </Pikiety>
  <Fotografie>
    <Fotografia rysuj="true" numer="58a" rotacja="90">
      <X>473</X>
      <Y>487</Y>
    </Fotografia>
    <Fotografia rysuj="true" numer="58b" rotacja="295">
      <X>443</X>
      <Y>93</Y>
    </Fotografia>
  </Fotografie>
  <Skarpy>
    <Skarpa rysuj="true" startPikieta="4" endPikieta="5" brzeg="true" />
    <Skarpa rysuj="true" startPikieta="14" endPikieta="15" brzeg="true" />
    <Skarpa rysuj="true" startPikieta="2" endPikieta="3" brzeg="false" />
    <Skarpa rysuj="true" startPikieta="17" endPikieta="18" brzeg="false" />
  </Skarpy>
  <Drogi />
  <Zabudowy />
  <Teksty />
</SzkicPrzekroju>