<?xml version="1.0" encoding="utf-8"?>
<SzkicPrzekroju xmlns:xsi="http://www.w3.org/2001/XMLSchema-instance" xmlns:xsd="http://www.w3.org/2001/XMLSchema" nazwaCieku="Pasłęka" numerObiektu="59" numerPrzekroju="59" dataPomiaru="2012-05-14">
  <Koryto rysuj="true" startPikieta="5" endPikieta="16" />
  <Pikiety>
    <Pikieta rysuj="true" numer="59.01" kodTerenu="">
      <X>463</X>
      <Y>163</Y>
      <Punkt>
        <X>704170.4</X>
        <Y>561985.14</Y>
      </Punkt>
      <Rzedna>25.23</Rzedna>
    </Pikieta>
    <Pikieta rysuj="true" numer="59.02" kodTerenu="T05">
      <X>463</X>
      <Y>178</Y>
      <Punkt>
        <X>704178.49</X>
        <Y>561990.77</Y>
      </Punkt>
      <Rzedna>24.73</Rzedna>
    </Pikieta>
    <Pikieta rysuj="true" numer="59.03" kodTerenu="T05">
      <X>463</X>
      <Y>193</Y>
      <Punkt>
        <X>704180.67</X>
        <Y>561993.12</Y>
      </Punkt>
      <Rzedna>23.28</Rzedna>
    </Pikieta>
    <Pikieta rysuj="true" numer="59.04" kodTerenu="T05">
      <X>463</X>
      <Y>208</Y>
      <Punkt>
        <X>704182.81</X>
        <Y>561994.64</Y>
      </Punkt>
      <Rzedna>22.87</Rzedna>
    </Pikieta>
    <Pikieta rysuj="true" numer="59.05" kodTerenu="T05">
      <X>463</X>
      <Y>223</Y>
      <Punkt>
        <X>704183.46</X>
        <Y>561995.56</Y>
      </Punkt>
      <Rzedna>22.08</Rzedna>
    </Pikieta>
    <Pikieta rysuj="true" numer="59.06" kodTerenu="K02">
      <X>463</X>
      <Y>238</Y>
      <Punkt>
        <X>704183.78</X>
        <Y>561995.91</Y>
      </Punkt>
      <Rzedna>21.44</Rzedna>
    </Pikieta>
    <Pikieta rysuj="true" numer="59.07" kodTerenu="K02">
      <X>463</X>
      <Y>253</Y>
      <Punkt>
        <X>704185.45</X>
        <Y>561996.99</Y>
      </Punkt>
      <Rzedna>21.02</Rzedna>
    </Pikieta>
    <Pikieta rysuj="true" numer="59.08" kodTerenu="K04">
      <X>463</X>
      <Y>268</Y>
      <Punkt>
        <X>704192.04</X>
        <Y>562000.33</Y>
      </Punkt>
      <Rzedna>20.77</Rzedna>
    </Pikieta>
    <Pikieta rysuj="true" numer="59.09" kodTerenu="K04">
      <X>463</X>
      <Y>283</Y>
      <Punkt>
        <X>704193.84</X>
        <Y>562002.01</Y>
      </Punkt>
      <Rzedna>20.77</Rzedna>
    </Pikieta>
    <Pikieta rysuj="true" numer="59.10" kodTerenu="K01">
      <X>463</X>
      <Y>298</Y>
      <Punkt>
        <X>704195.84</X>
        <Y>562004.98</Y>
      </Punkt>
      <Rzedna>20.96</Rzedna>
    </Pikieta>
    <Pikieta rysuj="true" numer="59.11" kodTerenu="K01">
      <X>463</X>
      <Y>313</Y>
      <Punkt>
        <X>704198.63</X>
        <Y>562007.43</Y>
      </Punkt>
      <Rzedna>21.05</Rzedna>
    </Pikieta>
    <Pikieta rysuj="true" numer="59.12" kodTerenu="K01">
      <X>463</X>
      <Y>328</Y>
      <Punkt>
        <X>704201.66</X>
        <Y>562010.59</Y>
      </Punkt>
      <Rzedna>20.97</Rzedna>
    </Pikieta>
    <Pikieta rysuj="true" numer="59.13" kodTerenu="K01">
      <X>463</X>
      <Y>343</Y>
      <Punkt>
        <X>704204.71</X>
        <Y>562013.62</Y>
      </Punkt>
      <Rzedna>21.05</Rzedna>
    </Pikieta>
    <Pikieta rysuj="true" numer="59.14" kodTerenu="K01">
      <X>463</X>
      <Y>358</Y>
      <Punkt>
        <X>704206.77</X>
        <Y>562015.75</Y>
      </Punkt>
      <Rzedna>21.03</Rzedna>
    </Pikieta>
    <Pikieta rysuj="true" numer="59.15" kodTerenu="K01">
      <X>463</X>
      <Y>373</Y>
      <Punkt>
        <X>704207.52</X>
        <Y>562016.56</Y>
      </Punkt>
      <Rzedna>21.56</Rzedna>
    </Pikieta>
    <Pikieta rysuj="true" numer="59.16" kodTerenu="K02">
      <X>463</X>
      <Y>388</Y>
      <Punkt>
        <X>704208.2</X>
        <Y>562017.32</Y>
      </Punkt>
      <Rzedna>22.08</Rzedna>
    </Pikieta>
    <Pikieta rysuj="true" numer="59.17" kodTerenu="T05">
      <X>463</X>
      <Y>403</Y>
      <Punkt>
        <X>704209.33</X>
        <Y>562018.15</Y>
      </Punkt>
      <Rzedna>23.41</Rzedna>
    </Pikieta>
    <Pikieta rysuj="true" numer="59.18" kodTerenu="T05">
      <X>463</X>
      <Y>418</Y>
      <Punkt>
        <X>704210.17</X>
        <Y>562018.82</Y>
      </Punkt>
      <Rzedna>23.73</Rzedna>
    </Pikieta>
    <Pikieta rysuj="true" numer="59.19" kodTerenu="T05">
      <X>463</X>
      <Y>433</Y>
      <Punkt>
        <X>704213.01</X>
        <Y>562021.92</Y>
      </Punkt>
      <Rzedna>25.38</Rzedna>
    </Pikieta>
    <Pikieta rysuj="true" numer="59.20" kodTerenu="T05">
      <X>463</X>
      <Y>448</Y>
      <Punkt>
        <X>704213.24</X>
        <Y>562024.38</Y>
      </Punkt>
      <Rzedna>25.84</Rzedna>
    </Pikieta>
    <Pikieta rysuj="true" numer="59.21" kodTerenu="T05">
      <X>463</X>
      <Y>463</Y>
      <Punkt>
        <X>704213.3</X>
        <Y>562027.16</Y>
      </Punkt>
      <Rzedna>27.83</Rzedna>
    </Pikieta>
  </Pikiety>
  <Fotografie>
    <Fotografia rysuj="true" numer="59a" rotacja="90">
      <X>492</X>
      <Y>489</Y>
    </Fotografia>
  </Fotografie>
  <Skarpy>
    <Skarpa rysuj="true" startPikieta="4" endPikieta="5" brzeg="true" />
    <Skarpa rysuj="true" startPikieta="16" endPikieta="17" brzeg="true" />
    <Skarpa rysuj="true" startPikieta="2" endPikieta="3" brzeg="false" />
    <Skarpa rysuj="true" startPikieta="18" endPikieta="19" brzeg="false" />
    <Skarpa rysuj="true" startPikieta="20" endPikieta="21" brzeg="false" />
  </Skarpy>
  <Drogi />
  <Zabudowy />
  <Teksty />
</SzkicPrzekroju>