<?xml version="1.0" encoding="utf-8"?>
<SzkicPrzekroju xmlns:xsi="http://www.w3.org/2001/XMLSchema-instance" xmlns:xsd="http://www.w3.org/2001/XMLSchema" nazwaCieku="Pasłęka" numerObiektu="60" numerPrzekroju="60" dataPomiaru="2012-05-14">
  <Koryto rysuj="true" startPikieta="5" endPikieta="13" />
  <Pikiety>
    <Pikieta rysuj="true" numer="60.01" kodTerenu="">
      <X>463</X>
      <Y>163</Y>
      <Punkt>
        <X>703832.49</X>
        <Y>561959.48</Y>
      </Punkt>
      <Rzedna>28.09</Rzedna>
    </Pikieta>
    <Pikieta rysuj="true" numer="60.02" kodTerenu="T05">
      <X>463</X>
      <Y>180</Y>
      <Punkt>
        <X>703833.13</X>
        <Y>561964.03</Y>
      </Punkt>
      <Rzedna>27.54</Rzedna>
    </Pikieta>
    <Pikieta rysuj="true" numer="60.03" kodTerenu="T05">
      <X>463</X>
      <Y>197</Y>
      <Punkt>
        <X>703835.05</X>
        <Y>561971.34</Y>
      </Punkt>
      <Rzedna>24.2</Rzedna>
    </Pikieta>
    <Pikieta rysuj="true" numer="60.04" kodTerenu="T01">
      <X>463</X>
      <Y>214</Y>
      <Punkt>
        <X>703838.95</X>
        <Y>561981.98</Y>
      </Punkt>
      <Rzedna>23.55</Rzedna>
    </Pikieta>
    <Pikieta rysuj="true" numer="60.05" kodTerenu="T01">
      <X>463</X>
      <Y>231</Y>
      <Punkt>
        <X>703839.41</X>
        <Y>561982.97</Y>
      </Punkt>
      <Rzedna>22.55</Rzedna>
    </Pikieta>
    <Pikieta rysuj="true" numer="60.06" kodTerenu="K01">
      <X>463</X>
      <Y>248</Y>
      <Punkt>
        <X>703839.6</X>
        <Y>561983.45</Y>
      </Punkt>
      <Rzedna>21.6</Rzedna>
    </Pikieta>
    <Pikieta rysuj="true" numer="60.07" kodTerenu="K01">
      <X>463</X>
      <Y>265</Y>
      <Punkt>
        <X>703840.25</X>
        <Y>561985.07</Y>
      </Punkt>
      <Rzedna>21.31</Rzedna>
    </Pikieta>
    <Pikieta rysuj="true" numer="60.08" kodTerenu="K05">
      <X>463</X>
      <Y>282</Y>
      <Punkt>
        <X>703842.11</X>
        <Y>561989.51</Y>
      </Punkt>
      <Rzedna>20.81</Rzedna>
    </Pikieta>
    <Pikieta rysuj="true" numer="60.09" kodTerenu="K05">
      <X>463</X>
      <Y>299</Y>
      <Punkt>
        <X>703843.72</X>
        <Y>561993.35</Y>
      </Punkt>
      <Rzedna>20.91</Rzedna>
    </Pikieta>
    <Pikieta rysuj="true" numer="60.10" kodTerenu="K04">
      <X>463</X>
      <Y>316</Y>
      <Punkt>
        <X>703844.63</X>
        <Y>561996.83</Y>
      </Punkt>
      <Rzedna>21.09</Rzedna>
    </Pikieta>
    <Pikieta rysuj="true" numer="60.11" kodTerenu="K04">
      <X>463</X>
      <Y>333</Y>
      <Punkt>
        <X>703845.2</X>
        <Y>562000.68</Y>
      </Punkt>
      <Rzedna>21.33</Rzedna>
    </Pikieta>
    <Pikieta rysuj="true" numer="60.12" kodTerenu="K01">
      <X>463</X>
      <Y>350</Y>
      <Punkt>
        <X>703845.46</X>
        <Y>562002.56</Y>
      </Punkt>
      <Rzedna>21.45</Rzedna>
    </Pikieta>
    <Pikieta rysuj="true" numer="60.13" kodTerenu="K01">
      <X>463</X>
      <Y>367</Y>
      <Punkt>
        <X>703845.69</X>
        <Y>562004.52</Y>
      </Punkt>
      <Rzedna>22.55</Rzedna>
    </Pikieta>
    <Pikieta rysuj="true" numer="60.14" kodTerenu="T01">
      <X>463</X>
      <Y>384</Y>
      <Punkt>
        <X>703846.12</X>
        <Y>562005.08</Y>
      </Punkt>
      <Rzedna>23.12</Rzedna>
    </Pikieta>
    <Pikieta rysuj="true" numer="60.15" kodTerenu="T01">
      <X>463</X>
      <Y>401</Y>
      <Punkt>
        <X>703848.11</X>
        <Y>562007.86</Y>
      </Punkt>
      <Rzedna>23.11</Rzedna>
    </Pikieta>
    <Pikieta rysuj="true" numer="60.16" kodTerenu="T01">
      <X>463</X>
      <Y>418</Y>
      <Punkt>
        <X>703850.9</X>
        <Y>562015.05</Y>
      </Punkt>
      <Rzedna>23.41</Rzedna>
    </Pikieta>
    <Pikieta rysuj="true" numer="60.17" kodTerenu="T01">
      <X>463</X>
      <Y>435</Y>
      <Punkt>
        <X>703852.45</X>
        <Y>562019.83</Y>
      </Punkt>
      <Rzedna>23.75</Rzedna>
    </Pikieta>
    <Pikieta rysuj="true" numer="60.18" kodTerenu="T01">
      <X>463</X>
      <Y>452</Y>
      <Punkt>
        <X>703853.08</X>
        <Y>562023.17</Y>
      </Punkt>
      <Rzedna>25.29</Rzedna>
    </Pikieta>
  </Pikiety>
  <Fotografie>
    <Fotografia rysuj="true" numer="60a" rotacja="120">
      <X>584</X>
      <Y>413</Y>
    </Fotografia>
    <Fotografia rysuj="true" numer="60b" rotacja="260">
      <X>539</X>
      <Y>130</Y>
    </Fotografia>
  </Fotografie>
  <Skarpy>
    <Skarpa rysuj="true" startPikieta="4" endPikieta="5" brzeg="true" />
    <Skarpa rysuj="true" startPikieta="13" endPikieta="14" brzeg="true" />
    <Skarpa rysuj="true" startPikieta="2" endPikieta="3" brzeg="false" />
    <Skarpa rysuj="true" startPikieta="17" endPikieta="18" brzeg="false" />
  </Skarpy>
  <Drogi />
  <Zabudowy />
  <Teksty />
</SzkicPrzekroju>