<?xml version="1.0" encoding="utf-8"?>
<SzkicPrzekroju xmlns:xsi="http://www.w3.org/2001/XMLSchema-instance" xmlns:xsd="http://www.w3.org/2001/XMLSchema" nazwaCieku="Pasłęka" numerObiektu="61" numerPrzekroju="61" dataPomiaru="2012-05-14">
  <Koryto rysuj="true" startPikieta="4" endPikieta="11" />
  <Pikiety>
    <Pikieta rysuj="true" numer="61.01" kodTerenu="">
      <X>463</X>
      <Y>163</Y>
      <Punkt>
        <X>703795.03</X>
        <Y>561993.19</Y>
      </Punkt>
      <Rzedna>23.24</Rzedna>
    </Pikieta>
    <Pikieta rysuj="true" numer="61.02" kodTerenu="T01">
      <X>463</X>
      <Y>184</Y>
      <Punkt>
        <X>703798</X>
        <Y>561999.99</Y>
      </Punkt>
      <Rzedna>23.44</Rzedna>
    </Pikieta>
    <Pikieta rysuj="true" numer="61.03" kodTerenu="T01">
      <X>463</X>
      <Y>205</Y>
      <Punkt>
        <X>703800.67</X>
        <Y>562004.71</Y>
      </Punkt>
      <Rzedna>23.33</Rzedna>
    </Pikieta>
    <Pikieta rysuj="true" numer="61.04" kodTerenu="T01">
      <X>463</X>
      <Y>226</Y>
      <Punkt>
        <X>703801.79</X>
        <Y>562006.06</Y>
      </Punkt>
      <Rzedna>22.61</Rzedna>
    </Pikieta>
    <Pikieta rysuj="true" numer="61.05" kodTerenu="K02">
      <X>463</X>
      <Y>247</Y>
      <Punkt>
        <X>703802.87</X>
        <Y>562008.42</Y>
      </Punkt>
      <Rzedna>21.55</Rzedna>
    </Pikieta>
    <Pikieta rysuj="true" numer="61.06" kodTerenu="K04">
      <X>463</X>
      <Y>268</Y>
      <Punkt>
        <X>703804.05</X>
        <Y>562010.15</Y>
      </Punkt>
      <Rzedna>20.85</Rzedna>
    </Pikieta>
    <Pikieta rysuj="true" numer="61.07" kodTerenu="K04">
      <X>463</X>
      <Y>289</Y>
      <Punkt>
        <X>703805.84</X>
        <Y>562012.65</Y>
      </Punkt>
      <Rzedna>20.79</Rzedna>
    </Pikieta>
    <Pikieta rysuj="true" numer="61.08" kodTerenu="K04">
      <X>463</X>
      <Y>310</Y>
      <Punkt>
        <X>703807.9</X>
        <Y>562016.29</Y>
      </Punkt>
      <Rzedna>20.64</Rzedna>
    </Pikieta>
    <Pikieta rysuj="true" numer="61.09" kodTerenu="K04">
      <X>463</X>
      <Y>331</Y>
      <Punkt>
        <X>703808.71</X>
        <Y>562019.17</Y>
      </Punkt>
      <Rzedna>20.6</Rzedna>
    </Pikieta>
    <Pikieta rysuj="true" numer="61.10" kodTerenu="K02">
      <X>463</X>
      <Y>352</Y>
      <Punkt>
        <X>703809.68</X>
        <Y>562021.26</Y>
      </Punkt>
      <Rzedna>20.97</Rzedna>
    </Pikieta>
    <Pikieta rysuj="true" numer="61.11" kodTerenu="K02">
      <X>463</X>
      <Y>373</Y>
      <Punkt>
        <X>703809.94</X>
        <Y>562022.28</Y>
      </Punkt>
      <Rzedna>22.55</Rzedna>
    </Pikieta>
    <Pikieta rysuj="true" numer="61.12" kodTerenu="T01">
      <X>463</X>
      <Y>394</Y>
      <Punkt>
        <X>703810.86</X>
        <Y>562025.05</Y>
      </Punkt>
      <Rzedna>24.06</Rzedna>
    </Pikieta>
    <Pikieta rysuj="true" numer="61.13" kodTerenu="T01">
      <X>463</X>
      <Y>415</Y>
      <Punkt>
        <X>703815.42</X>
        <Y>562031.25</Y>
      </Punkt>
      <Rzedna>23.95</Rzedna>
    </Pikieta>
    <Pikieta rysuj="true" numer="61.14" kodTerenu="T01">
      <X>463</X>
      <Y>436</Y>
      <Punkt>
        <X>703822.04</X>
        <Y>562040.87</Y>
      </Punkt>
      <Rzedna>23.98</Rzedna>
    </Pikieta>
    <Pikieta rysuj="true" numer="61.15" kodTerenu="T01">
      <X>463</X>
      <Y>457</Y>
      <Punkt>
        <X>703833.13</X>
        <Y>562055.44</Y>
      </Punkt>
      <Rzedna>25.2</Rzedna>
    </Pikieta>
  </Pikiety>
  <Fotografie>
    <Fotografia rysuj="true" numer="61a" rotacja="90">
      <X>473</X>
      <Y>416</Y>
    </Fotografia>
    <Fotografia rysuj="true" numer="61b" rotacja="80">
      <X>455</X>
      <Y>524</Y>
    </Fotografia>
  </Fotografie>
  <Skarpy>
    <Skarpa rysuj="true" startPikieta="3" endPikieta="4" brzeg="true" />
    <Skarpa rysuj="true" startPikieta="11" endPikieta="12" brzeg="true" />
  </Skarpy>
  <Drogi />
  <Zabudowy />
  <Teksty />
</SzkicPrzekroju>