<?xml version="1.0" encoding="utf-8"?>
<SzkicPrzekroju xmlns:xsi="http://www.w3.org/2001/XMLSchema-instance" xmlns:xsd="http://www.w3.org/2001/XMLSchema" nazwaCieku="Pasłęka" numerObiektu="62" numerPrzekroju="62" dataPomiaru="2012-05-11">
  <Koryto rysuj="true" startPikieta="4" endPikieta="12" />
  <Pikiety>
    <Pikieta rysuj="true" numer="62.01" kodTerenu="">
      <X>463</X>
      <Y>163</Y>
      <Punkt>
        <X>703411.41</X>
        <Y>562224.86</Y>
      </Punkt>
      <Rzedna>24.19</Rzedna>
    </Pikieta>
    <Pikieta rysuj="true" numer="62.02" kodTerenu="T03">
      <X>463</X>
      <Y>184</Y>
      <Punkt>
        <X>703413.28</X>
        <Y>562229.49</Y>
      </Punkt>
      <Rzedna>24.06</Rzedna>
    </Pikieta>
    <Pikieta rysuj="true" numer="62.03" kodTerenu="T01">
      <X>463</X>
      <Y>205</Y>
      <Punkt>
        <X>703414.77</X>
        <Y>562233.27</Y>
      </Punkt>
      <Rzedna>23.97</Rzedna>
    </Pikieta>
    <Pikieta rysuj="true" numer="62.04" kodTerenu="T01">
      <X>463</X>
      <Y>226</Y>
      <Punkt>
        <X>703415.8</X>
        <Y>562235.95</Y>
      </Punkt>
      <Rzedna>22.61</Rzedna>
    </Pikieta>
    <Pikieta rysuj="true" numer="62.05" kodTerenu="K01">
      <X>463</X>
      <Y>247</Y>
      <Punkt>
        <X>703415.92</X>
        <Y>562237.38</Y>
      </Punkt>
      <Rzedna>21.59</Rzedna>
    </Pikieta>
    <Pikieta rysuj="true" numer="62.06" kodTerenu="K01">
      <X>463</X>
      <Y>268</Y>
      <Punkt>
        <X>703417</X>
        <Y>562239.65</Y>
      </Punkt>
      <Rzedna>21.01</Rzedna>
    </Pikieta>
    <Pikieta rysuj="true" numer="62.07" kodTerenu="K02">
      <X>463</X>
      <Y>289</Y>
      <Punkt>
        <X>703418.21</X>
        <Y>562242.12</Y>
      </Punkt>
      <Rzedna>20.87</Rzedna>
    </Pikieta>
    <Pikieta rysuj="true" numer="62.08" kodTerenu="K02">
      <X>463</X>
      <Y>310</Y>
      <Punkt>
        <X>703419.35</X>
        <Y>562244.66</Y>
      </Punkt>
      <Rzedna>20.7</Rzedna>
    </Pikieta>
    <Pikieta rysuj="true" numer="62.09" kodTerenu="K02">
      <X>463</X>
      <Y>331</Y>
      <Punkt>
        <X>703420.68</X>
        <Y>562247.97</Y>
      </Punkt>
      <Rzedna>20.58</Rzedna>
    </Pikieta>
    <Pikieta rysuj="true" numer="62.10" kodTerenu="K01">
      <X>463</X>
      <Y>352</Y>
      <Punkt>
        <X>703421.54</X>
        <Y>562251.35</Y>
      </Punkt>
      <Rzedna>20.53</Rzedna>
    </Pikieta>
    <Pikieta rysuj="true" numer="62.11" kodTerenu="K01">
      <X>463</X>
      <Y>373</Y>
      <Punkt>
        <X>703422.05</X>
        <Y>562253.01</Y>
      </Punkt>
      <Rzedna>21.18</Rzedna>
    </Pikieta>
    <Pikieta rysuj="true" numer="62.12" kodTerenu="K01">
      <X>463</X>
      <Y>394</Y>
      <Punkt>
        <X>703422.72</X>
        <Y>562253.28</Y>
      </Punkt>
      <Rzedna>22.61</Rzedna>
    </Pikieta>
    <Pikieta rysuj="true" numer="62.13" kodTerenu="T01">
      <X>463</X>
      <Y>415</Y>
      <Punkt>
        <X>703422.62</X>
        <Y>562254.93</Y>
      </Punkt>
      <Rzedna>23.76</Rzedna>
    </Pikieta>
    <Pikieta rysuj="true" numer="62.14" kodTerenu="T01">
      <X>463</X>
      <Y>436</Y>
      <Punkt>
        <X>703424.04</X>
        <Y>562258.43</Y>
      </Punkt>
      <Rzedna>24.22</Rzedna>
    </Pikieta>
    <Pikieta rysuj="true" numer="62.15" kodTerenu="T01">
      <X>463</X>
      <Y>457</Y>
      <Punkt>
        <X>703426.13</X>
        <Y>562266.75</Y>
      </Punkt>
      <Rzedna>24.56</Rzedna>
    </Pikieta>
  </Pikiety>
  <Fotografie>
    <Fotografia rysuj="true" numer="62b" rotacja="90">
      <X>473</X>
      <Y>493</Y>
    </Fotografia>
    <Fotografia rysuj="true" numer="62a" rotacja="265">
      <X>507</X>
      <Y>96</Y>
    </Fotografia>
  </Fotografie>
  <Skarpy>
    <Skarpa rysuj="true" startPikieta="3" endPikieta="4" brzeg="true" />
    <Skarpa rysuj="true" startPikieta="12" endPikieta="13" brzeg="true" />
  </Skarpy>
  <Drogi />
  <Zabudowy />
  <Teksty />
</SzkicPrzekroju>