<?xml version="1.0" encoding="utf-8"?>
<SzkicPrzekroju xmlns:xsi="http://www.w3.org/2001/XMLSchema-instance" xmlns:xsd="http://www.w3.org/2001/XMLSchema" nazwaCieku="Pasłęka" numerObiektu="63" numerPrzekroju="63" dataPomiaru="2012-05-11">
  <Koryto rysuj="true" startPikieta="5" endPikieta="12" />
  <Pikiety>
    <Pikieta rysuj="true" numer="63.01" kodTerenu="">
      <X>463</X>
      <Y>163</Y>
      <Punkt>
        <X>702780.34</X>
        <Y>562139.67</Y>
      </Punkt>
      <Rzedna>23.64</Rzedna>
    </Pikieta>
    <Pikieta rysuj="true" numer="63.02" kodTerenu="T01">
      <X>463</X>
      <Y>183</Y>
      <Punkt>
        <X>702777.91</X>
        <Y>562143.72</Y>
      </Punkt>
      <Rzedna>24.06</Rzedna>
    </Pikieta>
    <Pikieta rysuj="true" numer="63.03" kodTerenu="T01">
      <X>463</X>
      <Y>203</Y>
      <Punkt>
        <X>702776.1</X>
        <Y>562147.17</Y>
      </Punkt>
      <Rzedna>24.67</Rzedna>
    </Pikieta>
    <Pikieta rysuj="true" numer="63.04" kodTerenu="T01">
      <X>463</X>
      <Y>223</Y>
      <Punkt>
        <X>702774.74</X>
        <Y>562149.68</Y>
      </Punkt>
      <Rzedna>24.55</Rzedna>
    </Pikieta>
    <Pikieta rysuj="true" numer="63.05" kodTerenu="T01">
      <X>463</X>
      <Y>243</Y>
      <Punkt>
        <X>702772.95</X>
        <Y>562154.37</Y>
      </Punkt>
      <Rzedna>22.79</Rzedna>
    </Pikieta>
    <Pikieta rysuj="true" numer="63.06" kodTerenu="K01">
      <X>463</X>
      <Y>263</Y>
      <Punkt>
        <X>702773.36</X>
        <Y>562155.76</Y>
      </Punkt>
      <Rzedna>20.91</Rzedna>
    </Pikieta>
    <Pikieta rysuj="true" numer="63.07" kodTerenu="K03">
      <X>463</X>
      <Y>283</Y>
      <Punkt>
        <X>702772.5</X>
        <Y>562158.25</Y>
      </Punkt>
      <Rzedna>19.77</Rzedna>
    </Pikieta>
    <Pikieta rysuj="true" numer="63.08" kodTerenu="K03">
      <X>463</X>
      <Y>303</Y>
      <Punkt>
        <X>702771.77</X>
        <Y>562160.83</Y>
      </Punkt>
      <Rzedna>19.81</Rzedna>
    </Pikieta>
    <Pikieta rysuj="true" numer="63.09" kodTerenu="K02">
      <X>463</X>
      <Y>323</Y>
      <Punkt>
        <X>702770.89</X>
        <Y>562163.43</Y>
      </Punkt>
      <Rzedna>19.87</Rzedna>
    </Pikieta>
    <Pikieta rysuj="true" numer="63.10" kodTerenu="K03">
      <X>463</X>
      <Y>343</Y>
      <Punkt>
        <X>702769.59</X>
        <Y>562165.55</Y>
      </Punkt>
      <Rzedna>21.34</Rzedna>
    </Pikieta>
    <Pikieta rysuj="true" numer="63.11" kodTerenu="K01">
      <X>463</X>
      <Y>363</Y>
      <Punkt>
        <X>702768.12</X>
        <Y>562166.91</Y>
      </Punkt>
      <Rzedna>22.11</Rzedna>
    </Pikieta>
    <Pikieta rysuj="true" numer="63.12" kodTerenu="K01">
      <X>463</X>
      <Y>383</Y>
      <Punkt>
        <X>702768.04</X>
        <Y>562167.31</Y>
      </Punkt>
      <Rzedna>22.79</Rzedna>
    </Pikieta>
    <Pikieta rysuj="true" numer="63.13" kodTerenu="T01">
      <X>463</X>
      <Y>403</Y>
      <Punkt>
        <X>702767.71</X>
        <Y>562168.69</Y>
      </Punkt>
      <Rzedna>23.6</Rzedna>
    </Pikieta>
    <Pikieta rysuj="true" numer="63.14" kodTerenu="T01">
      <X>463</X>
      <Y>423</Y>
      <Punkt>
        <X>702766.02</X>
        <Y>562173.49</Y>
      </Punkt>
      <Rzedna>23.71</Rzedna>
    </Pikieta>
    <Pikieta rysuj="true" numer="63.15" kodTerenu="T01">
      <X>463</X>
      <Y>443</Y>
      <Punkt>
        <X>702764.68</X>
        <Y>562178.57</Y>
      </Punkt>
      <Rzedna>24.54</Rzedna>
    </Pikieta>
    <Pikieta rysuj="true" numer="63.16" kodTerenu="T01">
      <X>463</X>
      <Y>463</Y>
      <Punkt>
        <X>702763.41</X>
        <Y>562184.46</Y>
      </Punkt>
      <Rzedna>24.52</Rzedna>
    </Pikieta>
  </Pikiety>
  <Fotografie>
    <Fotografia rysuj="true" numer="63b" rotacja="90">
      <X>484</X>
      <Y>505</Y>
    </Fotografia>
    <Fotografia rysuj="true" numer="63a" rotacja="295">
      <X>409</X>
      <Y>78</Y>
    </Fotografia>
  </Fotografie>
  <Skarpy>
    <Skarpa rysuj="true" startPikieta="4" endPikieta="5" brzeg="true" />
    <Skarpa rysuj="true" startPikieta="12" endPikieta="13" brzeg="true" />
    <Skarpa rysuj="true" startPikieta="14" endPikieta="15" brzeg="false" />
    <Skarpa rysuj="true" startPikieta="2" endPikieta="3" brzeg="false" />
  </Skarpy>
  <Drogi />
  <Zabudowy />
  <Teksty />
</SzkicPrzekroju>