<?xml version="1.0" encoding="utf-8"?>
<SzkicPrzekroju xmlns:xsi="http://www.w3.org/2001/XMLSchema-instance" xmlns:xsd="http://www.w3.org/2001/XMLSchema" nazwaCieku="Pasłęka" numerObiektu="64" numerPrzekroju="64" dataPomiaru="2012-05-11">
  <Koryto rysuj="true" startPikieta="3" endPikieta="11" />
  <Pikiety>
    <Pikieta rysuj="true" numer="64.01" kodTerenu="">
      <X>463</X>
      <Y>163</Y>
      <Punkt>
        <X>702430.89</X>
        <Y>562255.11</Y>
      </Punkt>
      <Rzedna>25.02</Rzedna>
    </Pikieta>
    <Pikieta rysuj="true" numer="64.02" kodTerenu="T01">
      <X>463</X>
      <Y>188</Y>
      <Punkt>
        <X>702422.39</X>
        <Y>562254.88</Y>
      </Punkt>
      <Rzedna>24.84</Rzedna>
    </Pikieta>
    <Pikieta rysuj="true" numer="64.03" kodTerenu="T01">
      <X>463</X>
      <Y>213</Y>
      <Punkt>
        <X>702418.22</X>
        <Y>562254.8</Y>
      </Punkt>
      <Rzedna>22.96</Rzedna>
    </Pikieta>
    <Pikieta rysuj="true" numer="64.04" kodTerenu="K02">
      <X>463</X>
      <Y>238</Y>
      <Punkt>
        <X>702417.59</X>
        <Y>562254.26</Y>
      </Punkt>
      <Rzedna>22.44</Rzedna>
    </Pikieta>
    <Pikieta rysuj="true" numer="64.05" kodTerenu="K03">
      <X>463</X>
      <Y>263</Y>
      <Punkt>
        <X>702415.68</X>
        <Y>562254.04</Y>
      </Punkt>
      <Rzedna>19.71</Rzedna>
    </Pikieta>
    <Pikieta rysuj="true" numer="64.06" kodTerenu="K03">
      <X>463</X>
      <Y>288</Y>
      <Punkt>
        <X>702413.97</X>
        <Y>562254</Y>
      </Punkt>
      <Rzedna>19.78</Rzedna>
    </Pikieta>
    <Pikieta rysuj="true" numer="64.07" kodTerenu="K03">
      <X>463</X>
      <Y>313</Y>
      <Punkt>
        <X>702412.3</X>
        <Y>562253.88</Y>
      </Punkt>
      <Rzedna>19.96</Rzedna>
    </Pikieta>
    <Pikieta rysuj="true" numer="64.08" kodTerenu="K03">
      <X>463</X>
      <Y>338</Y>
      <Punkt>
        <X>702410.15</X>
        <Y>562253.29</Y>
      </Punkt>
      <Rzedna>20.5</Rzedna>
    </Pikieta>
    <Pikieta rysuj="true" numer="64.09" kodTerenu="K02">
      <X>463</X>
      <Y>363</Y>
      <Punkt>
        <X>702407.77</X>
        <Y>562252.82</Y>
      </Punkt>
      <Rzedna>21.3</Rzedna>
    </Pikieta>
    <Pikieta rysuj="true" numer="64.10" kodTerenu="K02">
      <X>463</X>
      <Y>388</Y>
      <Punkt>
        <X>702405.48</X>
        <Y>562252.29</Y>
      </Punkt>
      <Rzedna>22.32</Rzedna>
    </Pikieta>
    <Pikieta rysuj="true" numer="64.11" kodTerenu="K02">
      <X>463</X>
      <Y>413</Y>
      <Punkt>
        <X>702404.38</X>
        <Y>562252.09</Y>
      </Punkt>
      <Rzedna>22.96</Rzedna>
    </Pikieta>
    <Pikieta rysuj="true" numer="64.12" kodTerenu="T01">
      <X>463</X>
      <Y>438</Y>
      <Punkt>
        <X>702400.76</X>
        <Y>562252.23</Y>
      </Punkt>
      <Rzedna>24.87</Rzedna>
    </Pikieta>
    <Pikieta rysuj="true" numer="64.13" kodTerenu="T01">
      <X>463</X>
      <Y>463</Y>
      <Punkt>
        <X>702393.11</X>
        <Y>562253.06</Y>
      </Punkt>
      <Rzedna>24.8</Rzedna>
    </Pikieta>
  </Pikiety>
  <Fotografie>
    <Fotografia rysuj="true" numer="64b" rotacja="70">
      <X>441</X>
      <Y>515</Y>
    </Fotografia>
    <Fotografia rysuj="true" numer="64a" rotacja="300">
      <X>416</X>
      <Y>95</Y>
    </Fotografia>
  </Fotografie>
  <Skarpy>
    <Skarpa rysuj="true" startPikieta="2" endPikieta="3" brzeg="true" />
    <Skarpa rysuj="true" startPikieta="11" endPikieta="12" brzeg="true" />
  </Skarpy>
  <Drogi />
  <Zabudowy />
  <Teksty />
</SzkicPrzekroju>