<?xml version="1.0" encoding="utf-8"?>
<SzkicPrzekroju xmlns:xsi="http://www.w3.org/2001/XMLSchema-instance" xmlns:xsd="http://www.w3.org/2001/XMLSchema" nazwaCieku="Pasłęka" numerObiektu="65" numerPrzekroju="65" dataPomiaru="2012-05-11">
  <Koryto rysuj="true" startPikieta="4" endPikieta="10" />
  <Pikiety>
    <Pikieta rysuj="true" numer="65.01" kodTerenu="">
      <X>463</X>
      <Y>163</Y>
      <Punkt>
        <X>701847.18</X>
        <Y>562297.54</Y>
      </Punkt>
      <Rzedna>24.79</Rzedna>
    </Pikieta>
    <Pikieta rysuj="true" numer="65.02" kodTerenu="T01">
      <X>463</X>
      <Y>186</Y>
      <Punkt>
        <X>701853.38</X>
        <Y>562303.66</Y>
      </Punkt>
      <Rzedna>24.5</Rzedna>
    </Pikieta>
    <Pikieta rysuj="true" numer="65.03" kodTerenu="T01">
      <X>463</X>
      <Y>209</Y>
      <Punkt>
        <X>701855.92</X>
        <Y>562307.11</Y>
      </Punkt>
      <Rzedna>24.92</Rzedna>
    </Pikieta>
    <Pikieta rysuj="true" numer="65.04" kodTerenu="T01">
      <X>463</X>
      <Y>232</Y>
      <Punkt>
        <X>701857.95</X>
        <Y>562308.98</Y>
      </Punkt>
      <Rzedna>23.12</Rzedna>
    </Pikieta>
    <Pikieta rysuj="true" numer="65.05" kodTerenu="K01">
      <X>463</X>
      <Y>255</Y>
      <Punkt>
        <X>701858.68</X>
        <Y>562309.27</Y>
      </Punkt>
      <Rzedna>22.03</Rzedna>
    </Pikieta>
    <Pikieta rysuj="true" numer="65.06" kodTerenu="K01">
      <X>463</X>
      <Y>278</Y>
      <Punkt>
        <X>701861.6</X>
        <Y>562312.04</Y>
      </Punkt>
      <Rzedna>21.36</Rzedna>
    </Pikieta>
    <Pikieta rysuj="true" numer="65.07" kodTerenu="K01">
      <X>463</X>
      <Y>301</Y>
      <Punkt>
        <X>701864.01</X>
        <Y>562314.1</Y>
      </Punkt>
      <Rzedna>21.21</Rzedna>
    </Pikieta>
    <Pikieta rysuj="true" numer="65.08" kodTerenu="K04">
      <X>463</X>
      <Y>324</Y>
      <Punkt>
        <X>701866.65</X>
        <Y>562316.6</Y>
      </Punkt>
      <Rzedna>20.43</Rzedna>
    </Pikieta>
    <Pikieta rysuj="true" numer="65.09" kodTerenu="K02">
      <X>463</X>
      <Y>347</Y>
      <Punkt>
        <X>701867.74</X>
        <Y>562317.96</Y>
      </Punkt>
      <Rzedna>21.07</Rzedna>
    </Pikieta>
    <Pikieta rysuj="true" numer="65.10" kodTerenu="K02">
      <X>463</X>
      <Y>370</Y>
      <Punkt>
        <X>701868.46</X>
        <Y>562318.5</Y>
      </Punkt>
      <Rzedna>23.12</Rzedna>
    </Pikieta>
    <Pikieta rysuj="true" numer="65.11" kodTerenu="T01">
      <X>463</X>
      <Y>393</Y>
      <Punkt>
        <X>701869.63</X>
        <Y>562319.99</Y>
      </Punkt>
      <Rzedna>24.45</Rzedna>
    </Pikieta>
    <Pikieta rysuj="true" numer="65.12" kodTerenu="T01">
      <X>463</X>
      <Y>416</Y>
      <Punkt>
        <X>701872.99</X>
        <Y>562322.59</Y>
      </Punkt>
      <Rzedna>24.52</Rzedna>
    </Pikieta>
    <Pikieta rysuj="true" numer="65.13" kodTerenu="T01">
      <X>463</X>
      <Y>439</Y>
      <Punkt>
        <X>701874.57</X>
        <Y>562324.14</Y>
      </Punkt>
      <Rzedna>25.33</Rzedna>
    </Pikieta>
    <Pikieta rysuj="true" numer="65.14" kodTerenu="T03">
      <X>463</X>
      <Y>462</Y>
      <Punkt>
        <X>701881.01</X>
        <Y>562330.13</Y>
      </Punkt>
      <Rzedna>25.15</Rzedna>
    </Pikieta>
  </Pikiety>
  <Fotografie>
    <Fotografia rysuj="true" numer="65a" rotacja="90">
      <X>507</X>
      <Y>516</Y>
    </Fotografia>
    <Fotografia rysuj="true" numer="65b" rotacja="270">
      <X>484</X>
      <Y>89</Y>
    </Fotografia>
  </Fotografie>
  <Skarpy>
    <Skarpa rysuj="true" startPikieta="3" endPikieta="4" brzeg="true" />
    <Skarpa rysuj="true" startPikieta="10" endPikieta="11" brzeg="true" />
    <Skarpa rysuj="true" startPikieta="12" endPikieta="13" brzeg="false" />
  </Skarpy>
  <Drogi />
  <Zabudowy />
  <Teksty />
</SzkicPrzekroju>