<?xml version="1.0" encoding="utf-8"?>
<SzkicPrzekroju xmlns:xsi="http://www.w3.org/2001/XMLSchema-instance" xmlns:xsd="http://www.w3.org/2001/XMLSchema" nazwaCieku="Pasłęka" numerObiektu="66" numerPrzekroju="66" dataPomiaru="2012-05-11">
  <Koryto rysuj="true" startPikieta="4" endPikieta="11" />
  <Pikiety>
    <Pikieta rysuj="true" numer="66.01" kodTerenu="">
      <X>463</X>
      <Y>163</Y>
      <Punkt>
        <X>701682.77</X>
        <Y>562399.37</Y>
      </Punkt>
      <Rzedna>24.64</Rzedna>
    </Pikieta>
    <Pikieta rysuj="true" numer="66.02" kodTerenu="T01">
      <X>463</X>
      <Y>186</Y>
      <Punkt>
        <X>701684.75</X>
        <Y>562391.32</Y>
      </Punkt>
      <Rzedna>24.76</Rzedna>
    </Pikieta>
    <Pikieta rysuj="true" numer="66.03" kodTerenu="T01">
      <X>463</X>
      <Y>209</Y>
      <Punkt>
        <X>701686.33</X>
        <Y>562385.41</Y>
      </Punkt>
      <Rzedna>24.43</Rzedna>
    </Pikieta>
    <Pikieta rysuj="true" numer="66.04" kodTerenu="T01">
      <X>463</X>
      <Y>232</Y>
      <Punkt>
        <X>701686.55</X>
        <Y>562383.83</Y>
      </Punkt>
      <Rzedna>23.16</Rzedna>
    </Pikieta>
    <Pikieta rysuj="true" numer="66.05" kodTerenu="K01">
      <X>463</X>
      <Y>255</Y>
      <Punkt>
        <X>701687.13</X>
        <Y>562379.65</Y>
      </Punkt>
      <Rzedna>21.38</Rzedna>
    </Pikieta>
    <Pikieta rysuj="true" numer="66.06" kodTerenu="K01">
      <X>463</X>
      <Y>278</Y>
      <Punkt>
        <X>701687.26</X>
        <Y>562377.21</Y>
      </Punkt>
      <Rzedna>21.66</Rzedna>
    </Pikieta>
    <Pikieta rysuj="true" numer="66.07" kodTerenu="K01">
      <X>463</X>
      <Y>301</Y>
      <Punkt>
        <X>701687.96</X>
        <Y>562374.6</Y>
      </Punkt>
      <Rzedna>21.56</Rzedna>
    </Pikieta>
    <Pikieta rysuj="true" numer="66.08" kodTerenu="K01">
      <X>463</X>
      <Y>324</Y>
      <Punkt>
        <X>701689.52</X>
        <Y>562371.93</Y>
      </Punkt>
      <Rzedna>21.49</Rzedna>
    </Pikieta>
    <Pikieta rysuj="true" numer="66.09" kodTerenu="K01">
      <X>463</X>
      <Y>347</Y>
      <Punkt>
        <X>701690.56</X>
        <Y>562370.37</Y>
      </Punkt>
      <Rzedna>22.28</Rzedna>
    </Pikieta>
    <Pikieta rysuj="true" numer="66.10" kodTerenu="K01">
      <X>463</X>
      <Y>370</Y>
      <Punkt>
        <X>701690.8</X>
        <Y>562368.52</Y>
      </Punkt>
      <Rzedna>21.87</Rzedna>
    </Pikieta>
    <Pikieta rysuj="true" numer="66.11" kodTerenu="K01">
      <X>463</X>
      <Y>393</Y>
      <Punkt>
        <X>701691.33</X>
        <Y>562367.67</Y>
      </Punkt>
      <Rzedna>23.16</Rzedna>
    </Pikieta>
    <Pikieta rysuj="true" numer="66.12" kodTerenu="T01">
      <X>463</X>
      <Y>416</Y>
      <Punkt>
        <X>701691.37</X>
        <Y>562366.65</Y>
      </Punkt>
      <Rzedna>24.14</Rzedna>
    </Pikieta>
    <Pikieta rysuj="true" numer="66.13" kodTerenu="T01">
      <X>463</X>
      <Y>439</Y>
      <Punkt>
        <X>701691.93</X>
        <Y>562363.49</Y>
      </Punkt>
      <Rzedna>24.39</Rzedna>
    </Pikieta>
    <Pikieta rysuj="true" numer="66.14" kodTerenu="T01">
      <X>463</X>
      <Y>462</Y>
      <Punkt>
        <X>701693.55</X>
        <Y>562352.84</Y>
      </Punkt>
      <Rzedna>24.62</Rzedna>
    </Pikieta>
  </Pikiety>
  <Fotografie>
    <Fotografia rysuj="true" numer="66b" rotacja="110">
      <X>543</X>
      <Y>498</Y>
    </Fotografia>
    <Fotografia rysuj="true" numer="66a" rotacja="265">
      <X>512</X>
      <Y>94</Y>
    </Fotografia>
  </Fotografie>
  <Skarpy>
    <Skarpa rysuj="true" startPikieta="3" endPikieta="4" brzeg="true" />
    <Skarpa rysuj="true" startPikieta="11" endPikieta="12" brzeg="true" />
  </Skarpy>
  <Drogi />
  <Zabudowy />
  <Teksty />
</SzkicPrzekroju>