<?xml version="1.0" encoding="utf-8"?>
<SzkicPrzekroju xmlns:xsi="http://www.w3.org/2001/XMLSchema-instance" xmlns:xsd="http://www.w3.org/2001/XMLSchema" nazwaCieku="Pasłęka" numerObiektu="67" numerPrzekroju="67" dataPomiaru="2012-05-11">
  <Koryto rysuj="true" startPikieta="6" endPikieta="12" />
  <Pikiety>
    <Pikieta rysuj="true" numer="67.01" kodTerenu="">
      <X>463</X>
      <Y>163</Y>
      <Punkt>
        <X>701273.37</X>
        <Y>562405.56</Y>
      </Punkt>
      <Rzedna>24.92</Rzedna>
    </Pikieta>
    <Pikieta rysuj="true" numer="67.02" kodTerenu="T01">
      <X>463</X>
      <Y>184</Y>
      <Punkt>
        <X>701276.51</X>
        <Y>562415.4</Y>
      </Punkt>
      <Rzedna>24.67</Rzedna>
    </Pikieta>
    <Pikieta rysuj="true" numer="67.03" kodTerenu="T01">
      <X>463</X>
      <Y>205</Y>
      <Punkt>
        <X>701277.29</X>
        <Y>562417.32</Y>
      </Punkt>
      <Rzedna>24.37</Rzedna>
    </Pikieta>
    <Pikieta rysuj="true" numer="67.04" kodTerenu="T01">
      <X>463</X>
      <Y>226</Y>
      <Punkt>
        <X>701277.65</X>
        <Y>562418.65</Y>
      </Punkt>
      <Rzedna>23.75</Rzedna>
    </Pikieta>
    <Pikieta rysuj="true" numer="67.05" kodTerenu="T01">
      <X>463</X>
      <Y>247</Y>
      <Punkt>
        <X>701278.16</X>
        <Y>562419.8</Y>
      </Punkt>
      <Rzedna>23.69</Rzedna>
    </Pikieta>
    <Pikieta rysuj="true" numer="67.06" kodTerenu="T01">
      <X>463</X>
      <Y>268</Y>
      <Punkt>
        <X>701278.27</X>
        <Y>562420.16</Y>
      </Punkt>
      <Rzedna>23.43</Rzedna>
    </Pikieta>
    <Pikieta rysuj="true" numer="67.07" kodTerenu="K02">
      <X>463</X>
      <Y>289</Y>
      <Punkt>
        <X>701278.3</X>
        <Y>562420.58</Y>
      </Punkt>
      <Rzedna>22.11</Rzedna>
    </Pikieta>
    <Pikieta rysuj="true" numer="67.08" kodTerenu="K02">
      <X>463</X>
      <Y>310</Y>
      <Punkt>
        <X>701279.25</X>
        <Y>562422.59</Y>
      </Punkt>
      <Rzedna>22.07</Rzedna>
    </Pikieta>
    <Pikieta rysuj="true" numer="67.09" kodTerenu="K02">
      <X>463</X>
      <Y>331</Y>
      <Punkt>
        <X>701280.38</X>
        <Y>562425.1</Y>
      </Punkt>
      <Rzedna>21.68</Rzedna>
    </Pikieta>
    <Pikieta rysuj="true" numer="67.10" kodTerenu="K02">
      <X>463</X>
      <Y>352</Y>
      <Punkt>
        <X>701281.19</X>
        <Y>562427.17</Y>
      </Punkt>
      <Rzedna>21.47</Rzedna>
    </Pikieta>
    <Pikieta rysuj="true" numer="67.11" kodTerenu="K02">
      <X>463</X>
      <Y>373</Y>
      <Punkt>
        <X>701281.85</X>
        <Y>562429.72</Y>
      </Punkt>
      <Rzedna>21.45</Rzedna>
    </Pikieta>
    <Pikieta rysuj="true" numer="67.12" kodTerenu="K02">
      <X>463</X>
      <Y>394</Y>
      <Punkt>
        <X>701282.68</X>
        <Y>562430.69</Y>
      </Punkt>
      <Rzedna>23.43</Rzedna>
    </Pikieta>
    <Pikieta rysuj="true" numer="67.13" kodTerenu="T01">
      <X>463</X>
      <Y>415</Y>
      <Punkt>
        <X>701283.17</X>
        <Y>562432.35</Y>
      </Punkt>
      <Rzedna>24.13</Rzedna>
    </Pikieta>
    <Pikieta rysuj="true" numer="67.14" kodTerenu="T01">
      <X>463</X>
      <Y>436</Y>
      <Punkt>
        <X>701285.27</X>
        <Y>562437.61</Y>
      </Punkt>
      <Rzedna>24.92</Rzedna>
    </Pikieta>
    <Pikieta rysuj="true" numer="67.15" kodTerenu="T04">
      <X>463</X>
      <Y>457</Y>
      <Punkt>
        <X>701285.48</X>
        <Y>562449.09</Y>
      </Punkt>
      <Rzedna>28.59</Rzedna>
    </Pikieta>
  </Pikiety>
  <Fotografie>
    <Fotografia rysuj="true" numer="67b" rotacja="100">
      <X>509</X>
      <Y>493</Y>
    </Fotografia>
    <Fotografia rysuj="true" numer="67a" rotacja="240">
      <X>582</X>
      <Y>107</Y>
    </Fotografia>
  </Fotografie>
  <Skarpy>
    <Skarpa rysuj="true" startPikieta="5" endPikieta="6" brzeg="true" />
    <Skarpa rysuj="true" startPikieta="12" endPikieta="13" brzeg="true" />
    <Skarpa rysuj="true" startPikieta="3" endPikieta="4" brzeg="false" />
    <Skarpa rysuj="true" startPikieta="14" endPikieta="15" brzeg="false" />
  </Skarpy>
  <Drogi />
  <Zabudowy />
  <Teksty />
</SzkicPrzekroju>