<?xml version="1.0" encoding="utf-8"?>
<SzkicPrzekroju xmlns:xsi="http://www.w3.org/2001/XMLSchema-instance" xmlns:xsd="http://www.w3.org/2001/XMLSchema" nazwaCieku="Pasłęka" numerObiektu="68" numerPrzekroju="68" dataPomiaru="2012-05-11">
  <Koryto rysuj="true" startPikieta="4" endPikieta="10" />
  <Pikiety>
    <Pikieta rysuj="true" numer="68.01" kodTerenu="">
      <X>463</X>
      <Y>163</Y>
      <Punkt>
        <X>700987.3</X>
        <Y>561864.13</Y>
      </Punkt>
      <Rzedna>25.28</Rzedna>
    </Pikieta>
    <Pikieta rysuj="true" numer="68.02" kodTerenu="T01">
      <X>463</X>
      <Y>186</Y>
      <Punkt>
        <X>700985.88</X>
        <Y>561872.07</Y>
      </Punkt>
      <Rzedna>25.22</Rzedna>
    </Pikieta>
    <Pikieta rysuj="true" numer="68.03" kodTerenu="T01">
      <X>463</X>
      <Y>209</Y>
      <Punkt>
        <X>700984.84</X>
        <Y>561877.3</Y>
      </Punkt>
      <Rzedna>25.22</Rzedna>
    </Pikieta>
    <Pikieta rysuj="true" numer="68.04" kodTerenu="T01">
      <X>463</X>
      <Y>232</Y>
      <Punkt>
        <X>700984.36</X>
        <Y>561879.58</Y>
      </Punkt>
      <Rzedna>23.86</Rzedna>
    </Pikieta>
    <Pikieta rysuj="true" numer="68.05" kodTerenu="K01">
      <X>463</X>
      <Y>255</Y>
      <Punkt>
        <X>700984.41</X>
        <Y>561879.84</Y>
      </Punkt>
      <Rzedna>23.09</Rzedna>
    </Pikieta>
    <Pikieta rysuj="true" numer="68.06" kodTerenu="K01">
      <X>463</X>
      <Y>278</Y>
      <Punkt>
        <X>700984.43</X>
        <Y>561882.41</Y>
      </Punkt>
      <Rzedna>21.39</Rzedna>
    </Pikieta>
    <Pikieta rysuj="true" numer="68.07" kodTerenu="K01">
      <X>463</X>
      <Y>301</Y>
      <Punkt>
        <X>700984.09</X>
        <Y>561884.91</Y>
      </Punkt>
      <Rzedna>21.47</Rzedna>
    </Pikieta>
    <Pikieta rysuj="true" numer="68.08" kodTerenu="K01">
      <X>463</X>
      <Y>324</Y>
      <Punkt>
        <X>700983.42</X>
        <Y>561887.17</Y>
      </Punkt>
      <Rzedna>21.72</Rzedna>
    </Pikieta>
    <Pikieta rysuj="true" numer="68.09" kodTerenu="K01">
      <X>463</X>
      <Y>347</Y>
      <Punkt>
        <X>700983</X>
        <Y>561888.99</Y>
      </Punkt>
      <Rzedna>22.82</Rzedna>
    </Pikieta>
    <Pikieta rysuj="true" numer="68.10" kodTerenu="K01">
      <X>463</X>
      <Y>370</Y>
      <Punkt>
        <X>700982.61</X>
        <Y>561889.8</Y>
      </Punkt>
      <Rzedna>23.86</Rzedna>
    </Pikieta>
    <Pikieta rysuj="true" numer="68.11" kodTerenu="T01">
      <X>463</X>
      <Y>393</Y>
      <Punkt>
        <X>700982.35</X>
        <Y>561892.37</Y>
      </Punkt>
      <Rzedna>24.43</Rzedna>
    </Pikieta>
    <Pikieta rysuj="true" numer="68.12" kodTerenu="T01">
      <X>463</X>
      <Y>416</Y>
      <Punkt>
        <X>700981.46</X>
        <Y>561900.53</Y>
      </Punkt>
      <Rzedna>24.49</Rzedna>
    </Pikieta>
    <Pikieta rysuj="true" numer="68.13" kodTerenu="T01">
      <X>463</X>
      <Y>439</Y>
      <Punkt>
        <X>700981.06</X>
        <Y>561907.29</Y>
      </Punkt>
      <Rzedna>25.13</Rzedna>
    </Pikieta>
    <Pikieta rysuj="true" numer="68.14" kodTerenu="">
      <X>463</X>
      <Y>462</Y>
      <Punkt>
        <X>700979.37</X>
        <Y>561913.35</Y>
      </Punkt>
      <Rzedna>25.43</Rzedna>
    </Pikieta>
  </Pikiety>
  <Fotografie>
    <Fotografia rysuj="true" numer="68b" rotacja="100">
      <X>539</X>
      <Y>494</Y>
    </Fotografia>
    <Fotografia rysuj="true" numer="68a" rotacja="290">
      <X>420</X>
      <Y>123</Y>
    </Fotografia>
  </Fotografie>
  <Skarpy>
    <Skarpa rysuj="true" startPikieta="3" endPikieta="4" brzeg="true" />
    <Skarpa rysuj="true" startPikieta="10" endPikieta="11" brzeg="true" />
  </Skarpy>
  <Drogi />
  <Zabudowy />
  <Teksty />
</SzkicPrzekroju>