<?xml version="1.0" encoding="utf-8"?>
<SzkicPrzekroju xmlns:xsi="http://www.w3.org/2001/XMLSchema-instance" xmlns:xsd="http://www.w3.org/2001/XMLSchema" nazwaCieku="Pasłęka" numerObiektu="69" numerPrzekroju="69" dataPomiaru="2012-05-10">
  <Koryto rysuj="true" startPikieta="3" endPikieta="9" />
  <Pikiety>
    <Pikieta rysuj="true" numer="69.01" kodTerenu="">
      <X>463</X>
      <Y>163</Y>
      <Punkt>
        <X>700511.68</X>
        <Y>562094.97</Y>
      </Punkt>
      <Rzedna>25.71</Rzedna>
    </Pikieta>
    <Pikieta rysuj="true" numer="69.02" kodTerenu="T01">
      <X>463</X>
      <Y>190</Y>
      <Punkt>
        <X>700506.53</X>
        <Y>562096.72</Y>
      </Punkt>
      <Rzedna>25.59</Rzedna>
    </Pikieta>
    <Pikieta rysuj="true" numer="69.03" kodTerenu="T01">
      <X>463</X>
      <Y>217</Y>
      <Punkt>
        <X>700504.72</X>
        <Y>562097.55</Y>
      </Punkt>
      <Rzedna>24.26</Rzedna>
    </Pikieta>
    <Pikieta rysuj="true" numer="69.04" kodTerenu="K01">
      <X>463</X>
      <Y>244</Y>
      <Punkt>
        <X>700504.1</X>
        <Y>562098.92</Y>
      </Punkt>
      <Rzedna>22.77</Rzedna>
    </Pikieta>
    <Pikieta rysuj="true" numer="69.05" kodTerenu="K01">
      <X>463</X>
      <Y>271</Y>
      <Punkt>
        <X>700500.19</X>
        <Y>562099.04</Y>
      </Punkt>
      <Rzedna>21.68</Rzedna>
    </Pikieta>
    <Pikieta rysuj="true" numer="69.06" kodTerenu="K01">
      <X>463</X>
      <Y>298</Y>
      <Punkt>
        <X>700498.92</X>
        <Y>562099.32</Y>
      </Punkt>
      <Rzedna>22.03</Rzedna>
    </Pikieta>
    <Pikieta rysuj="true" numer="69.07" kodTerenu="K01">
      <X>463</X>
      <Y>325</Y>
      <Punkt>
        <X>700496.19</X>
        <Y>562100.03</Y>
      </Punkt>
      <Rzedna>22.94</Rzedna>
    </Pikieta>
    <Pikieta rysuj="true" numer="69.08" kodTerenu="K01">
      <X>463</X>
      <Y>352</Y>
      <Punkt>
        <X>700494.23</X>
        <Y>562101.11</Y>
      </Punkt>
      <Rzedna>23.61</Rzedna>
    </Pikieta>
    <Pikieta rysuj="true" numer="69.09" kodTerenu="K01">
      <X>463</X>
      <Y>379</Y>
      <Punkt>
        <X>700494.08</X>
        <Y>562101.4</Y>
      </Punkt>
      <Rzedna>24.26</Rzedna>
    </Pikieta>
    <Pikieta rysuj="true" numer="69.10" kodTerenu="T01">
      <X>463</X>
      <Y>406</Y>
      <Punkt>
        <X>700492.33</X>
        <Y>562102.23</Y>
      </Punkt>
      <Rzedna>25.19</Rzedna>
    </Pikieta>
    <Pikieta rysuj="true" numer="69.11" kodTerenu="T01">
      <X>463</X>
      <Y>433</Y>
      <Punkt>
        <X>700489.15</X>
        <Y>562103.85</Y>
      </Punkt>
      <Rzedna>25.24</Rzedna>
    </Pikieta>
    <Pikieta rysuj="true" numer="69.12" kodTerenu="">
      <X>463</X>
      <Y>460</Y>
      <Punkt>
        <X>700492.32</X>
        <Y>562102.22</Y>
      </Punkt>
      <Rzedna>25.19</Rzedna>
    </Pikieta>
  </Pikiety>
  <Fotografie>
    <Fotografia rysuj="true" numer="69a" rotacja="90">
      <X>469</X>
      <Y>504</Y>
    </Fotografia>
    <Fotografia rysuj="true" numer="69b" rotacja="220">
      <X>618</X>
      <Y>133</Y>
    </Fotografia>
  </Fotografie>
  <Skarpy>
    <Skarpa rysuj="true" startPikieta="2" endPikieta="3" brzeg="true" />
    <Skarpa rysuj="true" startPikieta="9" endPikieta="10" brzeg="true" />
  </Skarpy>
  <Drogi />
  <Zabudowy />
  <Teksty />
</SzkicPrzekroju>