<?xml version="1.0" encoding="utf-8"?>
<SzkicPrzekroju xmlns:xsi="http://www.w3.org/2001/XMLSchema-instance" xmlns:xsd="http://www.w3.org/2001/XMLSchema" nazwaCieku="Pasłęka" numerObiektu="70" numerPrzekroju="70" dataPomiaru="2012-05-10">
  <Koryto rysuj="true" startPikieta="3" endPikieta="10" />
  <Pikiety>
    <Pikieta rysuj="true" numer="70.01" kodTerenu="">
      <X>463</X>
      <Y>163</Y>
      <Punkt>
        <X>700498.21</X>
        <Y>561869.22</Y>
      </Punkt>
      <Rzedna>26.01</Rzedna>
    </Pikieta>
    <Pikieta rysuj="true" numer="70.02" kodTerenu="T01">
      <X>463</X>
      <Y>190</Y>
      <Punkt>
        <X>700492.19</X>
        <Y>561866.98</Y>
      </Punkt>
      <Rzedna>25.33</Rzedna>
    </Pikieta>
    <Pikieta rysuj="true" numer="70.03" kodTerenu="T06">
      <X>463</X>
      <Y>217</Y>
      <Punkt>
        <X>700491.66</X>
        <Y>561866.69</Y>
      </Punkt>
      <Rzedna>24.36</Rzedna>
    </Pikieta>
    <Pikieta rysuj="true" numer="70.04" kodTerenu="K01">
      <X>463</X>
      <Y>244</Y>
      <Punkt>
        <X>700490.92</X>
        <Y>561866.85</Y>
      </Punkt>
      <Rzedna>23.13</Rzedna>
    </Pikieta>
    <Pikieta rysuj="true" numer="70.05" kodTerenu="K01">
      <X>463</X>
      <Y>271</Y>
      <Punkt>
        <X>700489.12</X>
        <Y>561866.34</Y>
      </Punkt>
      <Rzedna>21.67</Rzedna>
    </Pikieta>
    <Pikieta rysuj="true" numer="70.06" kodTerenu="K01">
      <X>463</X>
      <Y>298</Y>
      <Punkt>
        <X>700487.2</X>
        <Y>561865.44</Y>
      </Punkt>
      <Rzedna>21.59</Rzedna>
    </Pikieta>
    <Pikieta rysuj="true" numer="70.07" kodTerenu="K01">
      <X>463</X>
      <Y>325</Y>
      <Punkt>
        <X>700483.65</X>
        <Y>561865.77</Y>
      </Punkt>
      <Rzedna>22.17</Rzedna>
    </Pikieta>
    <Pikieta rysuj="true" numer="70.08" kodTerenu="K01">
      <X>463</X>
      <Y>352</Y>
      <Punkt>
        <X>700482.46</X>
        <Y>561865.38</Y>
      </Punkt>
      <Rzedna>22.58</Rzedna>
    </Pikieta>
    <Pikieta rysuj="true" numer="70.09" kodTerenu="K01">
      <X>463</X>
      <Y>379</Y>
      <Punkt>
        <X>700481.12</X>
        <Y>561865</Y>
      </Punkt>
      <Rzedna>23.62</Rzedna>
    </Pikieta>
    <Pikieta rysuj="true" numer="70.10" kodTerenu="K01">
      <X>463</X>
      <Y>406</Y>
      <Punkt>
        <X>700480.75</X>
        <Y>561864.92</Y>
      </Punkt>
      <Rzedna>24.36</Rzedna>
    </Pikieta>
    <Pikieta rysuj="true" numer="70.11" kodTerenu="T06">
      <X>463</X>
      <Y>433</Y>
      <Punkt>
        <X>700476.96</X>
        <Y>561863.61</Y>
      </Punkt>
      <Rzedna>25.79</Rzedna>
    </Pikieta>
    <Pikieta rysuj="true" numer="70.12" kodTerenu="T02">
      <X>463</X>
      <Y>460</Y>
      <Punkt>
        <X>700471.63</X>
        <Y>561862.78</Y>
      </Punkt>
      <Rzedna>25.79</Rzedna>
    </Pikieta>
  </Pikiety>
  <Fotografie>
    <Fotografia rysuj="true" numer="70a" rotacja="250">
      <X>558</X>
      <Y>93</Y>
    </Fotografia>
    <Fotografia rysuj="true" numer="70b" rotacja="110">
      <X>526</X>
      <Y>507</Y>
    </Fotografia>
  </Fotografie>
  <Skarpy>
    <Skarpa rysuj="true" startPikieta="2" endPikieta="3" brzeg="true" />
    <Skarpa rysuj="true" startPikieta="10" endPikieta="11" brzeg="true" />
  </Skarpy>
  <Drogi />
  <Zabudowy />
  <Teksty />
</SzkicPrzekroju>