<?xml version="1.0" encoding="utf-8"?>
<SzkicPrzekroju xmlns:xsi="http://www.w3.org/2001/XMLSchema-instance" xmlns:xsd="http://www.w3.org/2001/XMLSchema" nazwaCieku="Pasłęka" numerObiektu="71" numerPrzekroju="71" dataPomiaru="2012-05-10">
  <Koryto rysuj="true" startPikieta="3" endPikieta="10" />
  <Pikiety>
    <Pikieta rysuj="true" numer="71.01" kodTerenu="">
      <X>463</X>
      <Y>163</Y>
      <Punkt>
        <X>700003.06</X>
        <Y>562108.36</Y>
      </Punkt>
      <Rzedna>26.28</Rzedna>
    </Pikieta>
    <Pikieta rysuj="true" numer="71.02" kodTerenu="T01">
      <X>463</X>
      <Y>190</Y>
      <Punkt>
        <X>700008.09</X>
        <Y>562102.67</Y>
      </Punkt>
      <Rzedna>26.4</Rzedna>
    </Pikieta>
    <Pikieta rysuj="true" numer="71.03" kodTerenu="T01">
      <X>463</X>
      <Y>217</Y>
      <Punkt>
        <X>700008.67</X>
        <Y>562101.75</Y>
      </Punkt>
      <Rzedna>25.02</Rzedna>
    </Pikieta>
    <Pikieta rysuj="true" numer="71.04" kodTerenu="K01">
      <X>463</X>
      <Y>244</Y>
      <Punkt>
        <X>700009</X>
        <Y>562101.52</Y>
      </Punkt>
      <Rzedna>24.7</Rzedna>
    </Pikieta>
    <Pikieta rysuj="true" numer="71.05" kodTerenu="K01">
      <X>463</X>
      <Y>271</Y>
      <Punkt>
        <X>700010.17</X>
        <Y>562100.18</Y>
      </Punkt>
      <Rzedna>23.82</Rzedna>
    </Pikieta>
    <Pikieta rysuj="true" numer="71.06" kodTerenu="K01">
      <X>463</X>
      <Y>298</Y>
      <Punkt>
        <X>700011.51</X>
        <Y>562098.23</Y>
      </Punkt>
      <Rzedna>23.09</Rzedna>
    </Pikieta>
    <Pikieta rysuj="true" numer="71.07" kodTerenu="K01">
      <X>463</X>
      <Y>325</Y>
      <Punkt>
        <X>700012.39</X>
        <Y>562095.84</Y>
      </Punkt>
      <Rzedna>22.4</Rzedna>
    </Pikieta>
    <Pikieta rysuj="true" numer="71.08" kodTerenu="K01">
      <X>463</X>
      <Y>352</Y>
      <Punkt>
        <X>700013.85</X>
        <Y>562094.09</Y>
      </Punkt>
      <Rzedna>22.71</Rzedna>
    </Pikieta>
    <Pikieta rysuj="true" numer="71.09" kodTerenu="K01">
      <X>463</X>
      <Y>379</Y>
      <Punkt>
        <X>700014.93</X>
        <Y>562093.11</Y>
      </Punkt>
      <Rzedna>23.04</Rzedna>
    </Pikieta>
    <Pikieta rysuj="true" numer="71.10" kodTerenu="K01">
      <X>463</X>
      <Y>406</Y>
      <Punkt>
        <X>700014.64</X>
        <Y>562091.92</Y>
      </Punkt>
      <Rzedna>25.02</Rzedna>
    </Pikieta>
    <Pikieta rysuj="true" numer="71.11" kodTerenu="T01">
      <X>463</X>
      <Y>433</Y>
      <Punkt>
        <X>700015.71</X>
        <Y>562090.04</Y>
      </Punkt>
      <Rzedna>26.4</Rzedna>
    </Pikieta>
    <Pikieta rysuj="true" numer="71.12" kodTerenu="T01">
      <X>463</X>
      <Y>460</Y>
      <Punkt>
        <X>700017.48</X>
        <Y>562085.11</Y>
      </Punkt>
      <Rzedna>26.68</Rzedna>
    </Pikieta>
  </Pikiety>
  <Fotografie>
    <Fotografia rysuj="true" numer="71a" rotacja="280">
      <X>473</X>
      <Y>105</Y>
    </Fotografia>
    <Fotografia rysuj="true" numer="71b" rotacja="330">
      <X>264</X>
      <Y>143</Y>
    </Fotografia>
  </Fotografie>
  <Skarpy>
    <Skarpa rysuj="true" startPikieta="2" endPikieta="3" brzeg="true" />
    <Skarpa rysuj="true" startPikieta="10" endPikieta="11" brzeg="true" />
  </Skarpy>
  <Drogi />
  <Zabudowy />
  <Teksty />
</SzkicPrzekroju>