<?xml version="1.0" encoding="utf-8"?>
<SzkicPrzekroju xmlns:xsi="http://www.w3.org/2001/XMLSchema-instance" xmlns:xsd="http://www.w3.org/2001/XMLSchema" nazwaCieku="Pasłęka" numerObiektu="72" numerPrzekroju="72" dataPomiaru="2012-05-10">
  <Koryto rysuj="true" startPikieta="5" endPikieta="12" />
  <Pikiety>
    <Pikieta rysuj="true" numer="72.01" kodTerenu="">
      <X>463</X>
      <Y>163</Y>
      <Punkt>
        <X>699428.93</X>
        <Y>562056.58</Y>
      </Punkt>
      <Rzedna>26.92</Rzedna>
    </Pikieta>
    <Pikieta rysuj="true" numer="72.02" kodTerenu="T07">
      <X>463</X>
      <Y>186</Y>
      <Punkt>
        <X>699422.63</X>
        <Y>562055.38</Y>
      </Punkt>
      <Rzedna>26.66</Rzedna>
    </Pikieta>
    <Pikieta rysuj="true" numer="72.03" kodTerenu="T07">
      <X>463</X>
      <Y>209</Y>
      <Punkt>
        <X>699420.99</X>
        <Y>562055.7</Y>
      </Punkt>
      <Rzedna>26.04</Rzedna>
    </Pikieta>
    <Pikieta rysuj="true" numer="72.04" kodTerenu="T01">
      <X>463</X>
      <Y>232</Y>
      <Punkt>
        <X>699419.42</X>
        <Y>562055.9</Y>
      </Punkt>
      <Rzedna>25.96</Rzedna>
    </Pikieta>
    <Pikieta rysuj="true" numer="72.05" kodTerenu="T01">
      <X>463</X>
      <Y>255</Y>
      <Punkt>
        <X>699418.77</X>
        <Y>562055.58</Y>
      </Punkt>
      <Rzedna>25.45</Rzedna>
    </Pikieta>
    <Pikieta rysuj="true" numer="72.06" kodTerenu="K01">
      <X>463</X>
      <Y>278</Y>
      <Punkt>
        <X>699418.25</X>
        <Y>562055.6</Y>
      </Punkt>
      <Rzedna>24.69</Rzedna>
    </Pikieta>
    <Pikieta rysuj="true" numer="72.07" kodTerenu="K01">
      <X>463</X>
      <Y>301</Y>
      <Punkt>
        <X>699415.99</X>
        <Y>562055.68</Y>
      </Punkt>
      <Rzedna>22.98</Rzedna>
    </Pikieta>
    <Pikieta rysuj="true" numer="72.08" kodTerenu="K01">
      <X>463</X>
      <Y>324</Y>
      <Punkt>
        <X>699413.19</X>
        <Y>562055.31</Y>
      </Punkt>
      <Rzedna>22.2</Rzedna>
    </Pikieta>
    <Pikieta rysuj="true" numer="72.09" kodTerenu="K01">
      <X>463</X>
      <Y>347</Y>
      <Punkt>
        <X>699409.74</X>
        <Y>562052.91</Y>
      </Punkt>
      <Rzedna>22.34</Rzedna>
    </Pikieta>
    <Pikieta rysuj="true" numer="72.10" kodTerenu="K01">
      <X>463</X>
      <Y>370</Y>
      <Punkt>
        <X>699407.9</X>
        <Y>562051.59</Y>
      </Punkt>
      <Rzedna>22.73</Rzedna>
    </Pikieta>
    <Pikieta rysuj="true" numer="72.11" kodTerenu="K01">
      <X>463</X>
      <Y>393</Y>
      <Punkt>
        <X>699405.77</X>
        <Y>562050.22</Y>
      </Punkt>
      <Rzedna>24.23</Rzedna>
    </Pikieta>
    <Pikieta rysuj="true" numer="72.12" kodTerenu="K01">
      <X>463</X>
      <Y>416</Y>
      <Punkt>
        <X>699404.46</X>
        <Y>562049.81</Y>
      </Punkt>
      <Rzedna>25.45</Rzedna>
    </Pikieta>
    <Pikieta rysuj="true" numer="72.13" kodTerenu="T01">
      <X>463</X>
      <Y>439</Y>
      <Punkt>
        <X>699399.42</X>
        <Y>562049.83</Y>
      </Punkt>
      <Rzedna>27.04</Rzedna>
    </Pikieta>
    <Pikieta rysuj="true" numer="72.14" kodTerenu="T01">
      <X>463</X>
      <Y>462</Y>
      <Punkt>
        <X>699391.76</X>
        <Y>562049.85</Y>
      </Punkt>
      <Rzedna>27.13</Rzedna>
    </Pikieta>
  </Pikiety>
  <Fotografie>
    <Fotografia rysuj="true" numer="72b" rotacja="110">
      <X>560</X>
      <Y>450</Y>
    </Fotografia>
    <Fotografia rysuj="true" numer="72a" rotacja="295">
      <X>421</X>
      <Y>115</Y>
    </Fotografia>
  </Fotografie>
  <Skarpy>
    <Skarpa rysuj="true" startPikieta="4" endPikieta="5" brzeg="true" />
    <Skarpa rysuj="true" startPikieta="12" endPikieta="13" brzeg="true" />
    <Skarpa rysuj="true" startPikieta="2" endPikieta="3" brzeg="false" />
  </Skarpy>
  <Drogi />
  <Zabudowy />
  <Teksty />
</SzkicPrzekroju>