<?xml version="1.0" encoding="utf-8"?>
<SzkicPrzekroju xmlns:xsi="http://www.w3.org/2001/XMLSchema-instance" xmlns:xsd="http://www.w3.org/2001/XMLSchema" nazwaCieku="Pasłęka" numerObiektu="73" numerPrzekroju="73" dataPomiaru="2012-05-10">
  <Koryto rysuj="true" startPikieta="4" endPikieta="11" />
  <Pikiety>
    <Pikieta rysuj="true" numer="73.01" kodTerenu="">
      <X>463</X>
      <Y>163</Y>
      <Punkt>
        <X>698895.05</X>
        <Y>561643.03</Y>
      </Punkt>
      <Rzedna>26.73</Rzedna>
    </Pikieta>
    <Pikieta rysuj="true" numer="73.02" kodTerenu="T07">
      <X>463</X>
      <Y>188</Y>
      <Punkt>
        <X>698892.32</X>
        <Y>561644.64</Y>
      </Punkt>
      <Rzedna>27.15</Rzedna>
    </Pikieta>
    <Pikieta rysuj="true" numer="73.03" kodTerenu="T07">
      <X>463</X>
      <Y>213</Y>
      <Punkt>
        <X>698889.33</X>
        <Y>561647.26</Y>
      </Punkt>
      <Rzedna>27.02</Rzedna>
    </Pikieta>
    <Pikieta rysuj="true" numer="73.04" kodTerenu="T07">
      <X>463</X>
      <Y>238</Y>
      <Punkt>
        <X>698888.36</X>
        <Y>561648.46</Y>
      </Punkt>
      <Rzedna>25.71</Rzedna>
    </Pikieta>
    <Pikieta rysuj="true" numer="73.05" kodTerenu="K01">
      <X>463</X>
      <Y>263</Y>
      <Punkt>
        <X>698887.69</X>
        <Y>561648.55</Y>
      </Punkt>
      <Rzedna>23.38</Rzedna>
    </Pikieta>
    <Pikieta rysuj="true" numer="73.06" kodTerenu="K01">
      <X>463</X>
      <Y>288</Y>
      <Punkt>
        <X>698885.71</X>
        <Y>561649.19</Y>
      </Punkt>
      <Rzedna>23.09</Rzedna>
    </Pikieta>
    <Pikieta rysuj="true" numer="73.07" kodTerenu="K01">
      <X>463</X>
      <Y>313</Y>
      <Punkt>
        <X>698882.28</X>
        <Y>561651.04</Y>
      </Punkt>
      <Rzedna>23.6</Rzedna>
    </Pikieta>
    <Pikieta rysuj="true" numer="73.08" kodTerenu="K01">
      <X>463</X>
      <Y>338</Y>
      <Punkt>
        <X>698880.11</X>
        <Y>561651.56</Y>
      </Punkt>
      <Rzedna>23.72</Rzedna>
    </Pikieta>
    <Pikieta rysuj="true" numer="73.09" kodTerenu="K01">
      <X>463</X>
      <Y>363</Y>
      <Punkt>
        <X>698877.12</X>
        <Y>561652.84</Y>
      </Punkt>
      <Rzedna>24.08</Rzedna>
    </Pikieta>
    <Pikieta rysuj="true" numer="73.10" kodTerenu="K01">
      <X>463</X>
      <Y>388</Y>
      <Punkt>
        <X>698875.54</X>
        <Y>561653.86</Y>
      </Punkt>
      <Rzedna>24.87</Rzedna>
    </Pikieta>
    <Pikieta rysuj="true" numer="73.11" kodTerenu="K01">
      <X>463</X>
      <Y>413</Y>
      <Punkt>
        <X>698874.3</X>
        <Y>561654.32</Y>
      </Punkt>
      <Rzedna>25.71</Rzedna>
    </Pikieta>
    <Pikieta rysuj="true" numer="73.12" kodTerenu="T06">
      <X>463</X>
      <Y>438</Y>
      <Punkt>
        <X>698872.97</X>
        <Y>561654.96</Y>
      </Punkt>
      <Rzedna>26.45</Rzedna>
    </Pikieta>
    <Pikieta rysuj="true" numer="73.13" kodTerenu="T06">
      <X>463</X>
      <Y>463</Y>
      <Punkt>
        <X>698867.33</X>
        <Y>561658.97</Y>
      </Punkt>
      <Rzedna>26.81</Rzedna>
    </Pikieta>
  </Pikiety>
  <Fotografie>
    <Fotografia rysuj="true" numer="73b" rotacja="70">
      <X>426</X>
      <Y>519</Y>
    </Fotografia>
    <Fotografia rysuj="true" numer="73a" rotacja="295">
      <X>391</X>
      <Y>106</Y>
    </Fotografia>
  </Fotografie>
  <Skarpy>
    <Skarpa rysuj="true" startPikieta="3" endPikieta="4" brzeg="true" />
    <Skarpa rysuj="true" startPikieta="11" endPikieta="12" brzeg="true" />
  </Skarpy>
  <Drogi />
  <Zabudowy />
  <Teksty />
</SzkicPrzekroju>