<?xml version="1.0" encoding="utf-8"?>
<SzkicPrzekroju xmlns:xsi="http://www.w3.org/2001/XMLSchema-instance" xmlns:xsd="http://www.w3.org/2001/XMLSchema" nazwaCieku="Pasłęka" numerObiektu="74" numerPrzekroju="74" dataPomiaru="2012-05-10">
  <Koryto rysuj="true" startPikieta="5" endPikieta="12" />
  <Pikiety>
    <Pikieta rysuj="true" numer="74.01" kodTerenu="">
      <X>463</X>
      <Y>163</Y>
      <Punkt>
        <X>698472.36</X>
        <Y>562028.9</Y>
      </Punkt>
      <Rzedna>28.27</Rzedna>
    </Pikieta>
    <Pikieta rysuj="true" numer="74.02" kodTerenu="T01">
      <X>463</X>
      <Y>183</Y>
      <Punkt>
        <X>698469.13</X>
        <Y>562035.76</Y>
      </Punkt>
      <Rzedna>27.83</Rzedna>
    </Pikieta>
    <Pikieta rysuj="true" numer="74.03" kodTerenu="T01">
      <X>463</X>
      <Y>203</Y>
      <Punkt>
        <X>698467.87</X>
        <Y>562038.12</Y>
      </Punkt>
      <Rzedna>26.89</Rzedna>
    </Pikieta>
    <Pikieta rysuj="true" numer="74.04" kodTerenu="T07">
      <X>463</X>
      <Y>223</Y>
      <Punkt>
        <X>698466.89</X>
        <Y>562039.89</Y>
      </Punkt>
      <Rzedna>26.56</Rzedna>
    </Pikieta>
    <Pikieta rysuj="true" numer="74.05" kodTerenu="T07">
      <X>463</X>
      <Y>243</Y>
      <Punkt>
        <X>698466.79</X>
        <Y>562040.27</Y>
      </Punkt>
      <Rzedna>26.21</Rzedna>
    </Pikieta>
    <Pikieta rysuj="true" numer="74.06" kodTerenu="K01">
      <X>463</X>
      <Y>263</Y>
      <Punkt>
        <X>698466.4</X>
        <Y>562040.52</Y>
      </Punkt>
      <Rzedna>25.44</Rzedna>
    </Pikieta>
    <Pikieta rysuj="true" numer="74.07" kodTerenu="K01">
      <X>463</X>
      <Y>283</Y>
      <Punkt>
        <X>698465.71</X>
        <Y>562043.2</Y>
      </Punkt>
      <Rzedna>24.54</Rzedna>
    </Pikieta>
    <Pikieta rysuj="true" numer="74.08" kodTerenu="K01">
      <X>463</X>
      <Y>303</Y>
      <Punkt>
        <X>698464.69</X>
        <Y>562046.17</Y>
      </Punkt>
      <Rzedna>23.84</Rzedna>
    </Pikieta>
    <Pikieta rysuj="true" numer="74.09" kodTerenu="K01">
      <X>463</X>
      <Y>323</Y>
      <Punkt>
        <X>698463.22</X>
        <Y>562049.37</Y>
      </Punkt>
      <Rzedna>24.48</Rzedna>
    </Pikieta>
    <Pikieta rysuj="true" numer="74.10" kodTerenu="K01">
      <X>463</X>
      <Y>343</Y>
      <Punkt>
        <X>698461.91</X>
        <Y>562051.92</Y>
      </Punkt>
      <Rzedna>24.6</Rzedna>
    </Pikieta>
    <Pikieta rysuj="true" numer="74.11" kodTerenu="K01">
      <X>463</X>
      <Y>363</Y>
      <Punkt>
        <X>698461.28</X>
        <Y>562052.89</Y>
      </Punkt>
      <Rzedna>25.58</Rzedna>
    </Pikieta>
    <Pikieta rysuj="true" numer="74.12" kodTerenu="K01">
      <X>463</X>
      <Y>383</Y>
      <Punkt>
        <X>698461.17</X>
        <Y>562053.06</Y>
      </Punkt>
      <Rzedna>26.21</Rzedna>
    </Pikieta>
    <Pikieta rysuj="true" numer="74.13" kodTerenu="T02">
      <X>463</X>
      <Y>403</Y>
      <Punkt>
        <X>698460.55</X>
        <Y>562054.38</Y>
      </Punkt>
      <Rzedna>27.13</Rzedna>
    </Pikieta>
    <Pikieta rysuj="true" numer="74.14" kodTerenu="T02">
      <X>463</X>
      <Y>423</Y>
      <Punkt>
        <X>698459.07</X>
        <Y>562057.2</Y>
      </Punkt>
      <Rzedna>27.53</Rzedna>
    </Pikieta>
    <Pikieta rysuj="true" numer="74.15" kodTerenu="T02">
      <X>463</X>
      <Y>443</Y>
      <Punkt>
        <X>698456.45</X>
        <Y>562060.8</Y>
      </Punkt>
      <Rzedna>27.75</Rzedna>
    </Pikieta>
    <Pikieta rysuj="true" numer="74.16" kodTerenu="T07">
      <X>463</X>
      <Y>463</Y>
      <Punkt>
        <X>698453.21</X>
        <Y>562065.46</Y>
      </Punkt>
      <Rzedna>27.64</Rzedna>
    </Pikieta>
  </Pikiety>
  <Fotografie>
    <Fotografia rysuj="true" numer="74b" rotacja="115">
      <X>623</X>
      <Y>528</Y>
    </Fotografia>
    <Fotografia rysuj="true" numer="74a" rotacja="281">
      <X>399</X>
      <Y>65</Y>
    </Fotografia>
  </Fotografie>
  <Skarpy>
    <Skarpa rysuj="true" startPikieta="4" endPikieta="5" brzeg="true" />
    <Skarpa rysuj="true" startPikieta="12" endPikieta="13" brzeg="true" />
    <Skarpa rysuj="true" startPikieta="2" endPikieta="3" brzeg="false" />
  </Skarpy>
  <Drogi />
  <Zabudowy />
  <Teksty />
</SzkicPrzekroju>