<?xml version="1.0" encoding="utf-8"?>
<SzkicPrzekroju xmlns:xsi="http://www.w3.org/2001/XMLSchema-instance" xmlns:xsd="http://www.w3.org/2001/XMLSchema" nazwaCieku="Pasłęka" numerObiektu="75" numerPrzekroju="75" dataPomiaru="2012-04-04">
  <Koryto rysuj="true" startPikieta="5" endPikieta="11" />
  <Pikiety>
    <Pikieta rysuj="true" numer="75.01" kodTerenu="">
      <X>463</X>
      <Y>163</Y>
      <Punkt>
        <X>697927.21</X>
        <Y>562098.09</Y>
      </Punkt>
      <Rzedna>27.57</Rzedna>
    </Pikieta>
    <Pikieta rysuj="true" numer="75.02" kodTerenu="T07">
      <X>463</X>
      <Y>186</Y>
      <Punkt>
        <X>697927.81</X>
        <Y>562105.14</Y>
      </Punkt>
      <Rzedna>27.23</Rzedna>
    </Pikieta>
    <Pikieta rysuj="true" numer="75.03" kodTerenu="T07">
      <X>463</X>
      <Y>209</Y>
      <Punkt>
        <X>697927.83</X>
        <Y>562106.36</Y>
      </Punkt>
      <Rzedna>26.81</Rzedna>
    </Pikieta>
    <Pikieta rysuj="true" numer="75.04" kodTerenu="T07">
      <X>463</X>
      <Y>232</Y>
      <Punkt>
        <X>697927.75</X>
        <Y>562107.78</Y>
      </Punkt>
      <Rzedna>26.84</Rzedna>
    </Pikieta>
    <Pikieta rysuj="true" numer="75.05" kodTerenu="T07">
      <X>463</X>
      <Y>255</Y>
      <Punkt>
        <X>697927.8</X>
        <Y>562108.13</Y>
      </Punkt>
      <Rzedna>26.55</Rzedna>
    </Pikieta>
    <Pikieta rysuj="true" numer="75.06" kodTerenu="K01">
      <X>463</X>
      <Y>278</Y>
      <Punkt>
        <X>697927.77</X>
        <Y>562108.66</Y>
      </Punkt>
      <Rzedna>25.81</Rzedna>
    </Pikieta>
    <Pikieta rysuj="true" numer="75.07" kodTerenu="K01">
      <X>463</X>
      <Y>301</Y>
      <Punkt>
        <X>697928.91</X>
        <Y>562110.76</Y>
      </Punkt>
      <Rzedna>24.15</Rzedna>
    </Pikieta>
    <Pikieta rysuj="true" numer="75.08" kodTerenu="K05">
      <X>463</X>
      <Y>324</Y>
      <Punkt>
        <X>697929.68</X>
        <Y>562112.73</Y>
      </Punkt>
      <Rzedna>23.91</Rzedna>
    </Pikieta>
    <Pikieta rysuj="true" numer="75.09" kodTerenu="K05">
      <X>463</X>
      <Y>347</Y>
      <Punkt>
        <X>697929.78</X>
        <Y>562115.59</Y>
      </Punkt>
      <Rzedna>23.79</Rzedna>
    </Pikieta>
    <Pikieta rysuj="true" numer="75.10" kodTerenu="K05">
      <X>463</X>
      <Y>370</Y>
      <Punkt>
        <X>697929.97</X>
        <Y>562117.18</Y>
      </Punkt>
      <Rzedna>24.07</Rzedna>
    </Pikieta>
    <Pikieta rysuj="true" numer="75.11" kodTerenu="K05">
      <X>463</X>
      <Y>393</Y>
      <Punkt>
        <X>697931.53</X>
        <Y>562120.07</Y>
      </Punkt>
      <Rzedna>26.55</Rzedna>
    </Pikieta>
    <Pikieta rysuj="true" numer="75.12" kodTerenu="T05">
      <X>463</X>
      <Y>416</Y>
      <Punkt>
        <X>697933.13</X>
        <Y>562129.84</Y>
      </Punkt>
      <Rzedna>34.4</Rzedna>
    </Pikieta>
    <Pikieta rysuj="true" numer="75.13" kodTerenu="T07">
      <X>463</X>
      <Y>439</Y>
      <Punkt>
        <X>697935.53</X>
        <Y>562137.69</Y>
      </Punkt>
      <Rzedna>34.41</Rzedna>
    </Pikieta>
    <Pikieta rysuj="true" numer="75.14" kodTerenu="T07">
      <X>463</X>
      <Y>462</Y>
      <Punkt>
        <X>697937.78</X>
        <Y>562146.18</Y>
      </Punkt>
      <Rzedna>34.43</Rzedna>
    </Pikieta>
  </Pikiety>
  <Fotografie>
    <Fotografia rysuj="true" numer="75" rotacja="110">
      <X>580</X>
      <Y>505</Y>
    </Fotografia>
  </Fotografie>
  <Skarpy>
    <Skarpa rysuj="true" startPikieta="4" endPikieta="5" brzeg="true" />
    <Skarpa rysuj="true" startPikieta="11" endPikieta="12" brzeg="true" />
    <Skarpa rysuj="true" startPikieta="2" endPikieta="3" brzeg="false" />
  </Skarpy>
  <Drogi />
  <Zabudowy />
  <Teksty />
</SzkicPrzekroju>