<?xml version="1.0" encoding="utf-8"?>
<SzkicPrzekroju xmlns:xsi="http://www.w3.org/2001/XMLSchema-instance" xmlns:xsd="http://www.w3.org/2001/XMLSchema" nazwaCieku="Pasłęka" numerObiektu="76" numerPrzekroju="76" dataPomiaru="2012-04-04">
  <Koryto rysuj="true" startPikieta="4" endPikieta="11" />
  <Pikiety>
    <Pikieta rysuj="true" numer="76.01" kodTerenu="">
      <X>463</X>
      <Y>163</Y>
      <Punkt>
        <X>697557.11</X>
        <Y>562036.42</Y>
      </Punkt>
      <Rzedna>28.07</Rzedna>
    </Pikieta>
    <Pikieta rysuj="true" numer="76.02" kodTerenu="T07">
      <X>463</X>
      <Y>188</Y>
      <Punkt>
        <X>697563.18</X>
        <Y>562042.4</Y>
      </Punkt>
      <Rzedna>27.55</Rzedna>
    </Pikieta>
    <Pikieta rysuj="true" numer="76.03" kodTerenu="T07">
      <X>463</X>
      <Y>213</Y>
      <Punkt>
        <X>697563.9</X>
        <Y>562042.9</Y>
      </Punkt>
      <Rzedna>27</Rzedna>
    </Pikieta>
    <Pikieta rysuj="true" numer="76.04" kodTerenu="T07">
      <X>463</X>
      <Y>238</Y>
      <Punkt>
        <X>697565</X>
        <Y>562043.77</Y>
      </Punkt>
      <Rzedna>27.96</Rzedna>
    </Pikieta>
    <Pikieta rysuj="true" numer="76.05" kodTerenu="K01">
      <X>463</X>
      <Y>263</Y>
      <Punkt>
        <X>697567.7</X>
        <Y>562045.32</Y>
      </Punkt>
      <Rzedna>25.19</Rzedna>
    </Pikieta>
    <Pikieta rysuj="true" numer="76.06" kodTerenu="K02">
      <X>463</X>
      <Y>288</Y>
      <Punkt>
        <X>697569.78</X>
        <Y>562047.45</Y>
      </Punkt>
      <Rzedna>25.21</Rzedna>
    </Pikieta>
    <Pikieta rysuj="true" numer="76.07" kodTerenu="K02">
      <X>463</X>
      <Y>313</Y>
      <Punkt>
        <X>697571.22</X>
        <Y>562049.23</Y>
      </Punkt>
      <Rzedna>25.23</Rzedna>
    </Pikieta>
    <Pikieta rysuj="true" numer="76.08" kodTerenu="K02">
      <X>463</X>
      <Y>338</Y>
      <Punkt>
        <X>697572.19</X>
        <Y>562051.3</Y>
      </Punkt>
      <Rzedna>25.77</Rzedna>
    </Pikieta>
    <Pikieta rysuj="true" numer="76.09" kodTerenu="K02">
      <X>463</X>
      <Y>363</Y>
      <Punkt>
        <X>697571.42</X>
        <Y>562053.49</Y>
      </Punkt>
      <Rzedna>26.29</Rzedna>
    </Pikieta>
    <Pikieta rysuj="true" numer="76.10" kodTerenu="K02">
      <X>463</X>
      <Y>388</Y>
      <Punkt>
        <X>697572.61</X>
        <Y>562055.17</Y>
      </Punkt>
      <Rzedna>27.08</Rzedna>
    </Pikieta>
    <Pikieta rysuj="true" numer="76.11" kodTerenu="K02">
      <X>463</X>
      <Y>413</Y>
      <Punkt>
        <X>697573.71</X>
        <Y>562056.46</Y>
      </Punkt>
      <Rzedna>27.96</Rzedna>
    </Pikieta>
    <Pikieta rysuj="true" numer="76.12" kodTerenu="T04">
      <X>463</X>
      <Y>438</Y>
      <Punkt>
        <X>697578.31</X>
        <Y>562061.7</Y>
      </Punkt>
      <Rzedna>28.18</Rzedna>
    </Pikieta>
    <Pikieta rysuj="true" numer="76.13" kodTerenu="T04">
      <X>463</X>
      <Y>463</Y>
      <Punkt>
        <X>697584.08</X>
        <Y>562068.11</Y>
      </Punkt>
      <Rzedna>27.98</Rzedna>
    </Pikieta>
  </Pikiety>
  <Fotografie>
    <Fotografia rysuj="true" numer="76" rotacja="101">
      <X>526</X>
      <Y>514</Y>
    </Fotografia>
  </Fotografie>
  <Skarpy>
    <Skarpa rysuj="true" startPikieta="3" endPikieta="4" brzeg="true" />
    <Skarpa rysuj="true" startPikieta="11" endPikieta="12" brzeg="true" />
  </Skarpy>
  <Drogi />
  <Zabudowy />
  <Teksty />
</SzkicPrzekroju>