<?xml version="1.0" encoding="utf-8"?>
<SzkicPrzekroju xmlns:xsi="http://www.w3.org/2001/XMLSchema-instance" xmlns:xsd="http://www.w3.org/2001/XMLSchema" nazwaCieku="Pasłęka" numerObiektu="77" numerPrzekroju="77" dataPomiaru="2012-04-05">
  <Koryto rysuj="true" startPikieta="4" endPikieta="10" />
  <Pikiety>
    <Pikieta rysuj="true" numer="77.01" kodTerenu="">
      <X>463</X>
      <Y>163</Y>
      <Punkt>
        <X>697819.15</X>
        <Y>562837.4</Y>
      </Punkt>
      <Rzedna>28.61</Rzedna>
    </Pikieta>
    <Pikieta rysuj="true" numer="77.02" kodTerenu="T02">
      <X>463</X>
      <Y>188</Y>
      <Punkt>
        <X>697825.29</X>
        <Y>562838.69</Y>
      </Punkt>
      <Rzedna>28.8</Rzedna>
    </Pikieta>
    <Pikieta rysuj="true" numer="77.03" kodTerenu="T02">
      <X>463</X>
      <Y>213</Y>
      <Punkt>
        <X>697830.87</X>
        <Y>562839.48</Y>
      </Punkt>
      <Rzedna>28.21</Rzedna>
    </Pikieta>
    <Pikieta rysuj="true" numer="77.04" kodTerenu="T02">
      <X>463</X>
      <Y>238</Y>
      <Punkt>
        <X>697831.08</X>
        <Y>562839.5</Y>
      </Punkt>
      <Rzedna>27.99</Rzedna>
    </Pikieta>
    <Pikieta rysuj="true" numer="77.05" kodTerenu="K01">
      <X>463</X>
      <Y>263</Y>
      <Punkt>
        <X>697831.23</X>
        <Y>562839.62</Y>
      </Punkt>
      <Rzedna>27.31</Rzedna>
    </Pikieta>
    <Pikieta rysuj="true" numer="77.06" kodTerenu="K01">
      <X>463</X>
      <Y>288</Y>
      <Punkt>
        <X>697834.31</X>
        <Y>562839.62</Y>
      </Punkt>
      <Rzedna>25.27</Rzedna>
    </Pikieta>
    <Pikieta rysuj="true" numer="77.07" kodTerenu="K01">
      <X>463</X>
      <Y>313</Y>
      <Punkt>
        <X>697837.32</X>
        <Y>562840.09</Y>
      </Punkt>
      <Rzedna>25.33</Rzedna>
    </Pikieta>
    <Pikieta rysuj="true" numer="77.08" kodTerenu="K01">
      <X>463</X>
      <Y>338</Y>
      <Punkt>
        <X>697840.61</X>
        <Y>562840.7</Y>
      </Punkt>
      <Rzedna>25.45</Rzedna>
    </Pikieta>
    <Pikieta rysuj="true" numer="77.09" kodTerenu="K01">
      <X>463</X>
      <Y>363</Y>
      <Punkt>
        <X>697843.83</X>
        <Y>562841.44</Y>
      </Punkt>
      <Rzedna>25.78</Rzedna>
    </Pikieta>
    <Pikieta rysuj="true" numer="77.10" kodTerenu="K01">
      <X>463</X>
      <Y>388</Y>
      <Punkt>
        <X>697846.03</X>
        <Y>562842.45</Y>
      </Punkt>
      <Rzedna>27.99</Rzedna>
    </Pikieta>
    <Pikieta rysuj="true" numer="77.11" kodTerenu="T07">
      <X>463</X>
      <Y>413</Y>
      <Punkt>
        <X>697847.75</X>
        <Y>562842.21</Y>
      </Punkt>
      <Rzedna>28.46</Rzedna>
    </Pikieta>
    <Pikieta rysuj="true" numer="77.12" kodTerenu="T07">
      <X>463</X>
      <Y>438</Y>
      <Punkt>
        <X>697853.14</X>
        <Y>562843.26</Y>
      </Punkt>
      <Rzedna>28.39</Rzedna>
    </Pikieta>
    <Pikieta rysuj="true" numer="77.13" kodTerenu="T07">
      <X>463</X>
      <Y>463</Y>
      <Punkt>
        <X>697861.6</X>
        <Y>562842.22</Y>
      </Punkt>
      <Rzedna>28.35</Rzedna>
    </Pikieta>
  </Pikiety>
  <Fotografie>
    <Fotografia rysuj="true" numer="77" rotacja="90">
      <X>513</X>
      <Y>505</Y>
    </Fotografia>
  </Fotografie>
  <Skarpy>
    <Skarpa rysuj="true" startPikieta="3" endPikieta="4" brzeg="true" />
    <Skarpa rysuj="true" startPikieta="10" endPikieta="11" brzeg="true" />
  </Skarpy>
  <Drogi />
  <Zabudowy />
  <Teksty />
</SzkicPrzekroju>