<?xml version="1.0" encoding="utf-8"?>
<SzkicPrzekroju xmlns:xsi="http://www.w3.org/2001/XMLSchema-instance" xmlns:xsd="http://www.w3.org/2001/XMLSchema" nazwaCieku="Pasłęka" numerObiektu="78" numerPrzekroju="78" dataPomiaru="2012-04-05">
  <Koryto rysuj="true" startPikieta="4" endPikieta="11" />
  <Pikiety>
    <Pikieta rysuj="true" numer="78.01" kodTerenu="">
      <X>463</X>
      <Y>163</Y>
      <Punkt>
        <X>697683.31</X>
        <Y>563477.56</Y>
      </Punkt>
      <Rzedna>28.32</Rzedna>
    </Pikieta>
    <Pikieta rysuj="true" numer="78.02" kodTerenu="T07">
      <X>463</X>
      <Y>188</Y>
      <Punkt>
        <X>697685.54</X>
        <Y>563473.28</Y>
      </Punkt>
      <Rzedna>28.88</Rzedna>
    </Pikieta>
    <Pikieta rysuj="true" numer="78.03" kodTerenu="T07">
      <X>463</X>
      <Y>213</Y>
      <Punkt>
        <X>697686.58</X>
        <Y>563471.35</Y>
      </Punkt>
      <Rzedna>28.91</Rzedna>
    </Pikieta>
    <Pikieta rysuj="true" numer="78.04" kodTerenu="T07">
      <X>463</X>
      <Y>238</Y>
      <Punkt>
        <X>697686.88</X>
        <Y>563470.69</Y>
      </Punkt>
      <Rzedna>28.38</Rzedna>
    </Pikieta>
    <Pikieta rysuj="true" numer="78.05" kodTerenu="K01">
      <X>463</X>
      <Y>263</Y>
      <Punkt>
        <X>697689.51</X>
        <Y>563468.71</Y>
      </Punkt>
      <Rzedna>27.04</Rzedna>
    </Pikieta>
    <Pikieta rysuj="true" numer="78.06" kodTerenu="K02">
      <X>463</X>
      <Y>288</Y>
      <Punkt>
        <X>697690.54</X>
        <Y>563466.72</Y>
      </Punkt>
      <Rzedna>25.84</Rzedna>
    </Pikieta>
    <Pikieta rysuj="true" numer="78.07" kodTerenu="K02">
      <X>463</X>
      <Y>313</Y>
      <Punkt>
        <X>697691.16</X>
        <Y>563465.39</Y>
      </Punkt>
      <Rzedna>25.22</Rzedna>
    </Pikieta>
    <Pikieta rysuj="true" numer="78.08" kodTerenu="K02">
      <X>463</X>
      <Y>338</Y>
      <Punkt>
        <X>697693.11</X>
        <Y>563462.36</Y>
      </Punkt>
      <Rzedna>26.01</Rzedna>
    </Pikieta>
    <Pikieta rysuj="true" numer="78.09" kodTerenu="K01">
      <X>463</X>
      <Y>363</Y>
      <Punkt>
        <X>697694.52</X>
        <Y>563460.44</Y>
      </Punkt>
      <Rzedna>26.04</Rzedna>
    </Pikieta>
    <Pikieta rysuj="true" numer="78.10" kodTerenu="K01">
      <X>463</X>
      <Y>388</Y>
      <Punkt>
        <X>697694.93</X>
        <Y>563459.29</Y>
      </Punkt>
      <Rzedna>27.75</Rzedna>
    </Pikieta>
    <Pikieta rysuj="true" numer="78.11" kodTerenu="K01">
      <X>463</X>
      <Y>413</Y>
      <Punkt>
        <X>697695.34</X>
        <Y>563458.57</Y>
      </Punkt>
      <Rzedna>28.38</Rzedna>
    </Pikieta>
    <Pikieta rysuj="true" numer="78.12" kodTerenu="T07">
      <X>463</X>
      <Y>438</Y>
      <Punkt>
        <X>697695.87</X>
        <Y>563457.92</Y>
      </Punkt>
      <Rzedna>29.03</Rzedna>
    </Pikieta>
    <Pikieta rysuj="true" numer="78.13" kodTerenu="T07">
      <X>463</X>
      <Y>463</Y>
      <Punkt>
        <X>697698.58</X>
        <Y>563453.88</Y>
      </Punkt>
      <Rzedna>29.03</Rzedna>
    </Pikieta>
  </Pikiety>
  <Fotografie>
    <Fotografia rysuj="true" numer="78" rotacja="90">
      <X>461</X>
      <Y>506</Y>
    </Fotografia>
  </Fotografie>
  <Skarpy>
    <Skarpa rysuj="true" startPikieta="3" endPikieta="4" brzeg="true" />
    <Skarpa rysuj="true" startPikieta="11" endPikieta="12" brzeg="true" />
  </Skarpy>
  <Drogi />
  <Zabudowy />
  <Teksty />
</SzkicPrzekroju>