<?xml version="1.0" encoding="utf-8"?>
<SzkicPrzekroju xmlns:xsi="http://www.w3.org/2001/XMLSchema-instance" xmlns:xsd="http://www.w3.org/2001/XMLSchema" nazwaCieku="Pasłęka" numerObiektu="79" numerPrzekroju="79" dataPomiaru="2012-04-05">
  <Koryto rysuj="true" startPikieta="3" endPikieta="10" />
  <Pikiety>
    <Pikieta rysuj="true" numer="79.01" kodTerenu="">
      <X>463</X>
      <Y>163</Y>
      <Punkt>
        <X>697387.85</X>
        <Y>563704.54</Y>
      </Punkt>
      <Rzedna>28.49</Rzedna>
    </Pikieta>
    <Pikieta rysuj="true" numer="79.02" kodTerenu="T02">
      <X>463</X>
      <Y>188</Y>
      <Punkt>
        <X>697382.93</X>
        <Y>563707.7</Y>
      </Punkt>
      <Rzedna>29.31</Rzedna>
    </Pikieta>
    <Pikieta rysuj="true" numer="79.03" kodTerenu="T02">
      <X>463</X>
      <Y>213</Y>
      <Punkt>
        <X>697381.51</X>
        <Y>563708.4</Y>
      </Punkt>
      <Rzedna>28.64</Rzedna>
    </Pikieta>
    <Pikieta rysuj="true" numer="79.04" kodTerenu="K01">
      <X>463</X>
      <Y>238</Y>
      <Punkt>
        <X>697380.58</X>
        <Y>563708.62</Y>
      </Punkt>
      <Rzedna>28.08</Rzedna>
    </Pikieta>
    <Pikieta rysuj="true" numer="79.05" kodTerenu="K02">
      <X>463</X>
      <Y>263</Y>
      <Punkt>
        <X>697379.15</X>
        <Y>563710</Y>
      </Punkt>
      <Rzedna>26.24</Rzedna>
    </Pikieta>
    <Pikieta rysuj="true" numer="79.06" kodTerenu="K02">
      <X>463</X>
      <Y>288</Y>
      <Punkt>
        <X>697378.06</X>
        <Y>563710.9</Y>
      </Punkt>
      <Rzedna>25.74</Rzedna>
    </Pikieta>
    <Pikieta rysuj="true" numer="79.07" kodTerenu="K02">
      <X>463</X>
      <Y>313</Y>
      <Punkt>
        <X>697375.34</X>
        <Y>563712.6</Y>
      </Punkt>
      <Rzedna>25.77</Rzedna>
    </Pikieta>
    <Pikieta rysuj="true" numer="79.08" kodTerenu="K01">
      <X>463</X>
      <Y>338</Y>
      <Punkt>
        <X>697372.67</X>
        <Y>563714.12</Y>
      </Punkt>
      <Rzedna>26.65</Rzedna>
    </Pikieta>
    <Pikieta rysuj="true" numer="79.09" kodTerenu="K01">
      <X>463</X>
      <Y>363</Y>
      <Punkt>
        <X>697370.87</X>
        <Y>563715.12</Y>
      </Punkt>
      <Rzedna>28</Rzedna>
    </Pikieta>
    <Pikieta rysuj="true" numer="79.10" kodTerenu="K01">
      <X>463</X>
      <Y>388</Y>
      <Punkt>
        <X>697370.69</X>
        <Y>563715.12</Y>
      </Punkt>
      <Rzedna>28.64</Rzedna>
    </Pikieta>
    <Pikieta rysuj="true" numer="79.11" kodTerenu="T02">
      <X>463</X>
      <Y>413</Y>
      <Punkt>
        <X>697369.42</X>
        <Y>563715.76</Y>
      </Punkt>
      <Rzedna>29.16</Rzedna>
    </Pikieta>
    <Pikieta rysuj="true" numer="79.12" kodTerenu="T02">
      <X>463</X>
      <Y>438</Y>
      <Punkt>
        <X>697363.38</X>
        <Y>563719.44</Y>
      </Punkt>
      <Rzedna>29.46</Rzedna>
    </Pikieta>
    <Pikieta rysuj="true" numer="79.13" kodTerenu="T02">
      <X>463</X>
      <Y>463</Y>
      <Punkt>
        <X>697357.9</X>
        <Y>563722.78</Y>
      </Punkt>
      <Rzedna>29.37</Rzedna>
    </Pikieta>
  </Pikiety>
  <Fotografie>
    <Fotografia rysuj="true" numer="79" rotacja="105">
      <X>536</X>
      <Y>517</Y>
    </Fotografia>
  </Fotografie>
  <Skarpy>
    <Skarpa rysuj="true" startPikieta="2" endPikieta="3" brzeg="true" />
    <Skarpa rysuj="true" startPikieta="10" endPikieta="11" brzeg="true" />
  </Skarpy>
  <Drogi />
  <Zabudowy />
  <Teksty />
</SzkicPrzekroju>