<?xml version="1.0" encoding="utf-8"?>
<SzkicPrzekroju xmlns:xsi="http://www.w3.org/2001/XMLSchema-instance" xmlns:xsd="http://www.w3.org/2001/XMLSchema" nazwaCieku="Pasłęka" numerObiektu="80" numerPrzekroju="80" dataPomiaru="2012-04-05">
  <Koryto rysuj="true" startPikieta="3" endPikieta="10" />
  <Pikiety>
    <Pikieta rysuj="true" numer="80.01" kodTerenu="">
      <X>463</X>
      <Y>163</Y>
      <Punkt>
        <X>696975.71</X>
        <Y>563951.18</Y>
      </Punkt>
      <Rzedna>29.81</Rzedna>
    </Pikieta>
    <Pikieta rysuj="true" numer="80.02" kodTerenu="T02">
      <X>463</X>
      <Y>186</Y>
      <Punkt>
        <X>696976.06</X>
        <Y>563958.04</Y>
      </Punkt>
      <Rzedna>29.81</Rzedna>
    </Pikieta>
    <Pikieta rysuj="true" numer="80.03" kodTerenu="T02">
      <X>463</X>
      <Y>209</Y>
      <Punkt>
        <X>696975.55</X>
        <Y>563959.11</Y>
      </Punkt>
      <Rzedna>29</Rzedna>
    </Pikieta>
    <Pikieta rysuj="true" numer="80.04" kodTerenu="K02">
      <X>463</X>
      <Y>232</Y>
      <Punkt>
        <X>696975.62</X>
        <Y>563959.29</Y>
      </Punkt>
      <Rzedna>28.29</Rzedna>
    </Pikieta>
    <Pikieta rysuj="true" numer="80.05" kodTerenu="K02">
      <X>463</X>
      <Y>255</Y>
      <Punkt>
        <X>696975.9</X>
        <Y>563960.84</Y>
      </Punkt>
      <Rzedna>26.91</Rzedna>
    </Pikieta>
    <Pikieta rysuj="true" numer="80.06" kodTerenu="K02">
      <X>463</X>
      <Y>278</Y>
      <Punkt>
        <X>696976.36</X>
        <Y>563963.25</Y>
      </Punkt>
      <Rzedna>26.01</Rzedna>
    </Pikieta>
    <Pikieta rysuj="true" numer="80.07" kodTerenu="K02">
      <X>463</X>
      <Y>301</Y>
      <Punkt>
        <X>696976.13</X>
        <Y>563966.49</Y>
      </Punkt>
      <Rzedna>26.02</Rzedna>
    </Pikieta>
    <Pikieta rysuj="true" numer="80.08" kodTerenu="K01">
      <X>463</X>
      <Y>324</Y>
      <Punkt>
        <X>696975.82</X>
        <Y>563969.83</Y>
      </Punkt>
      <Rzedna>27.45</Rzedna>
    </Pikieta>
    <Pikieta rysuj="true" numer="80.09" kodTerenu="K01">
      <X>463</X>
      <Y>347</Y>
      <Punkt>
        <X>696975.8</X>
        <Y>563971.52</Y>
      </Punkt>
      <Rzedna>28.33</Rzedna>
    </Pikieta>
    <Pikieta rysuj="true" numer="80.10" kodTerenu="K01">
      <X>463</X>
      <Y>370</Y>
      <Punkt>
        <X>696975.93</X>
        <Y>563972.55</Y>
      </Punkt>
      <Rzedna>29</Rzedna>
    </Pikieta>
    <Pikieta rysuj="true" numer="80.11" kodTerenu="T02">
      <X>463</X>
      <Y>393</Y>
      <Punkt>
        <X>696976.02</X>
        <Y>563972.95</Y>
      </Punkt>
      <Rzedna>29.14</Rzedna>
    </Pikieta>
    <Pikieta rysuj="true" numer="80.12" kodTerenu="T02">
      <X>463</X>
      <Y>416</Y>
      <Punkt>
        <X>696975.8</X>
        <Y>563974.79</Y>
      </Punkt>
      <Rzedna>29.05</Rzedna>
    </Pikieta>
    <Pikieta rysuj="true" numer="80.13" kodTerenu="T02">
      <X>463</X>
      <Y>439</Y>
      <Punkt>
        <X>696975.57</X>
        <Y>563977.24</Y>
      </Punkt>
      <Rzedna>29.39</Rzedna>
    </Pikieta>
    <Pikieta rysuj="true" numer="80.14" kodTerenu="T02">
      <X>463</X>
      <Y>462</Y>
      <Punkt>
        <X>696976.05</X>
        <Y>563984.82</Y>
      </Punkt>
      <Rzedna>29.46</Rzedna>
    </Pikieta>
  </Pikiety>
  <Fotografie>
    <Fotografia rysuj="true" numer="80" rotacja="250">
      <X>547</X>
      <Y>82</Y>
    </Fotografia>
  </Fotografie>
  <Skarpy>
    <Skarpa rysuj="true" startPikieta="2" endPikieta="3" brzeg="true" />
    <Skarpa rysuj="true" startPikieta="10" endPikieta="11" brzeg="true" />
    <Skarpa rysuj="true" startPikieta="12" endPikieta="13" brzeg="false" />
  </Skarpy>
  <Drogi />
  <Zabudowy />
  <Teksty />
</SzkicPrzekroju>