<?xml version="1.0" encoding="utf-8"?>
<SzkicPrzekroju xmlns:xsi="http://www.w3.org/2001/XMLSchema-instance" xmlns:xsd="http://www.w3.org/2001/XMLSchema" nazwaCieku="Pasłęka" numerObiektu="81" numerPrzekroju="81" dataPomiaru="2012-04-11">
  <Koryto rysuj="true" startPikieta="3" endPikieta="10" />
  <Pikiety>
    <Pikieta rysuj="true" numer="81.01" kodTerenu="">
      <X>463</X>
      <Y>163</Y>
      <Punkt>
        <X>696584.91</X>
        <Y>564352.02</Y>
      </Punkt>
      <Rzedna>30.19</Rzedna>
    </Pikieta>
    <Pikieta rysuj="true" numer="81.02" kodTerenu="T07">
      <X>463</X>
      <Y>188</Y>
      <Punkt>
        <X>696586.67</X>
        <Y>564360.03</Y>
      </Punkt>
      <Rzedna>30.29</Rzedna>
    </Pikieta>
    <Pikieta rysuj="true" numer="81.03" kodTerenu="T07">
      <X>463</X>
      <Y>213</Y>
      <Punkt>
        <X>696587.01</X>
        <Y>564361.59</Y>
      </Punkt>
      <Rzedna>29.4</Rzedna>
    </Pikieta>
    <Pikieta rysuj="true" numer="81.04" kodTerenu="K01">
      <X>463</X>
      <Y>238</Y>
      <Punkt>
        <X>696587.1</X>
        <Y>564361.97</Y>
      </Punkt>
      <Rzedna>28.36</Rzedna>
    </Pikieta>
    <Pikieta rysuj="true" numer="81.05" kodTerenu="K02">
      <X>463</X>
      <Y>263</Y>
      <Punkt>
        <X>696587.86</X>
        <Y>564363.48</Y>
      </Punkt>
      <Rzedna>27.72</Rzedna>
    </Pikieta>
    <Pikieta rysuj="true" numer="81.06" kodTerenu="K02">
      <X>463</X>
      <Y>288</Y>
      <Punkt>
        <X>696588.72</X>
        <Y>564366.57</Y>
      </Punkt>
      <Rzedna>26.88</Rzedna>
    </Pikieta>
    <Pikieta rysuj="true" numer="81.07" kodTerenu="K02">
      <X>463</X>
      <Y>313</Y>
      <Punkt>
        <X>696589.14</X>
        <Y>564369.35</Y>
      </Punkt>
      <Rzedna>26.95</Rzedna>
    </Pikieta>
    <Pikieta rysuj="true" numer="81.08" kodTerenu="K02">
      <X>463</X>
      <Y>338</Y>
      <Punkt>
        <X>696589.77</X>
        <Y>564372.36</Y>
      </Punkt>
      <Rzedna>27.34</Rzedna>
    </Pikieta>
    <Pikieta rysuj="true" numer="81.09" kodTerenu="K02">
      <X>463</X>
      <Y>363</Y>
      <Punkt>
        <X>696590.3</X>
        <Y>564374.7</Y>
      </Punkt>
      <Rzedna>27.3</Rzedna>
    </Pikieta>
    <Pikieta rysuj="true" numer="81.10" kodTerenu="K02">
      <X>463</X>
      <Y>388</Y>
      <Punkt>
        <X>696590.47</X>
        <Y>564377.72</Y>
      </Punkt>
      <Rzedna>29.4</Rzedna>
    </Pikieta>
    <Pikieta rysuj="true" numer="81.11" kodTerenu="T07">
      <X>463</X>
      <Y>413</Y>
      <Punkt>
        <X>696590.53</X>
        <Y>564377.83</Y>
      </Punkt>
      <Rzedna>29.53</Rzedna>
    </Pikieta>
    <Pikieta rysuj="true" numer="81.12" kodTerenu="T07">
      <X>463</X>
      <Y>438</Y>
      <Punkt>
        <X>696591.28</X>
        <Y>564381.19</Y>
      </Punkt>
      <Rzedna>30.41</Rzedna>
    </Pikieta>
    <Pikieta rysuj="true" numer="81.13" kodTerenu="T07">
      <X>463</X>
      <Y>463</Y>
      <Punkt>
        <X>696592.75</X>
        <Y>564387.6</Y>
      </Punkt>
      <Rzedna>30.1</Rzedna>
    </Pikieta>
  </Pikiety>
  <Fotografie>
    <Fotografia rysuj="true" numer="81" rotacja="285">
      <X>454</X>
      <Y>97</Y>
    </Fotografia>
  </Fotografie>
  <Skarpy>
    <Skarpa rysuj="true" startPikieta="2" endPikieta="3" brzeg="true" />
    <Skarpa rysuj="true" startPikieta="10" endPikieta="11" brzeg="true" />
  </Skarpy>
  <Drogi />
  <Zabudowy />
  <Teksty />
</SzkicPrzekroju>