<?xml version="1.0" encoding="utf-8"?>
<SzkicPrzekroju xmlns:xsi="http://www.w3.org/2001/XMLSchema-instance" xmlns:xsd="http://www.w3.org/2001/XMLSchema" nazwaCieku="Pasłęka" numerObiektu="82" numerPrzekroju="82" dataPomiaru="2012-04-11">
  <Koryto rysuj="true" startPikieta="3" endPikieta="9" />
  <Pikiety>
    <Pikieta rysuj="true" numer="82.01" kodTerenu="">
      <X>463</X>
      <Y>163</Y>
      <Punkt>
        <X>696163.27</X>
        <Y>564228.19</Y>
      </Punkt>
      <Rzedna>30.65</Rzedna>
    </Pikieta>
    <Pikieta rysuj="true" numer="82.02" kodTerenu="T01">
      <X>463</X>
      <Y>193</Y>
      <Punkt>
        <X>696160.08</X>
        <Y>564233.63</Y>
      </Punkt>
      <Rzedna>30.83</Rzedna>
    </Pikieta>
    <Pikieta rysuj="true" numer="82.03" kodTerenu="T01">
      <X>463</X>
      <Y>223</Y>
      <Punkt>
        <X>696157.93</X>
        <Y>564234.3</Y>
      </Punkt>
      <Rzedna>29.66</Rzedna>
    </Pikieta>
    <Pikieta rysuj="true" numer="82.04" kodTerenu="K01">
      <X>463</X>
      <Y>253</Y>
      <Punkt>
        <X>696157.88</X>
        <Y>564236.13</Y>
      </Punkt>
      <Rzedna>28.51</Rzedna>
    </Pikieta>
    <Pikieta rysuj="true" numer="82.05" kodTerenu="K03">
      <X>463</X>
      <Y>283</Y>
      <Punkt>
        <X>696156.7</X>
        <Y>564238.77</Y>
      </Punkt>
      <Rzedna>26.99</Rzedna>
    </Pikieta>
    <Pikieta rysuj="true" numer="82.06" kodTerenu="K03">
      <X>463</X>
      <Y>313</Y>
      <Punkt>
        <X>696155.01</X>
        <Y>564241.11</Y>
      </Punkt>
      <Rzedna>26.99</Rzedna>
    </Pikieta>
    <Pikieta rysuj="true" numer="82.07" kodTerenu="K03">
      <X>463</X>
      <Y>343</Y>
      <Punkt>
        <X>696153.34</X>
        <Y>564243.64</Y>
      </Punkt>
      <Rzedna>27.37</Rzedna>
    </Pikieta>
    <Pikieta rysuj="true" numer="82.08" kodTerenu="K02">
      <X>463</X>
      <Y>373</Y>
      <Punkt>
        <X>696151.85</X>
        <Y>564245.89</Y>
      </Punkt>
      <Rzedna>28.68</Rzedna>
    </Pikieta>
    <Pikieta rysuj="true" numer="82.09" kodTerenu="K02">
      <X>463</X>
      <Y>403</Y>
      <Punkt>
        <X>696150.56</X>
        <Y>564247.7</Y>
      </Punkt>
      <Rzedna>29.66</Rzedna>
    </Pikieta>
    <Pikieta rysuj="true" numer="82.10" kodTerenu="T01">
      <X>463</X>
      <Y>433</Y>
      <Punkt>
        <X>696150.2</X>
        <Y>564248.04</Y>
      </Punkt>
      <Rzedna>29.84</Rzedna>
    </Pikieta>
    <Pikieta rysuj="true" numer="82.11" kodTerenu="T01">
      <X>463</X>
      <Y>463</Y>
      <Punkt>
        <X>696146.62</X>
        <Y>564253.89</Y>
      </Punkt>
      <Rzedna>29.99</Rzedna>
    </Pikieta>
  </Pikiety>
  <Fotografie>
    <Fotografia rysuj="true" numer="82" rotacja="255">
      <X>538</X>
      <Y>75</Y>
    </Fotografia>
  </Fotografie>
  <Skarpy>
    <Skarpa rysuj="true" startPikieta="2" endPikieta="3" brzeg="true" />
    <Skarpa rysuj="true" startPikieta="9" endPikieta="10" brzeg="true" />
  </Skarpy>
  <Drogi />
  <Zabudowy />
  <Teksty />
</SzkicPrzekroju>