<?xml version="1.0" encoding="utf-8"?>
<SzkicPrzekroju xmlns:xsi="http://www.w3.org/2001/XMLSchema-instance" xmlns:xsd="http://www.w3.org/2001/XMLSchema" nazwaCieku="Pasłęka" numerObiektu="83" numerPrzekroju="83" dataPomiaru="2012-04-11">
  <Koryto rysuj="true" startPikieta="3" endPikieta="10" />
  <Pikiety>
    <Pikieta rysuj="true" numer="83.01" kodTerenu="">
      <X>463</X>
      <Y>163</Y>
      <Punkt>
        <X>695425.19</X>
        <Y>564455.22</Y>
      </Punkt>
      <Rzedna>30.69</Rzedna>
    </Pikieta>
    <Pikieta rysuj="true" numer="83.02" kodTerenu="T02">
      <X>463</X>
      <Y>190</Y>
      <Punkt>
        <X>695429.34</X>
        <Y>564456.68</Y>
      </Punkt>
      <Rzedna>30.86</Rzedna>
    </Pikieta>
    <Pikieta rysuj="true" numer="83.03" kodTerenu="T02">
      <X>463</X>
      <Y>217</Y>
      <Punkt>
        <X>695431.36</X>
        <Y>564457.17</Y>
      </Punkt>
      <Rzedna>30.11</Rzedna>
    </Pikieta>
    <Pikieta rysuj="true" numer="83.04" kodTerenu="K01">
      <X>463</X>
      <Y>244</Y>
      <Punkt>
        <X>695431.73</X>
        <Y>564457.24</Y>
      </Punkt>
      <Rzedna>28.96</Rzedna>
    </Pikieta>
    <Pikieta rysuj="true" numer="83.05" kodTerenu="K01">
      <X>463</X>
      <Y>271</Y>
      <Punkt>
        <X>695433.38</X>
        <Y>564459.01</Y>
      </Punkt>
      <Rzedna>27.84</Rzedna>
    </Pikieta>
    <Pikieta rysuj="true" numer="83.06" kodTerenu="K01">
      <X>463</X>
      <Y>298</Y>
      <Punkt>
        <X>695437.19</X>
        <Y>564460.74</Y>
      </Punkt>
      <Rzedna>27.46</Rzedna>
    </Pikieta>
    <Pikieta rysuj="true" numer="83.07" kodTerenu="K01">
      <X>463</X>
      <Y>325</Y>
      <Punkt>
        <X>695440.05</X>
        <Y>564460.95</Y>
      </Punkt>
      <Rzedna>27.45</Rzedna>
    </Pikieta>
    <Pikieta rysuj="true" numer="83.08" kodTerenu="K01">
      <X>463</X>
      <Y>352</Y>
      <Punkt>
        <X>695441.09</X>
        <Y>564460.14</Y>
      </Punkt>
      <Rzedna>28.75</Rzedna>
    </Pikieta>
    <Pikieta rysuj="true" numer="83.09" kodTerenu="K01">
      <X>463</X>
      <Y>379</Y>
      <Punkt>
        <X>695442.99</X>
        <Y>564460.78</Y>
      </Punkt>
      <Rzedna>29.07</Rzedna>
    </Pikieta>
    <Pikieta rysuj="true" numer="83.10" kodTerenu="K01">
      <X>463</X>
      <Y>406</Y>
      <Punkt>
        <X>695443.93</X>
        <Y>564460.62</Y>
      </Punkt>
      <Rzedna>30.11</Rzedna>
    </Pikieta>
    <Pikieta rysuj="true" numer="83.11" kodTerenu="T02">
      <X>463</X>
      <Y>433</Y>
      <Punkt>
        <X>695445.63</X>
        <Y>564461.15</Y>
      </Punkt>
      <Rzedna>30.78</Rzedna>
    </Pikieta>
    <Pikieta rysuj="true" numer="83.12" kodTerenu="T02">
      <X>463</X>
      <Y>460</Y>
      <Punkt>
        <X>695452.35</X>
        <Y>564463.1</Y>
      </Punkt>
      <Rzedna>30.99</Rzedna>
    </Pikieta>
  </Pikiety>
  <Fotografie>
    <Fotografia rysuj="true" numer="83" rotacja="285">
      <X>426</X>
      <Y>91</Y>
    </Fotografia>
  </Fotografie>
  <Skarpy>
    <Skarpa rysuj="true" startPikieta="2" endPikieta="3" brzeg="true" />
    <Skarpa rysuj="true" startPikieta="10" endPikieta="11" brzeg="true" />
  </Skarpy>
  <Drogi />
  <Zabudowy />
  <Teksty />
</SzkicPrzekroju>