<?xml version="1.0" encoding="utf-8"?>
<SzkicPrzekroju xmlns:xsi="http://www.w3.org/2001/XMLSchema-instance" xmlns:xsd="http://www.w3.org/2001/XMLSchema" nazwaCieku="Pasłęka" numerObiektu="84" numerPrzekroju="84" dataPomiaru="2012-04-11">
  <Koryto rysuj="true" startPikieta="3" endPikieta="10" />
  <Pikiety>
    <Pikieta rysuj="true" numer="84.01" kodTerenu="">
      <X>463</X>
      <Y>163</Y>
      <Punkt>
        <X>695197.14</X>
        <Y>564842.29</Y>
      </Punkt>
      <Rzedna>31.12</Rzedna>
    </Pikieta>
    <Pikieta rysuj="true" numer="84.02" kodTerenu="T02">
      <X>463</X>
      <Y>190</Y>
      <Punkt>
        <X>695194.67</X>
        <Y>564846.11</Y>
      </Punkt>
      <Rzedna>31.36</Rzedna>
    </Pikieta>
    <Pikieta rysuj="true" numer="84.03" kodTerenu="T02">
      <X>463</X>
      <Y>217</Y>
      <Punkt>
        <X>695194.26</X>
        <Y>564847</Y>
      </Punkt>
      <Rzedna>30.51</Rzedna>
    </Pikieta>
    <Pikieta rysuj="true" numer="84.04" kodTerenu="K01">
      <X>463</X>
      <Y>244</Y>
      <Punkt>
        <X>695194.22</X>
        <Y>564847.08</Y>
      </Punkt>
      <Rzedna>30.06</Rzedna>
    </Pikieta>
    <Pikieta rysuj="true" numer="84.05" kodTerenu="K02">
      <X>463</X>
      <Y>271</Y>
      <Punkt>
        <X>695193.2</X>
        <Y>564848.78</Y>
      </Punkt>
      <Rzedna>28.22</Rzedna>
    </Pikieta>
    <Pikieta rysuj="true" numer="84.06" kodTerenu="K02">
      <X>463</X>
      <Y>298</Y>
      <Punkt>
        <X>695191.88</X>
        <Y>564850.95</Y>
      </Punkt>
      <Rzedna>27.49</Rzedna>
    </Pikieta>
    <Pikieta rysuj="true" numer="84.07" kodTerenu="K02">
      <X>463</X>
      <Y>325</Y>
      <Punkt>
        <X>695189.81</X>
        <Y>564854.37</Y>
      </Punkt>
      <Rzedna>28.5</Rzedna>
    </Pikieta>
    <Pikieta rysuj="true" numer="84.08" kodTerenu="K02">
      <X>463</X>
      <Y>352</Y>
      <Punkt>
        <X>695188.14</X>
        <Y>564857.12</Y>
      </Punkt>
      <Rzedna>29</Rzedna>
    </Pikieta>
    <Pikieta rysuj="true" numer="84.09" kodTerenu="K02">
      <X>463</X>
      <Y>379</Y>
      <Punkt>
        <X>695186.36</X>
        <Y>564860.04</Y>
      </Punkt>
      <Rzedna>29.26</Rzedna>
    </Pikieta>
    <Pikieta rysuj="true" numer="84.10" kodTerenu="K02">
      <X>463</X>
      <Y>406</Y>
      <Punkt>
        <X>695185.47</X>
        <Y>564861.51</Y>
      </Punkt>
      <Rzedna>30.51</Rzedna>
    </Pikieta>
    <Pikieta rysuj="true" numer="84.11" kodTerenu="T02">
      <X>463</X>
      <Y>433</Y>
      <Punkt>
        <X>695185.23</X>
        <Y>564861.91</Y>
      </Punkt>
      <Rzedna>31.08</Rzedna>
    </Pikieta>
    <Pikieta rysuj="true" numer="84.12" kodTerenu="T02">
      <X>463</X>
      <Y>460</Y>
      <Punkt>
        <X>695181.9</X>
        <Y>564867.38</Y>
      </Punkt>
      <Rzedna>31.12</Rzedna>
    </Pikieta>
  </Pikiety>
  <Fotografie>
    <Fotografia rysuj="true" numer="84" rotacja="290">
      <X>391</X>
      <Y>84</Y>
    </Fotografia>
  </Fotografie>
  <Skarpy>
    <Skarpa rysuj="true" startPikieta="2" endPikieta="3" brzeg="true" />
    <Skarpa rysuj="true" startPikieta="10" endPikieta="11" brzeg="true" />
  </Skarpy>
  <Drogi />
  <Zabudowy />
  <Teksty />
</SzkicPrzekroju>