<?xml version="1.0" encoding="utf-8"?>
<SzkicPrzekroju xmlns:xsi="http://www.w3.org/2001/XMLSchema-instance" xmlns:xsd="http://www.w3.org/2001/XMLSchema" nazwaCieku="Pasłęka" numerObiektu="85" numerPrzekroju="85" dataPomiaru="2012-04-11">
  <Koryto rysuj="true" startPikieta="3" endPikieta="9" />
  <Pikiety>
    <Pikieta rysuj="true" numer="85.01" kodTerenu="">
      <X>463</X>
      <Y>163</Y>
      <Punkt>
        <X>694608.81</X>
        <Y>565143.34</Y>
      </Punkt>
      <Rzedna>31.72</Rzedna>
    </Pikieta>
    <Pikieta rysuj="true" numer="85.02" kodTerenu="T02">
      <X>463</X>
      <Y>193</Y>
      <Punkt>
        <X>694612.91</X>
        <Y>565140.48</Y>
      </Punkt>
      <Rzedna>31.83</Rzedna>
    </Pikieta>
    <Pikieta rysuj="true" numer="85.03" kodTerenu="T02">
      <X>463</X>
      <Y>223</Y>
      <Punkt>
        <X>694614.92</X>
        <Y>565139.75</Y>
      </Punkt>
      <Rzedna>30.93</Rzedna>
    </Pikieta>
    <Pikieta rysuj="true" numer="85.04" kodTerenu="K02">
      <X>463</X>
      <Y>253</Y>
      <Punkt>
        <X>694615.48</X>
        <Y>565139.63</Y>
      </Punkt>
      <Rzedna>29.05</Rzedna>
    </Pikieta>
    <Pikieta rysuj="true" numer="85.05" kodTerenu="K02">
      <X>463</X>
      <Y>283</Y>
      <Punkt>
        <X>694618.77</X>
        <Y>565137.35</Y>
      </Punkt>
      <Rzedna>27.67</Rzedna>
    </Pikieta>
    <Pikieta rysuj="true" numer="85.06" kodTerenu="K02">
      <X>463</X>
      <Y>313</Y>
      <Punkt>
        <X>694620.68</X>
        <Y>565136.32</Y>
      </Punkt>
      <Rzedna>27.47</Rzedna>
    </Pikieta>
    <Pikieta rysuj="true" numer="85.07" kodTerenu="K02">
      <X>463</X>
      <Y>343</Y>
      <Punkt>
        <X>694622.87</X>
        <Y>565135.08</Y>
      </Punkt>
      <Rzedna>27.41</Rzedna>
    </Pikieta>
    <Pikieta rysuj="true" numer="85.08" kodTerenu="K02">
      <X>463</X>
      <Y>373</Y>
      <Punkt>
        <X>694624.49</X>
        <Y>565133.47</Y>
      </Punkt>
      <Rzedna>28.45</Rzedna>
    </Pikieta>
    <Pikieta rysuj="true" numer="85.09" kodTerenu="K02">
      <X>463</X>
      <Y>403</Y>
      <Punkt>
        <X>694625.97</X>
        <Y>565133.05</Y>
      </Punkt>
      <Rzedna>30.93</Rzedna>
    </Pikieta>
    <Pikieta rysuj="true" numer="85.10" kodTerenu="T02">
      <X>463</X>
      <Y>433</Y>
      <Punkt>
        <X>694627.03</X>
        <Y>565131.85</Y>
      </Punkt>
      <Rzedna>32.06</Rzedna>
    </Pikieta>
    <Pikieta rysuj="true" numer="85.11" kodTerenu="T02">
      <X>463</X>
      <Y>463</Y>
      <Punkt>
        <X>694632.61</X>
        <Y>565130.36</Y>
      </Punkt>
      <Rzedna>32.06</Rzedna>
    </Pikieta>
  </Pikiety>
  <Fotografie>
    <Fotografia rysuj="true" numer="85" rotacja="255">
      <X>537</X>
      <Y>88</Y>
    </Fotografia>
  </Fotografie>
  <Skarpy>
    <Skarpa rysuj="true" startPikieta="2" endPikieta="3" brzeg="true" />
    <Skarpa rysuj="true" startPikieta="9" endPikieta="10" brzeg="true" />
  </Skarpy>
  <Drogi />
  <Zabudowy />
  <Teksty />
</SzkicPrzekroju>