<?xml version="1.0" encoding="utf-8"?>
<SzkicPrzekroju xmlns:xsi="http://www.w3.org/2001/XMLSchema-instance" xmlns:xsd="http://www.w3.org/2001/XMLSchema" nazwaCieku="Pasłęka" numerObiektu="86" numerPrzekroju="86" dataPomiaru="2012-05-10">
  <Koryto rysuj="true" startPikieta="3" endPikieta="9" />
  <Pikiety>
    <Pikieta rysuj="true" numer="86.01" kodTerenu="">
      <X>463</X>
      <Y>163</Y>
      <Punkt>
        <X>694702.06</X>
        <Y>565558.31</Y>
      </Punkt>
      <Rzedna>32.78</Rzedna>
    </Pikieta>
    <Pikieta rysuj="true" numer="86.02" kodTerenu="T01">
      <X>463</X>
      <Y>193</Y>
      <Punkt>
        <X>694707.74</X>
        <Y>565559.4</Y>
      </Punkt>
      <Rzedna>32.49</Rzedna>
    </Pikieta>
    <Pikieta rysuj="true" numer="86.03" kodTerenu="T01">
      <X>463</X>
      <Y>223</Y>
      <Punkt>
        <X>694710.02</X>
        <Y>565560.38</Y>
      </Punkt>
      <Rzedna>31.2</Rzedna>
    </Pikieta>
    <Pikieta rysuj="true" numer="86.04" kodTerenu="K01">
      <X>463</X>
      <Y>253</Y>
      <Punkt>
        <X>694710.71</X>
        <Y>565560.65</Y>
      </Punkt>
      <Rzedna>30.04</Rzedna>
    </Pikieta>
    <Pikieta rysuj="true" numer="86.05" kodTerenu="K01">
      <X>463</X>
      <Y>283</Y>
      <Punkt>
        <X>694713.8</X>
        <Y>565560.93</Y>
      </Punkt>
      <Rzedna>28.95</Rzedna>
    </Pikieta>
    <Pikieta rysuj="true" numer="86.06" kodTerenu="K01">
      <X>463</X>
      <Y>313</Y>
      <Punkt>
        <X>694716.83</X>
        <Y>565561.84</Y>
      </Punkt>
      <Rzedna>28.48</Rzedna>
    </Pikieta>
    <Pikieta rysuj="true" numer="86.07" kodTerenu="K01">
      <X>463</X>
      <Y>343</Y>
      <Punkt>
        <X>694719.38</X>
        <Y>565562.31</Y>
      </Punkt>
      <Rzedna>29.03</Rzedna>
    </Pikieta>
    <Pikieta rysuj="true" numer="86.08" kodTerenu="K01">
      <X>463</X>
      <Y>373</Y>
      <Punkt>
        <X>694723.27</X>
        <Y>565562.98</Y>
      </Punkt>
      <Rzedna>29.79</Rzedna>
    </Pikieta>
    <Pikieta rysuj="true" numer="86.09" kodTerenu="K01">
      <X>463</X>
      <Y>403</Y>
      <Punkt>
        <X>694723.98</X>
        <Y>565563.26</Y>
      </Punkt>
      <Rzedna>31.2</Rzedna>
    </Pikieta>
    <Pikieta rysuj="true" numer="86.10" kodTerenu="T01">
      <X>463</X>
      <Y>433</Y>
      <Punkt>
        <X>694725</X>
        <Y>565563.27</Y>
      </Punkt>
      <Rzedna>33.17</Rzedna>
    </Pikieta>
    <Pikieta rysuj="true" numer="86.11" kodTerenu="T01">
      <X>463</X>
      <Y>463</Y>
      <Punkt>
        <X>694729.99</X>
        <Y>565564.4</Y>
      </Punkt>
      <Rzedna>32.89</Rzedna>
    </Pikieta>
  </Pikiety>
  <Fotografie>
    <Fotografia rysuj="true" numer="86" rotacja="285">
      <X>437</X>
      <Y>104</Y>
    </Fotografia>
  </Fotografie>
  <Skarpy>
    <Skarpa rysuj="true" startPikieta="2" endPikieta="3" brzeg="true" />
    <Skarpa rysuj="true" startPikieta="9" endPikieta="10" brzeg="true" />
  </Skarpy>
  <Drogi />
  <Zabudowy />
  <Teksty />
</SzkicPrzekroju>