<?xml version="1.0" encoding="utf-8"?>
<SzkicPrzekroju xmlns:xsi="http://www.w3.org/2001/XMLSchema-instance" xmlns:xsd="http://www.w3.org/2001/XMLSchema" nazwaCieku="Pasłęka" numerObiektu="87" numerPrzekroju="87" dataPomiaru="2012-05-10">
  <Koryto rysuj="true" startPikieta="3" endPikieta="9" />
  <Pikiety>
    <Pikieta rysuj="true" numer="87.01" kodTerenu="">
      <X>463</X>
      <Y>163</Y>
      <Punkt>
        <X>694628.85</X>
        <Y>566347.68</Y>
      </Punkt>
      <Rzedna>32.42</Rzedna>
    </Pikieta>
    <Pikieta rysuj="true" numer="87.02" kodTerenu="T02">
      <X>463</X>
      <Y>193</Y>
      <Punkt>
        <X>694630.66</X>
        <Y>566342.19</Y>
      </Punkt>
      <Rzedna>32.5</Rzedna>
    </Pikieta>
    <Pikieta rysuj="true" numer="87.03" kodTerenu="T06">
      <X>463</X>
      <Y>223</Y>
      <Punkt>
        <X>694631.93</X>
        <Y>566340.06</Y>
      </Punkt>
      <Rzedna>31.77</Rzedna>
    </Pikieta>
    <Pikieta rysuj="true" numer="87.04" kodTerenu="K01">
      <X>463</X>
      <Y>253</Y>
      <Punkt>
        <X>694632.22</X>
        <Y>566339.53</Y>
      </Punkt>
      <Rzedna>30.67</Rzedna>
    </Pikieta>
    <Pikieta rysuj="true" numer="87.05" kodTerenu="K01">
      <X>463</X>
      <Y>283</Y>
      <Punkt>
        <X>694632.96</X>
        <Y>566336.61</Y>
      </Punkt>
      <Rzedna>28.71</Rzedna>
    </Pikieta>
    <Pikieta rysuj="true" numer="87.06" kodTerenu="K01">
      <X>463</X>
      <Y>313</Y>
      <Punkt>
        <X>694633.97</X>
        <Y>566334.15</Y>
      </Punkt>
      <Rzedna>28.64</Rzedna>
    </Pikieta>
    <Pikieta rysuj="true" numer="87.07" kodTerenu="K01">
      <X>463</X>
      <Y>343</Y>
      <Punkt>
        <X>694634.59</X>
        <Y>566331.59</Y>
      </Punkt>
      <Rzedna>28.81</Rzedna>
    </Pikieta>
    <Pikieta rysuj="true" numer="87.08" kodTerenu="K01">
      <X>463</X>
      <Y>373</Y>
      <Punkt>
        <X>694635.39</X>
        <Y>566330.04</Y>
      </Punkt>
      <Rzedna>30.6</Rzedna>
    </Pikieta>
    <Pikieta rysuj="true" numer="87.09" kodTerenu="K01">
      <X>463</X>
      <Y>403</Y>
      <Punkt>
        <X>694635.66</X>
        <Y>566329.27</Y>
      </Punkt>
      <Rzedna>31.77</Rzedna>
    </Pikieta>
    <Pikieta rysuj="true" numer="87.10" kodTerenu="T06">
      <X>463</X>
      <Y>433</Y>
      <Punkt>
        <X>694635.94</X>
        <Y>566327.84</Y>
      </Punkt>
      <Rzedna>32.59</Rzedna>
    </Pikieta>
    <Pikieta rysuj="true" numer="87.11" kodTerenu="T01">
      <X>463</X>
      <Y>463</Y>
      <Punkt>
        <X>694638.33</X>
        <Y>566321.23</Y>
      </Punkt>
      <Rzedna>33.03</Rzedna>
    </Pikieta>
  </Pikiety>
  <Fotografie>
    <Fotografia rysuj="true" numer="87" rotacja="110">
      <X>542</X>
      <Y>490</Y>
    </Fotografia>
  </Fotografie>
  <Skarpy>
    <Skarpa rysuj="true" startPikieta="2" endPikieta="3" brzeg="true" />
    <Skarpa rysuj="true" startPikieta="9" endPikieta="10" brzeg="true" />
  </Skarpy>
  <Drogi />
  <Zabudowy />
  <Teksty />
</SzkicPrzekroju>