<?xml version="1.0" encoding="utf-8"?>
<SzkicPrzekroju xmlns:xsi="http://www.w3.org/2001/XMLSchema-instance" xmlns:xsd="http://www.w3.org/2001/XMLSchema" nazwaCieku="Pasłęka" numerObiektu="100" numerPrzekroju="100" dataPomiaru="28.03.2012">
  <Koryto rysuj="true" startPikieta="3" endPikieta="10" />
  <Pikiety>
    <Pikieta rysuj="true" numer="100.01" kodTerenu="">
      <X>463</X>
      <Y>163</Y>
      <Punkt>
        <X>691112.96</X>
        <Y>570759.14</Y>
      </Punkt>
      <Rzedna>38.69</Rzedna>
    </Pikieta>
    <Pikieta rysuj="true" numer="100.02" kodTerenu="T07">
      <X>463</X>
      <Y>190</Y>
      <Punkt>
        <X>691118.23</X>
        <Y>570752.17</Y>
      </Punkt>
      <Rzedna>38.73</Rzedna>
    </Pikieta>
    <Pikieta rysuj="true" numer="100.03" kodTerenu="T07">
      <X>463</X>
      <Y>217</Y>
      <Punkt>
        <X>691118.77</X>
        <Y>570751.36</Y>
      </Punkt>
      <Rzedna>38.1</Rzedna>
    </Pikieta>
    <Pikieta rysuj="true" numer="100.04" kodTerenu="K01">
      <X>463</X>
      <Y>244</Y>
      <Punkt>
        <X>691119.58</X>
        <Y>570750.47</Y>
      </Punkt>
      <Rzedna>37.5</Rzedna>
    </Pikieta>
    <Pikieta rysuj="true" numer="100.05" kodTerenu="K01">
      <X>463</X>
      <Y>271</Y>
      <Punkt>
        <X>691123.79</X>
        <Y>570740.78</Y>
      </Punkt>
      <Rzedna>37.2</Rzedna>
    </Pikieta>
    <Pikieta rysuj="true" numer="100.06" kodTerenu="K01">
      <X>463</X>
      <Y>298</Y>
      <Punkt>
        <X>691122.57</X>
        <Y>570747.12</Y>
      </Punkt>
      <Rzedna>35.78</Rzedna>
    </Pikieta>
    <Pikieta rysuj="true" numer="100.07" kodTerenu="K01">
      <X>463</X>
      <Y>325</Y>
      <Punkt>
        <X>691123.74</X>
        <Y>570745.88</Y>
      </Punkt>
      <Rzedna>35.55</Rzedna>
    </Pikieta>
    <Pikieta rysuj="true" numer="100.08" kodTerenu="K01">
      <X>463</X>
      <Y>352</Y>
      <Punkt>
        <X>691124.54</X>
        <Y>570744.74</Y>
      </Punkt>
      <Rzedna>35.67</Rzedna>
    </Pikieta>
    <Pikieta rysuj="true" numer="100.09" kodTerenu="K01">
      <X>463</X>
      <Y>379</Y>
      <Punkt>
        <X>691125.68</X>
        <Y>570743.66</Y>
      </Punkt>
      <Rzedna>35.96</Rzedna>
    </Pikieta>
    <Pikieta rysuj="true" numer="100.10" kodTerenu="K01">
      <X>463</X>
      <Y>406</Y>
      <Punkt>
        <X>691125.91</X>
        <Y>570743.15</Y>
      </Punkt>
      <Rzedna>38.1</Rzedna>
    </Pikieta>
    <Pikieta rysuj="true" numer="100.11" kodTerenu="T02">
      <X>463</X>
      <Y>433</Y>
      <Punkt>
        <X>691126.21</X>
        <Y>570742.61</Y>
      </Punkt>
      <Rzedna>38.7</Rzedna>
    </Pikieta>
    <Pikieta rysuj="true" numer="100.12" kodTerenu="T02">
      <X>463</X>
      <Y>460</Y>
      <Punkt>
        <X>691130.17</X>
        <Y>570738.3</Y>
      </Punkt>
      <Rzedna>38.83</Rzedna>
    </Pikieta>
  </Pikiety>
  <Fotografie>
    <Fotografia rysuj="true" numer="100" rotacja="100">
      <X>509</X>
      <Y>525</Y>
    </Fotografia>
  </Fotografie>
  <Skarpy>
    <Skarpa rysuj="true" startPikieta="2" endPikieta="3" brzeg="true" />
    <Skarpa rysuj="true" startPikieta="10" endPikieta="11" brzeg="true" />
  </Skarpy>
  <Drogi />
  <Zabudowy />
  <Teksty />
</SzkicPrzekroju>