<?xml version="1.0" encoding="utf-8"?>
<SzkicPrzekroju xmlns:xsi="http://www.w3.org/2001/XMLSchema-instance" xmlns:xsd="http://www.w3.org/2001/XMLSchema" nazwaCieku="Pasłęka" numerObiektu="101" numerPrzekroju="101" dataPomiaru="28.03.2012">
  <Koryto rysuj="true" startPikieta="3" endPikieta="10" />
  <Pikiety>
    <Pikieta rysuj="true" numer="101.01" kodTerenu="">
      <X>463</X>
      <Y>163</Y>
      <Punkt>
        <X>690629.59</X>
        <Y>570980.72</Y>
      </Punkt>
      <Rzedna>39.5</Rzedna>
    </Pikieta>
    <Pikieta rysuj="true" numer="101.02" kodTerenu="T02">
      <X>463</X>
      <Y>190</Y>
      <Punkt>
        <X>690624.48</X>
        <Y>570983.86</Y>
      </Punkt>
      <Rzedna>39.67</Rzedna>
    </Pikieta>
    <Pikieta rysuj="true" numer="101.03" kodTerenu="T02">
      <X>463</X>
      <Y>217</Y>
      <Punkt>
        <X>690622.93</X>
        <Y>570984.87</Y>
      </Punkt>
      <Rzedna>38.59</Rzedna>
    </Pikieta>
    <Pikieta rysuj="true" numer="101.04" kodTerenu="K01">
      <X>463</X>
      <Y>244</Y>
      <Punkt>
        <X>690622.12</X>
        <Y>570985.54</Y>
      </Punkt>
      <Rzedna>37.88</Rzedna>
    </Pikieta>
    <Pikieta rysuj="true" numer="101.05" kodTerenu="K01">
      <X>463</X>
      <Y>271</Y>
      <Punkt>
        <X>690620.16</X>
        <Y>570987.11</Y>
      </Punkt>
      <Rzedna>37.04</Rzedna>
    </Pikieta>
    <Pikieta rysuj="true" numer="101.06" kodTerenu="K01">
      <X>463</X>
      <Y>298</Y>
      <Punkt>
        <X>690618.51</X>
        <Y>570988.23</Y>
      </Punkt>
      <Rzedna>36.72</Rzedna>
    </Pikieta>
    <Pikieta rysuj="true" numer="101.07" kodTerenu="K01">
      <X>463</X>
      <Y>325</Y>
      <Punkt>
        <X>690616.96</X>
        <Y>570990.02</Y>
      </Punkt>
      <Rzedna>37.03</Rzedna>
    </Pikieta>
    <Pikieta rysuj="true" numer="101.08" kodTerenu="K01">
      <X>463</X>
      <Y>352</Y>
      <Punkt>
        <X>690615.29</X>
        <Y>570990.74</Y>
      </Punkt>
      <Rzedna>37.5</Rzedna>
    </Pikieta>
    <Pikieta rysuj="true" numer="101.09" kodTerenu="K01">
      <X>463</X>
      <Y>379</Y>
      <Punkt>
        <X>690614.07</X>
        <Y>570991.15</Y>
      </Punkt>
      <Rzedna>38.15</Rzedna>
    </Pikieta>
    <Pikieta rysuj="true" numer="101.10" kodTerenu="K01">
      <X>463</X>
      <Y>406</Y>
      <Punkt>
        <X>690613.84</X>
        <Y>570991.33</Y>
      </Punkt>
      <Rzedna>38.59</Rzedna>
    </Pikieta>
    <Pikieta rysuj="true" numer="101.11" kodTerenu="T02">
      <X>463</X>
      <Y>433</Y>
      <Punkt>
        <X>690612.64</X>
        <Y>570991.99</Y>
      </Punkt>
      <Rzedna>39.03</Rzedna>
    </Pikieta>
    <Pikieta rysuj="true" numer="101.12" kodTerenu="T02">
      <X>463</X>
      <Y>460</Y>
      <Punkt>
        <X>690606.74</X>
        <Y>570996.21</Y>
      </Punkt>
      <Rzedna>38.74</Rzedna>
    </Pikieta>
  </Pikiety>
  <Fotografie>
    <Fotografia rysuj="true" numer="101" rotacja="80">
      <X>463</X>
      <Y>505</Y>
    </Fotografia>
  </Fotografie>
  <Skarpy>
    <Skarpa rysuj="true" startPikieta="2" endPikieta="3" brzeg="true" />
    <Skarpa rysuj="true" startPikieta="10" endPikieta="11" brzeg="true" />
  </Skarpy>
  <Drogi />
  <Zabudowy />
  <Teksty />
</SzkicPrzekroju>