<?xml version="1.0" encoding="utf-8"?>
<SzkicPrzekroju xmlns:xsi="http://www.w3.org/2001/XMLSchema-instance" xmlns:xsd="http://www.w3.org/2001/XMLSchema" nazwaCieku="Pasłęka" numerObiektu="102" numerPrzekroju="102" dataPomiaru="28.03.2012">
  <Koryto rysuj="true" startPikieta="3" endPikieta="10" />
  <Pikiety>
    <Pikieta rysuj="true" numer="102.01" kodTerenu="">
      <X>463</X>
      <Y>163</Y>
      <Punkt>
        <X>690688</X>
        <Y>571199.26</Y>
      </Punkt>
      <Rzedna>40.23</Rzedna>
    </Pikieta>
    <Pikieta rysuj="true" numer="102.02" kodTerenu="T05">
      <X>463</X>
      <Y>190</Y>
      <Punkt>
        <X>690692.64</X>
        <Y>571194.47</Y>
      </Punkt>
      <Rzedna>40.03</Rzedna>
    </Pikieta>
    <Pikieta rysuj="true" numer="102.03" kodTerenu="T05">
      <X>463</X>
      <Y>217</Y>
      <Punkt>
        <X>690693.41</X>
        <Y>571193.3</Y>
      </Punkt>
      <Rzedna>39.03</Rzedna>
    </Pikieta>
    <Pikieta rysuj="true" numer="102.04" kodTerenu="K01">
      <X>463</X>
      <Y>244</Y>
      <Punkt>
        <X>690694.02</X>
        <Y>571192.69</Y>
      </Punkt>
      <Rzedna>38.21</Rzedna>
    </Pikieta>
    <Pikieta rysuj="true" numer="102.05" kodTerenu="K01">
      <X>463</X>
      <Y>271</Y>
      <Punkt>
        <X>690694.5</X>
        <Y>571191.95</Y>
      </Punkt>
      <Rzedna>37.59</Rzedna>
    </Pikieta>
    <Pikieta rysuj="true" numer="102.06" kodTerenu="K01">
      <X>463</X>
      <Y>298</Y>
      <Punkt>
        <X>690697.19</X>
        <Y>571190.61</Y>
      </Punkt>
      <Rzedna>36.37</Rzedna>
    </Pikieta>
    <Pikieta rysuj="true" numer="102.07" kodTerenu="K01">
      <X>463</X>
      <Y>325</Y>
      <Punkt>
        <X>690698.98</X>
        <Y>571189.71</Y>
      </Punkt>
      <Rzedna>36.57</Rzedna>
    </Pikieta>
    <Pikieta rysuj="true" numer="102.08" kodTerenu="K01">
      <X>463</X>
      <Y>352</Y>
      <Punkt>
        <X>690702.1</X>
        <Y>571186.91</Y>
      </Punkt>
      <Rzedna>36.86</Rzedna>
    </Pikieta>
    <Pikieta rysuj="true" numer="102.09" kodTerenu="K01">
      <X>463</X>
      <Y>379</Y>
      <Punkt>
        <X>690704</X>
        <Y>571186.29</Y>
      </Punkt>
      <Rzedna>37.68</Rzedna>
    </Pikieta>
    <Pikieta rysuj="true" numer="102.10" kodTerenu="K01">
      <X>463</X>
      <Y>406</Y>
      <Punkt>
        <X>690704.95</X>
        <Y>571186.04</Y>
      </Punkt>
      <Rzedna>39.03</Rzedna>
    </Pikieta>
    <Pikieta rysuj="true" numer="102.11" kodTerenu="T02">
      <X>463</X>
      <Y>433</Y>
      <Punkt>
        <X>690707.32</X>
        <Y>571185.02</Y>
      </Punkt>
      <Rzedna>39.87</Rzedna>
    </Pikieta>
    <Pikieta rysuj="true" numer="102.12" kodTerenu="T02">
      <X>463</X>
      <Y>460</Y>
      <Punkt>
        <X>690711.14</X>
        <Y>571180.66</Y>
      </Punkt>
      <Rzedna>40</Rzedna>
    </Pikieta>
  </Pikiety>
  <Fotografie>
    <Fotografia rysuj="true" numer="102" rotacja="110">
      <X>531</X>
      <Y>518</Y>
    </Fotografia>
  </Fotografie>
  <Skarpy>
    <Skarpa rysuj="true" startPikieta="2" endPikieta="3" brzeg="true" />
    <Skarpa rysuj="true" startPikieta="10" endPikieta="11" brzeg="true" />
  </Skarpy>
  <Drogi />
  <Zabudowy />
  <Teksty />
</SzkicPrzekroju>