<?xml version="1.0" encoding="utf-8"?>
<SzkicPrzekroju xmlns:xsi="http://www.w3.org/2001/XMLSchema-instance" xmlns:xsd="http://www.w3.org/2001/XMLSchema" nazwaCieku="Pasłęka" numerObiektu="103" numerPrzekroju="103" dataPomiaru="28.03.2012">
  <Koryto rysuj="true" startPikieta="4" endPikieta="12" />
  <Pikiety>
    <Pikieta rysuj="true" numer="103.01" kodTerenu="">
      <X>463</X>
      <Y>163</Y>
      <Punkt>
        <X>690544.85</X>
        <Y>571578.14</Y>
      </Punkt>
      <Rzedna>58.6</Rzedna>
    </Pikieta>
    <Pikieta rysuj="true" numer="103.02" kodTerenu="T06">
      <X>463</X>
      <Y>184</Y>
      <Punkt>
        <X>690550.51</X>
        <Y>571586.12</Y>
      </Punkt>
      <Rzedna>58.26</Rzedna>
    </Pikieta>
    <Pikieta rysuj="true" numer="103.03" kodTerenu="T05">
      <X>463</X>
      <Y>205</Y>
      <Punkt>
        <X>690568.96</X>
        <Y>571601.08</Y>
      </Punkt>
      <Rzedna>40.66</Rzedna>
    </Pikieta>
    <Pikieta rysuj="true" numer="103.04" kodTerenu="T05">
      <X>463</X>
      <Y>226</Y>
      <Punkt>
        <X>690569.1</X>
        <Y>571602.32</Y>
      </Punkt>
      <Rzedna>39.44</Rzedna>
    </Pikieta>
    <Pikieta rysuj="true" numer="103.05" kodTerenu="K01">
      <X>463</X>
      <Y>247</Y>
      <Punkt>
        <X>690570.4</X>
        <Y>571603.42</Y>
      </Punkt>
      <Rzedna>38.88</Rzedna>
    </Pikieta>
    <Pikieta rysuj="true" numer="103.06" kodTerenu="K03">
      <X>463</X>
      <Y>268</Y>
      <Punkt>
        <X>690572.43</X>
        <Y>571605.45</Y>
      </Punkt>
      <Rzedna>37.92</Rzedna>
    </Pikieta>
    <Pikieta rysuj="true" numer="103.07" kodTerenu="K03">
      <X>463</X>
      <Y>289</Y>
      <Punkt>
        <X>690573.83</X>
        <Y>571606.43</Y>
      </Punkt>
      <Rzedna>37.31</Rzedna>
    </Pikieta>
    <Pikieta rysuj="true" numer="103.08" kodTerenu="K02">
      <X>463</X>
      <Y>310</Y>
      <Punkt>
        <X>690575.61</X>
        <Y>571607.95</Y>
      </Punkt>
      <Rzedna>37.32</Rzedna>
    </Pikieta>
    <Pikieta rysuj="true" numer="103.09" kodTerenu="K01">
      <X>463</X>
      <Y>331</Y>
      <Punkt>
        <X>690577.34</X>
        <Y>571610.47</Y>
      </Punkt>
      <Rzedna>37.73</Rzedna>
    </Pikieta>
    <Pikieta rysuj="true" numer="103.10" kodTerenu="K01">
      <X>463</X>
      <Y>352</Y>
      <Punkt>
        <X>690578.34</X>
        <Y>571612.17</Y>
      </Punkt>
      <Rzedna>38.56</Rzedna>
    </Pikieta>
    <Pikieta rysuj="true" numer="103.11" kodTerenu="K01">
      <X>463</X>
      <Y>373</Y>
      <Punkt>
        <X>690579.65</X>
        <Y>571614.03</Y>
      </Punkt>
      <Rzedna>39.18</Rzedna>
    </Pikieta>
    <Pikieta rysuj="true" numer="103.12" kodTerenu="K01">
      <X>463</X>
      <Y>394</Y>
      <Punkt>
        <X>690579.97</X>
        <Y>571614.55</Y>
      </Punkt>
      <Rzedna>39.44</Rzedna>
    </Pikieta>
    <Pikieta rysuj="true" numer="103.13" kodTerenu="T05">
      <X>463</X>
      <Y>415</Y>
      <Punkt>
        <X>690580.63</X>
        <Y>571616.05</Y>
      </Punkt>
      <Rzedna>40.16</Rzedna>
    </Pikieta>
    <Pikieta rysuj="true" numer="103.14" kodTerenu="T05">
      <X>463</X>
      <Y>436</Y>
      <Punkt>
        <X>690582.39</X>
        <Y>571620.95</Y>
      </Punkt>
      <Rzedna>40.6</Rzedna>
    </Pikieta>
    <Pikieta rysuj="true" numer="103.15" kodTerenu="T05">
      <X>463</X>
      <Y>457</Y>
      <Punkt>
        <X>690586.06</X>
        <Y>571627.5</Y>
      </Punkt>
      <Rzedna>40.55</Rzedna>
    </Pikieta>
  </Pikiety>
  <Fotografie>
    <Fotografia rysuj="true" numer="103" rotacja="110">
      <X>553</X>
      <Y>500</Y>
    </Fotografia>
  </Fotografie>
  <Skarpy>
    <Skarpa rysuj="true" startPikieta="3" endPikieta="4" brzeg="true" />
    <Skarpa rysuj="true" startPikieta="12" endPikieta="13" brzeg="true" />
    <Skarpa rysuj="true" startPikieta="2" endPikieta="3" brzeg="false" />
  </Skarpy>
  <Drogi />
  <Zabudowy />
  <Teksty />
</SzkicPrzekroju>