<?xml version="1.0" encoding="utf-8"?>
<SzkicPrzekroju xmlns:xsi="http://www.w3.org/2001/XMLSchema-instance" xmlns:xsd="http://www.w3.org/2001/XMLSchema" nazwaCieku="Pasłęka" numerObiektu="104" numerPrzekroju="104" dataPomiaru="28.03.2012">
  <Koryto rysuj="true" startPikieta="4" endPikieta="11" />
  <Pikiety>
    <Pikieta rysuj="true" numer="104.01" kodTerenu="">
      <X>463</X>
      <Y>163</Y>
      <Punkt>
        <X>690380.98</X>
        <Y>572162.61</Y>
      </Punkt>
      <Rzedna>40.91</Rzedna>
    </Pikieta>
    <Pikieta rysuj="true" numer="104.02" kodTerenu="T04">
      <X>463</X>
      <Y>184</Y>
      <Punkt>
        <X>690385.34</X>
        <Y>572164.85</Y>
      </Punkt>
      <Rzedna>41.02</Rzedna>
    </Pikieta>
    <Pikieta rysuj="true" numer="104.03" kodTerenu="T04">
      <X>463</X>
      <Y>205</Y>
      <Punkt>
        <X>690388.73</X>
        <Y>572165.8</Y>
      </Punkt>
      <Rzedna>40.69</Rzedna>
    </Pikieta>
    <Pikieta rysuj="true" numer="104.04" kodTerenu="T04">
      <X>463</X>
      <Y>226</Y>
      <Punkt>
        <X>690390.95</X>
        <Y>572166.69</Y>
      </Punkt>
      <Rzedna>39.76</Rzedna>
    </Pikieta>
    <Pikieta rysuj="true" numer="104.05" kodTerenu="K02">
      <X>463</X>
      <Y>247</Y>
      <Punkt>
        <X>690392.8</X>
        <Y>572167.42</Y>
      </Punkt>
      <Rzedna>39.14</Rzedna>
    </Pikieta>
    <Pikieta rysuj="true" numer="104.06" kodTerenu="K02">
      <X>463</X>
      <Y>268</Y>
      <Punkt>
        <X>690395.47</X>
        <Y>572168.59</Y>
      </Punkt>
      <Rzedna>38.72</Rzedna>
    </Pikieta>
    <Pikieta rysuj="true" numer="104.07" kodTerenu="K03">
      <X>463</X>
      <Y>289</Y>
      <Punkt>
        <X>690396.92</X>
        <Y>572169.74</Y>
      </Punkt>
      <Rzedna>38.57</Rzedna>
    </Pikieta>
    <Pikieta rysuj="true" numer="104.08" kodTerenu="K05">
      <X>463</X>
      <Y>310</Y>
      <Punkt>
        <X>690398.54</X>
        <Y>572170.12</Y>
      </Punkt>
      <Rzedna>38.43</Rzedna>
    </Pikieta>
    <Pikieta rysuj="true" numer="104.09" kodTerenu="K02">
      <X>463</X>
      <Y>331</Y>
      <Punkt>
        <X>690401.57</X>
        <Y>572172.47</Y>
      </Punkt>
      <Rzedna>38.21</Rzedna>
    </Pikieta>
    <Pikieta rysuj="true" numer="104.10" kodTerenu="K02">
      <X>463</X>
      <Y>352</Y>
      <Punkt>
        <X>690403.18</X>
        <Y>572173.41</Y>
      </Punkt>
      <Rzedna>38.98</Rzedna>
    </Pikieta>
    <Pikieta rysuj="true" numer="104.11" kodTerenu="K02">
      <X>463</X>
      <Y>373</Y>
      <Punkt>
        <X>690403.61</X>
        <Y>572173.33</Y>
      </Punkt>
      <Rzedna>39.76</Rzedna>
    </Pikieta>
    <Pikieta rysuj="true" numer="104.12" kodTerenu="T05">
      <X>463</X>
      <Y>394</Y>
      <Punkt>
        <X>690405.33</X>
        <Y>572173.85</Y>
      </Punkt>
      <Rzedna>40.52</Rzedna>
    </Pikieta>
    <Pikieta rysuj="true" numer="104.13" kodTerenu="T05">
      <X>463</X>
      <Y>415</Y>
      <Punkt>
        <X>690409.34</X>
        <Y>572174.94</Y>
      </Punkt>
      <Rzedna>41.88</Rzedna>
    </Pikieta>
    <Pikieta rysuj="true" numer="104.14" kodTerenu="T05">
      <X>463</X>
      <Y>436</Y>
      <Punkt>
        <X>690413.13</X>
        <Y>572176.35</Y>
      </Punkt>
      <Rzedna>43.61</Rzedna>
    </Pikieta>
    <Pikieta rysuj="true" numer="104.15" kodTerenu="T05">
      <X>463</X>
      <Y>457</Y>
      <Punkt>
        <X>690417.12</X>
        <Y>572178.16</Y>
      </Punkt>
      <Rzedna>43.99</Rzedna>
    </Pikieta>
  </Pikiety>
  <Fotografie>
    <Fotografia rysuj="true" numer="104" rotacja="90">
      <X>495</X>
      <Y>493</Y>
    </Fotografia>
  </Fotografie>
  <Skarpy>
    <Skarpa rysuj="true" startPikieta="3" endPikieta="4" brzeg="true" />
    <Skarpa rysuj="true" startPikieta="11" endPikieta="12" brzeg="true" />
  </Skarpy>
  <Drogi />
  <Zabudowy />
  <Teksty />
</SzkicPrzekroju>