<?xml version="1.0" encoding="utf-8"?>
<SzkicPrzekroju xmlns:xsi="http://www.w3.org/2001/XMLSchema-instance" xmlns:xsd="http://www.w3.org/2001/XMLSchema" nazwaCieku="Pasłęka" numerObiektu="105" numerPrzekroju="105" dataPomiaru="26.03.2012">
  <Koryto rysuj="true" startPikieta="3" endPikieta="11" />
  <Pikiety>
    <Pikieta rysuj="true" numer="105.01" kodTerenu="">
      <X>463</X>
      <Y>163</Y>
      <Punkt>
        <X>689374.61</X>
        <Y>571884.58</Y>
      </Punkt>
      <Rzedna>41.56</Rzedna>
    </Pikieta>
    <Pikieta rysuj="true" numer="105.02" kodTerenu="T05">
      <X>463</X>
      <Y>183</Y>
      <Punkt>
        <X>689368.89</X>
        <Y>571886.85</Y>
      </Punkt>
      <Rzedna>41.51</Rzedna>
    </Pikieta>
    <Pikieta rysuj="true" numer="105.03" kodTerenu="T05">
      <X>463</X>
      <Y>203</Y>
      <Punkt>
        <X>689368.51</X>
        <Y>571887.16</Y>
      </Punkt>
      <Rzedna>40.69</Rzedna>
    </Pikieta>
    <Pikieta rysuj="true" numer="105.04" kodTerenu="K02">
      <X>463</X>
      <Y>223</Y>
      <Punkt>
        <X>689367.88</X>
        <Y>571887.3</Y>
      </Punkt>
      <Rzedna>39.93</Rzedna>
    </Pikieta>
    <Pikieta rysuj="true" numer="105.05" kodTerenu="K01">
      <X>463</X>
      <Y>243</Y>
      <Punkt>
        <X>689367.44</X>
        <Y>571887.4</Y>
      </Punkt>
      <Rzedna>39.32</Rzedna>
    </Pikieta>
    <Pikieta rysuj="true" numer="105.06" kodTerenu="K01">
      <X>463</X>
      <Y>263</Y>
      <Punkt>
        <X>689365.59</X>
        <Y>571888.15</Y>
      </Punkt>
      <Rzedna>39</Rzedna>
    </Pikieta>
    <Pikieta rysuj="true" numer="105.07" kodTerenu="K01">
      <X>463</X>
      <Y>283</Y>
      <Punkt>
        <X>689364.68</X>
        <Y>571888.52</Y>
      </Punkt>
      <Rzedna>38.5</Rzedna>
    </Pikieta>
    <Pikieta rysuj="true" numer="105.08" kodTerenu="K01">
      <X>463</X>
      <Y>303</Y>
      <Punkt>
        <X>689359.89</X>
        <Y>571890.79</Y>
      </Punkt>
      <Rzedna>39.19</Rzedna>
    </Pikieta>
    <Pikieta rysuj="true" numer="105.09" kodTerenu="K02">
      <X>463</X>
      <Y>323</Y>
      <Punkt>
        <X>689357.77</X>
        <Y>571891.37</Y>
      </Punkt>
      <Rzedna>39.9</Rzedna>
    </Pikieta>
    <Pikieta rysuj="true" numer="105.10" kodTerenu="K02">
      <X>463</X>
      <Y>343</Y>
      <Punkt>
        <X>689355.55</X>
        <Y>571892.12</Y>
      </Punkt>
      <Rzedna>40.39</Rzedna>
    </Pikieta>
    <Pikieta rysuj="true" numer="105.11" kodTerenu="K02">
      <X>463</X>
      <Y>363</Y>
      <Punkt>
        <X>689355.22</X>
        <Y>571892.35</Y>
      </Punkt>
      <Rzedna>40.69</Rzedna>
    </Pikieta>
    <Pikieta rysuj="true" numer="105.12" kodTerenu="T08">
      <X>463</X>
      <Y>383</Y>
      <Punkt>
        <X>689354.68</X>
        <Y>571892.52</Y>
      </Punkt>
      <Rzedna>40.92</Rzedna>
    </Pikieta>
    <Pikieta rysuj="true" numer="105.13" kodTerenu="T08">
      <X>463</X>
      <Y>403</Y>
      <Punkt>
        <X>689349.39</X>
        <Y>571894.26</Y>
      </Punkt>
      <Rzedna>41.64</Rzedna>
    </Pikieta>
    <Pikieta rysuj="true" numer="105.14" kodTerenu="T08">
      <X>463</X>
      <Y>423</Y>
      <Punkt>
        <X>689339.1</X>
        <Y>571897.32</Y>
      </Punkt>
      <Rzedna>41.39</Rzedna>
    </Pikieta>
    <Pikieta rysuj="true" numer="105.15" kodTerenu="T07">
      <X>463</X>
      <Y>443</Y>
      <Punkt>
        <X>689333.81</X>
        <Y>571898.83</Y>
      </Punkt>
      <Rzedna>43.96</Rzedna>
    </Pikieta>
    <Pikieta rysuj="true" numer="105.16" kodTerenu="T07">
      <X>463</X>
      <Y>463</Y>
      <Punkt>
        <X>689329.31</X>
        <Y>571900.08</Y>
      </Punkt>
      <Rzedna>43.81</Rzedna>
    </Pikieta>
  </Pikiety>
  <Fotografie>
    <Fotografia rysuj="true" numer="105" rotacja="90">
      <X>463</X>
      <Y>493</Y>
    </Fotografia>
  </Fotografie>
  <Skarpy>
    <Skarpa rysuj="true" startPikieta="2" endPikieta="3" brzeg="true" />
    <Skarpa rysuj="true" startPikieta="11" endPikieta="12" brzeg="true" />
    <Skarpa rysuj="true" startPikieta="14" endPikieta="15" brzeg="false" />
  </Skarpy>
  <Drogi />
  <Zabudowy />
  <Teksty />
</SzkicPrzekroju>