<?xml version="1.0" encoding="utf-8"?>
<SzkicPrzekroju xmlns:xsi="http://www.w3.org/2001/XMLSchema-instance" xmlns:xsd="http://www.w3.org/2001/XMLSchema" nazwaCieku="Pasłęka" numerObiektu="106" numerPrzekroju="106" dataPomiaru="26.03.2012">
  <Koryto rysuj="true" startPikieta="3" endPikieta="9" />
  <Pikiety>
    <Pikieta rysuj="true" numer="106.01" kodTerenu="">
      <X>463</X>
      <Y>163</Y>
      <Punkt>
        <X>689224.15</X>
        <Y>571916.43</Y>
      </Punkt>
      <Rzedna>42.89</Rzedna>
    </Pikieta>
    <Pikieta rysuj="true" numer="106.02" kodTerenu="T07">
      <X>463</X>
      <Y>193</Y>
      <Punkt>
        <X>689229.8</X>
        <Y>571918.45</Y>
      </Punkt>
      <Rzedna>42.97</Rzedna>
    </Pikieta>
    <Pikieta rysuj="true" numer="106.03" kodTerenu="T07">
      <X>463</X>
      <Y>223</Y>
      <Punkt>
        <X>689231.82</X>
        <Y>571918.53</Y>
      </Punkt>
      <Rzedna>40.93</Rzedna>
    </Pikieta>
    <Pikieta rysuj="true" numer="106.04" kodTerenu="K01">
      <X>463</X>
      <Y>253</Y>
      <Punkt>
        <X>689232.29</X>
        <Y>571918.71</Y>
      </Punkt>
      <Rzedna>40.2</Rzedna>
    </Pikieta>
    <Pikieta rysuj="true" numer="106.05" kodTerenu="K01">
      <X>463</X>
      <Y>283</Y>
      <Punkt>
        <X>689234.15</X>
        <Y>571919.44</Y>
      </Punkt>
      <Rzedna>39.55</Rzedna>
    </Pikieta>
    <Pikieta rysuj="true" numer="106.06" kodTerenu="K01">
      <X>463</X>
      <Y>313</Y>
      <Punkt>
        <X>689237.88</X>
        <Y>571920.89</Y>
      </Punkt>
      <Rzedna>39.12</Rzedna>
    </Pikieta>
    <Pikieta rysuj="true" numer="106.07" kodTerenu="K01">
      <X>463</X>
      <Y>343</Y>
      <Punkt>
        <X>689244.46</X>
        <Y>571922.66</Y>
      </Punkt>
      <Rzedna>39.54</Rzedna>
    </Pikieta>
    <Pikieta rysuj="true" numer="106.08" kodTerenu="K02">
      <X>463</X>
      <Y>373</Y>
      <Punkt>
        <X>689246.36</X>
        <Y>571923.71</Y>
      </Punkt>
      <Rzedna>40.61</Rzedna>
    </Pikieta>
    <Pikieta rysuj="true" numer="106.09" kodTerenu="K02">
      <X>463</X>
      <Y>403</Y>
      <Punkt>
        <X>689247.57</X>
        <Y>571924.45</Y>
      </Punkt>
      <Rzedna>40.93</Rzedna>
    </Pikieta>
    <Pikieta rysuj="true" numer="106.10" kodTerenu="T02">
      <X>463</X>
      <Y>433</Y>
      <Punkt>
        <X>689249.05</X>
        <Y>571925.87</Y>
      </Punkt>
      <Rzedna>42.57</Rzedna>
    </Pikieta>
    <Pikieta rysuj="true" numer="106.11" kodTerenu="T02">
      <X>463</X>
      <Y>463</Y>
      <Punkt>
        <X>689254.74</X>
        <Y>571928.62</Y>
      </Punkt>
      <Rzedna>42.7</Rzedna>
    </Pikieta>
  </Pikiety>
  <Fotografie>
    <Fotografia rysuj="true" numer="106" rotacja="90">
      <X>463</X>
      <Y>493</Y>
    </Fotografia>
  </Fotografie>
  <Skarpy>
    <Skarpa rysuj="true" startPikieta="2" endPikieta="3" brzeg="true" />
    <Skarpa rysuj="true" startPikieta="9" endPikieta="10" brzeg="true" />
  </Skarpy>
  <Drogi />
  <Zabudowy />
  <Teksty />
</SzkicPrzekroju>