<?xml version="1.0" encoding="utf-8"?>
<SzkicPrzekroju xmlns:xsi="http://www.w3.org/2001/XMLSchema-instance" xmlns:xsd="http://www.w3.org/2001/XMLSchema" nazwaCieku="Pasłęka" numerObiektu="107" numerPrzekroju="107" dataPomiaru="26.03.2012">
  <Koryto rysuj="true" startPikieta="6" endPikieta="12" />
  <Pikiety>
    <Pikieta rysuj="true" numer="107.01" kodTerenu="">
      <X>463</X>
      <Y>163</Y>
      <Punkt>
        <X>689385.51</X>
        <Y>572280.46</Y>
      </Punkt>
      <Rzedna>45.68</Rzedna>
    </Pikieta>
    <Pikieta rysuj="true" numer="107.02" kodTerenu="T03">
      <X>463</X>
      <Y>184</Y>
      <Punkt>
        <X>689394.77</X>
        <Y>572282.52</Y>
      </Punkt>
      <Rzedna>45.51</Rzedna>
    </Pikieta>
    <Pikieta rysuj="true" numer="107.03" kodTerenu="T04">
      <X>463</X>
      <Y>205</Y>
      <Punkt>
        <X>689399.2</X>
        <Y>572282.75</Y>
      </Punkt>
      <Rzedna>44.94</Rzedna>
    </Pikieta>
    <Pikieta rysuj="true" numer="107.04" kodTerenu="T04">
      <X>463</X>
      <Y>226</Y>
      <Punkt>
        <X>689403.33</X>
        <Y>572282.39</Y>
      </Punkt>
      <Rzedna>43.33</Rzedna>
    </Pikieta>
    <Pikieta rysuj="true" numer="107.05" kodTerenu="T01">
      <X>463</X>
      <Y>247</Y>
      <Punkt>
        <X>689405.73</X>
        <Y>572281.94</Y>
      </Punkt>
      <Rzedna>42.99</Rzedna>
    </Pikieta>
    <Pikieta rysuj="true" numer="107.06" kodTerenu="T01">
      <X>463</X>
      <Y>268</Y>
      <Punkt>
        <X>689409.29</X>
        <Y>572281.38</Y>
      </Punkt>
      <Rzedna>41.74</Rzedna>
    </Pikieta>
    <Pikieta rysuj="true" numer="107.07" kodTerenu="K02">
      <X>463</X>
      <Y>289</Y>
      <Punkt>
        <X>689410.45</X>
        <Y>572281.17</Y>
      </Punkt>
      <Rzedna>41.1</Rzedna>
    </Pikieta>
    <Pikieta rysuj="true" numer="107.08" kodTerenu="K02">
      <X>463</X>
      <Y>310</Y>
      <Punkt>
        <X>689413.3</X>
        <Y>572280.92</Y>
      </Punkt>
      <Rzedna>40.67</Rzedna>
    </Pikieta>
    <Pikieta rysuj="true" numer="107.09" kodTerenu="K02">
      <X>463</X>
      <Y>331</Y>
      <Punkt>
        <X>689416.87</X>
        <Y>572281.99</Y>
      </Punkt>
      <Rzedna>40.44</Rzedna>
    </Pikieta>
    <Pikieta rysuj="true" numer="107.10" kodTerenu="K02">
      <X>463</X>
      <Y>352</Y>
      <Punkt>
        <X>689421.56</X>
        <Y>572282.2</Y>
      </Punkt>
      <Rzedna>40.7</Rzedna>
    </Pikieta>
    <Pikieta rysuj="true" numer="107.11" kodTerenu="K02">
      <X>463</X>
      <Y>373</Y>
      <Punkt>
        <X>689425.96</X>
        <Y>572282.53</Y>
      </Punkt>
      <Rzedna>41.47</Rzedna>
    </Pikieta>
    <Pikieta rysuj="true" numer="107.12" kodTerenu="K02">
      <X>463</X>
      <Y>394</Y>
      <Punkt>
        <X>689426.9</X>
        <Y>572282.64</Y>
      </Punkt>
      <Rzedna>41.74</Rzedna>
    </Pikieta>
    <Pikieta rysuj="true" numer="107.13" kodTerenu="T06">
      <X>463</X>
      <Y>415</Y>
      <Punkt>
        <X>689431.24</X>
        <Y>572282.41</Y>
      </Punkt>
      <Rzedna>42.96</Rzedna>
    </Pikieta>
    <Pikieta rysuj="true" numer="107.14" kodTerenu="T06">
      <X>463</X>
      <Y>436</Y>
      <Punkt>
        <X>689436.01</X>
        <Y>572281.21</Y>
      </Punkt>
      <Rzedna>42.84</Rzedna>
    </Pikieta>
    <Pikieta rysuj="true" numer="107.15" kodTerenu="T04">
      <X>463</X>
      <Y>457</Y>
      <Punkt>
        <X>689444.79</X>
        <Y>572280.55</Y>
      </Punkt>
      <Rzedna>43.6</Rzedna>
    </Pikieta>
  </Pikiety>
  <Fotografie>
    <Fotografia rysuj="true" numer="107" rotacja="90">
      <X>463</X>
      <Y>493</Y>
    </Fotografia>
  </Fotografie>
  <Skarpy>
    <Skarpa rysuj="true" startPikieta="5" endPikieta="6" brzeg="true" />
    <Skarpa rysuj="true" startPikieta="12" endPikieta="13" brzeg="true" />
    <Skarpa rysuj="true" startPikieta="4" endPikieta="3" brzeg="false" />
  </Skarpy>
  <Drogi />
  <Zabudowy />
  <Teksty />
</SzkicPrzekroju>