<?xml version="1.0" encoding="utf-8"?>
<SzkicPrzekroju xmlns:xsi="http://www.w3.org/2001/XMLSchema-instance" xmlns:xsd="http://www.w3.org/2001/XMLSchema" nazwaCieku="Pasłęka" numerObiektu="108" numerPrzekroju="108" dataPomiaru="26.03.2012">
  <Koryto rysuj="true" startPikieta="3" endPikieta="9" />
  <Pikiety>
    <Pikieta rysuj="true" numer="108.01" kodTerenu="">
      <X>463</X>
      <Y>163</Y>
      <Punkt>
        <X>688957.19</X>
        <Y>572544.17</Y>
      </Punkt>
      <Rzedna>44.09</Rzedna>
    </Pikieta>
    <Pikieta rysuj="true" numer="108.02" kodTerenu="T02">
      <X>463</X>
      <Y>193</Y>
      <Punkt>
        <X>688965.91</X>
        <Y>572546.39</Y>
      </Punkt>
      <Rzedna>43.88</Rzedna>
    </Pikieta>
    <Pikieta rysuj="true" numer="108.03" kodTerenu="T02">
      <X>463</X>
      <Y>223</Y>
      <Punkt>
        <X>688967.16</X>
        <Y>572546.64</Y>
      </Punkt>
      <Rzedna>43.06</Rzedna>
    </Pikieta>
    <Pikieta rysuj="true" numer="108.04" kodTerenu="K02">
      <X>463</X>
      <Y>253</Y>
      <Punkt>
        <X>688968.94</X>
        <Y>572546.98</Y>
      </Punkt>
      <Rzedna>42.02</Rzedna>
    </Pikieta>
    <Pikieta rysuj="true" numer="108.05" kodTerenu="K02">
      <X>463</X>
      <Y>283</Y>
      <Punkt>
        <X>688970.75</X>
        <Y>572547.35</Y>
      </Punkt>
      <Rzedna>41.51</Rzedna>
    </Pikieta>
    <Pikieta rysuj="true" numer="108.06" kodTerenu="K02">
      <X>463</X>
      <Y>313</Y>
      <Punkt>
        <X>688973.36</X>
        <Y>572548.35</Y>
      </Punkt>
      <Rzedna>41.67</Rzedna>
    </Pikieta>
    <Pikieta rysuj="true" numer="108.07" kodTerenu="K02">
      <X>463</X>
      <Y>343</Y>
      <Punkt>
        <X>688975.94</X>
        <Y>572548.43</Y>
      </Punkt>
      <Rzedna>41.93</Rzedna>
    </Pikieta>
    <Pikieta rysuj="true" numer="108.08" kodTerenu="K01">
      <X>463</X>
      <Y>373</Y>
      <Punkt>
        <X>688977.5</X>
        <Y>572548.63</Y>
      </Punkt>
      <Rzedna>42.62</Rzedna>
    </Pikieta>
    <Pikieta rysuj="true" numer="108.09" kodTerenu="K01">
      <X>463</X>
      <Y>403</Y>
      <Punkt>
        <X>688977.85</X>
        <Y>572548.68</Y>
      </Punkt>
      <Rzedna>43.06</Rzedna>
    </Pikieta>
    <Pikieta rysuj="true" numer="108.10" kodTerenu="T02">
      <X>463</X>
      <Y>433</Y>
      <Punkt>
        <X>688980.05</X>
        <Y>572549.42</Y>
      </Punkt>
      <Rzedna>44.18</Rzedna>
    </Pikieta>
    <Pikieta rysuj="true" numer="108.11" kodTerenu="T02">
      <X>463</X>
      <Y>463</Y>
      <Punkt>
        <X>688985.88</X>
        <Y>572551.26</Y>
      </Punkt>
      <Rzedna>44.17</Rzedna>
    </Pikieta>
  </Pikiety>
  <Fotografie>
    <Fotografia rysuj="true" numer="108" rotacja="80">
      <X>465</X>
      <Y>509</Y>
    </Fotografia>
  </Fotografie>
  <Skarpy>
    <Skarpa rysuj="true" startPikieta="2" endPikieta="3" brzeg="true" />
    <Skarpa rysuj="true" startPikieta="9" endPikieta="10" brzeg="true" />
  </Skarpy>
  <Drogi />
  <Zabudowy />
  <Teksty />
</SzkicPrzekroju>