<?xml version="1.0" encoding="utf-8"?>
<SzkicPrzekroju xmlns:xsi="http://www.w3.org/2001/XMLSchema-instance" xmlns:xsd="http://www.w3.org/2001/XMLSchema" nazwaCieku="Pasłęka" numerObiektu="109" numerPrzekroju="109" dataPomiaru="26.03.2012">
  <Koryto rysuj="true" startPikieta="3" endPikieta="12" />
  <Pikiety>
    <Pikieta rysuj="true" numer="109.01" kodTerenu="">
      <X>463</X>
      <Y>163</Y>
      <Punkt>
        <X>688349.11</X>
        <Y>572622.36</Y>
      </Punkt>
      <Rzedna>48.32</Rzedna>
    </Pikieta>
    <Pikieta rysuj="true" numer="109.02" kodTerenu="T01">
      <X>463</X>
      <Y>186</Y>
      <Punkt>
        <X>688351.41</X>
        <Y>572631.84</Y>
      </Punkt>
      <Rzedna>47.53</Rzedna>
    </Pikieta>
    <Pikieta rysuj="true" numer="109.03" kodTerenu="T01">
      <X>463</X>
      <Y>209</Y>
      <Punkt>
        <X>688352.38</X>
        <Y>572641.18</Y>
      </Punkt>
      <Rzedna>43.92</Rzedna>
    </Pikieta>
    <Pikieta rysuj="true" numer="109.04" kodTerenu="K01">
      <X>463</X>
      <Y>232</Y>
      <Punkt>
        <X>688352.6</X>
        <Y>572641.89</Y>
      </Punkt>
      <Rzedna>43.61</Rzedna>
    </Pikieta>
    <Pikieta rysuj="true" numer="109.05" kodTerenu="K01">
      <X>463</X>
      <Y>255</Y>
      <Punkt>
        <X>688352.69</X>
        <Y>572642.21</Y>
      </Punkt>
      <Rzedna>43.65</Rzedna>
    </Pikieta>
    <Pikieta rysuj="true" numer="109.06" kodTerenu="K01">
      <X>463</X>
      <Y>278</Y>
      <Punkt>
        <X>688352.66</X>
        <Y>572642.41</Y>
      </Punkt>
      <Rzedna>42.94</Rzedna>
    </Pikieta>
    <Pikieta rysuj="true" numer="109.07" kodTerenu="K02">
      <X>463</X>
      <Y>301</Y>
      <Punkt>
        <X>688352.55</X>
        <Y>572645.88</Y>
      </Punkt>
      <Rzedna>42.92</Rzedna>
    </Pikieta>
    <Pikieta rysuj="true" numer="109.08" kodTerenu="K02">
      <X>463</X>
      <Y>324</Y>
      <Punkt>
        <X>688352.71</X>
        <Y>572647.94</Y>
      </Punkt>
      <Rzedna>42.94</Rzedna>
    </Pikieta>
    <Pikieta rysuj="true" numer="109.09" kodTerenu="K05">
      <X>463</X>
      <Y>347</Y>
      <Punkt>
        <X>688353.11</X>
        <Y>572651.22</Y>
      </Punkt>
      <Rzedna>42.7</Rzedna>
    </Pikieta>
    <Pikieta rysuj="true" numer="109.10" kodTerenu="K01">
      <X>463</X>
      <Y>370</Y>
      <Punkt>
        <X>688353.86</X>
        <Y>572653.34</Y>
      </Punkt>
      <Rzedna>42.47</Rzedna>
    </Pikieta>
    <Pikieta rysuj="true" numer="109.11" kodTerenu="K01">
      <X>463</X>
      <Y>393</Y>
      <Punkt>
        <X>688353.75</X>
        <Y>572654.7</Y>
      </Punkt>
      <Rzedna>43.41</Rzedna>
    </Pikieta>
    <Pikieta rysuj="true" numer="109.12" kodTerenu="K01">
      <X>463</X>
      <Y>416</Y>
      <Punkt>
        <X>688353.77</X>
        <Y>572655.16</Y>
      </Punkt>
      <Rzedna>43.92</Rzedna>
    </Pikieta>
    <Pikieta rysuj="true" numer="109.13" kodTerenu="T02">
      <X>463</X>
      <Y>439</Y>
      <Punkt>
        <X>688354.18</X>
        <Y>572656.4</Y>
      </Punkt>
      <Rzedna>44.71</Rzedna>
    </Pikieta>
    <Pikieta rysuj="true" numer="109.14" kodTerenu="T07">
      <X>463</X>
      <Y>462</Y>
      <Punkt>
        <X>688355.28</X>
        <Y>572662.31</Y>
      </Punkt>
      <Rzedna>44.79</Rzedna>
    </Pikieta>
  </Pikiety>
  <Fotografie>
    <Fotografia rysuj="true" numer="109" rotacja="90">
      <X>482</X>
      <Y>493</Y>
    </Fotografia>
  </Fotografie>
  <Skarpy>
    <Skarpa rysuj="true" startPikieta="2" endPikieta="3" brzeg="true" />
    <Skarpa rysuj="true" startPikieta="12" endPikieta="13" brzeg="true" />
  </Skarpy>
  <Drogi />
  <Zabudowy />
  <Teksty />
</SzkicPrzekroju>