<?xml version="1.0" encoding="utf-8"?>
<SzkicPrzekroju xmlns:xsi="http://www.w3.org/2001/XMLSchema-instance" xmlns:xsd="http://www.w3.org/2001/XMLSchema" nazwaCieku="Pasłęka" numerObiektu="110" numerPrzekroju="110" dataPomiaru="23.03.2012">
  <Koryto rysuj="true" startPikieta="3" endPikieta="9" />
  <Pikiety>
    <Pikieta rysuj="true" numer="110.01" kodTerenu="">
      <X>463</X>
      <Y>163</Y>
      <Punkt>
        <X>688071.51</X>
        <Y>573210.32</Y>
      </Punkt>
      <Rzedna>45.74</Rzedna>
    </Pikieta>
    <Pikieta rysuj="true" numer="110.02" kodTerenu="T01">
      <X>463</X>
      <Y>188</Y>
      <Punkt>
        <X>688079.25</X>
        <Y>573210.46</Y>
      </Punkt>
      <Rzedna>45.16</Rzedna>
    </Pikieta>
    <Pikieta rysuj="true" numer="110.03" kodTerenu="T01">
      <X>463</X>
      <Y>213</Y>
      <Punkt>
        <X>688079.84</X>
        <Y>573210.37</Y>
      </Punkt>
      <Rzedna>43.58</Rzedna>
    </Pikieta>
    <Pikieta rysuj="true" numer="110.04" kodTerenu="K01">
      <X>463</X>
      <Y>238</Y>
      <Punkt>
        <X>688081.8</X>
        <Y>573210.17</Y>
      </Punkt>
      <Rzedna>43.62</Rzedna>
    </Pikieta>
    <Pikieta rysuj="true" numer="110.05" kodTerenu="K02">
      <X>463</X>
      <Y>263</Y>
      <Punkt>
        <X>688083.86</X>
        <Y>573209.58</Y>
      </Punkt>
      <Rzedna>43.32</Rzedna>
    </Pikieta>
    <Pikieta rysuj="true" numer="110.06" kodTerenu="K03">
      <X>463</X>
      <Y>288</Y>
      <Punkt>
        <X>688086.02</X>
        <Y>573209.26</Y>
      </Punkt>
      <Rzedna>42.63</Rzedna>
    </Pikieta>
    <Pikieta rysuj="true" numer="110.07" kodTerenu="K03">
      <X>463</X>
      <Y>313</Y>
      <Punkt>
        <X>688088.13</X>
        <Y>573209.45</Y>
      </Punkt>
      <Rzedna>42.88</Rzedna>
    </Pikieta>
    <Pikieta rysuj="true" numer="110.08" kodTerenu="K01">
      <X>463</X>
      <Y>338</Y>
      <Punkt>
        <X>688089.5</X>
        <Y>573209.56</Y>
      </Punkt>
      <Rzedna>43.21</Rzedna>
    </Pikieta>
    <Pikieta rysuj="true" numer="110.09" kodTerenu="K01">
      <X>463</X>
      <Y>363</Y>
      <Punkt>
        <X>688090.79</X>
        <Y>573209.18</Y>
      </Punkt>
      <Rzedna>43.58</Rzedna>
    </Pikieta>
    <Pikieta rysuj="true" numer="110.10" kodTerenu="T06">
      <X>463</X>
      <Y>388</Y>
      <Punkt>
        <X>688095.27</X>
        <Y>573207.62</Y>
      </Punkt>
      <Rzedna>48.32</Rzedna>
    </Pikieta>
    <Pikieta rysuj="true" numer="110.11" kodTerenu="T06">
      <X>463</X>
      <Y>413</Y>
      <Punkt>
        <X>688095.58</X>
        <Y>573207.61</Y>
      </Punkt>
      <Rzedna>48.34</Rzedna>
    </Pikieta>
    <Pikieta rysuj="true" numer="110.12" kodTerenu="T06">
      <X>463</X>
      <Y>438</Y>
      <Punkt>
        <X>688101.57</X>
        <Y>573207.98</Y>
      </Punkt>
      <Rzedna>50.49</Rzedna>
    </Pikieta>
    <Pikieta rysuj="true" numer="110.13" kodTerenu="T02">
      <X>463</X>
      <Y>463</Y>
      <Punkt>
        <X>688103.49</X>
        <Y>573208.35</Y>
      </Punkt>
      <Rzedna>50.38</Rzedna>
    </Pikieta>
  </Pikiety>
  <Fotografie>
    <Fotografia rysuj="true" numer="110" rotacja="90">
      <X>463</X>
      <Y>493</Y>
    </Fotografia>
  </Fotografie>
  <Skarpy>
    <Skarpa rysuj="true" startPikieta="2" endPikieta="3" brzeg="true" />
    <Skarpa rysuj="true" startPikieta="9" endPikieta="10" brzeg="true" />
    <Skarpa rysuj="true" startPikieta="11" endPikieta="12" brzeg="false" />
  </Skarpy>
  <Drogi />
  <Zabudowy />
  <Teksty />
</SzkicPrzekroju>