<?xml version="1.0" encoding="utf-8"?>
<SzkicPrzekroju xmlns:xsi="http://www.w3.org/2001/XMLSchema-instance" xmlns:xsd="http://www.w3.org/2001/XMLSchema" nazwaCieku="Pasłęka" numerObiektu="111" numerPrzekroju="111" dataPomiaru="23.03.2012">
  <Koryto rysuj="true" startPikieta="4" endPikieta="10" />
  <Pikiety>
    <Pikieta rysuj="true" numer="111.01" kodTerenu="">
      <X>463</X>
      <Y>163</Y>
      <Punkt>
        <X>687149.52</X>
        <Y>573244.31</Y>
      </Punkt>
      <Rzedna>71.69</Rzedna>
    </Pikieta>
    <Pikieta rysuj="true" numer="111.02" kodTerenu="T05">
      <X>463</X>
      <Y>184</Y>
      <Punkt>
        <X>687192.73</X>
        <Y>573261.9</Y>
      </Punkt>
      <Rzedna>47.3</Rzedna>
    </Pikieta>
    <Pikieta rysuj="true" numer="111.03" kodTerenu="T05">
      <X>463</X>
      <Y>205</Y>
      <Punkt>
        <X>687196.69</X>
        <Y>573263.89</Y>
      </Punkt>
      <Rzedna>46.66</Rzedna>
    </Pikieta>
    <Pikieta rysuj="true" numer="111.04" kodTerenu="T05">
      <X>463</X>
      <Y>226</Y>
      <Punkt>
        <X>687199.09</X>
        <Y>573265.02</Y>
      </Punkt>
      <Rzedna>45.87</Rzedna>
    </Pikieta>
    <Pikieta rysuj="true" numer="111.05" kodTerenu="K01">
      <X>463</X>
      <Y>247</Y>
      <Punkt>
        <X>687200.02</X>
        <Y>573265.26</Y>
      </Punkt>
      <Rzedna>44.93</Rzedna>
    </Pikieta>
    <Pikieta rysuj="true" numer="111.06" kodTerenu="K02">
      <X>463</X>
      <Y>268</Y>
      <Punkt>
        <X>687202.94</X>
        <Y>573266.16</Y>
      </Punkt>
      <Rzedna>44.9</Rzedna>
    </Pikieta>
    <Pikieta rysuj="true" numer="111.07" kodTerenu="K03">
      <X>463</X>
      <Y>289</Y>
      <Punkt>
        <X>687207.94</X>
        <Y>573268.18</Y>
      </Punkt>
      <Rzedna>44.87</Rzedna>
    </Pikieta>
    <Pikieta rysuj="true" numer="111.08" kodTerenu="K02">
      <X>463</X>
      <Y>310</Y>
      <Punkt>
        <X>687211.17</X>
        <Y>573269.31</Y>
      </Punkt>
      <Rzedna>44.95</Rzedna>
    </Pikieta>
    <Pikieta rysuj="true" numer="111.09" kodTerenu="K01">
      <X>463</X>
      <Y>331</Y>
      <Punkt>
        <X>687214.57</X>
        <Y>573270.81</Y>
      </Punkt>
      <Rzedna>45.36</Rzedna>
    </Pikieta>
    <Pikieta rysuj="true" numer="111.10" kodTerenu="K01">
      <X>463</X>
      <Y>352</Y>
      <Punkt>
        <X>687215.98</X>
        <Y>573271.63</Y>
      </Punkt>
      <Rzedna>45.87</Rzedna>
    </Pikieta>
    <Pikieta rysuj="true" numer="111.11" kodTerenu="T05">
      <X>463</X>
      <Y>373</Y>
      <Punkt>
        <X>687218.39</X>
        <Y>573272.92</Y>
      </Punkt>
      <Rzedna>46.98</Rzedna>
    </Pikieta>
    <Pikieta rysuj="true" numer="111.12" kodTerenu="T05">
      <X>463</X>
      <Y>394</Y>
      <Punkt>
        <X>687223.84</X>
        <Y>573275.23</Y>
      </Punkt>
      <Rzedna>47.06</Rzedna>
    </Pikieta>
    <Pikieta rysuj="true" numer="111.13" kodTerenu="T05">
      <X>463</X>
      <Y>415</Y>
      <Punkt>
        <X>687238.71</X>
        <Y>573280.61</Y>
      </Punkt>
      <Rzedna>47.11</Rzedna>
    </Pikieta>
    <Pikieta rysuj="true" numer="111.14" kodTerenu="T05">
      <X>463</X>
      <Y>436</Y>
      <Punkt>
        <X>687245.12</X>
        <Y>573282.87</Y>
      </Punkt>
      <Rzedna>48.73</Rzedna>
    </Pikieta>
    <Pikieta rysuj="true" numer="111.15" kodTerenu="T05">
      <X>463</X>
      <Y>457</Y>
      <Punkt>
        <X>687249.98</X>
        <Y>573284.39</Y>
      </Punkt>
      <Rzedna>49.08</Rzedna>
    </Pikieta>
  </Pikiety>
  <Fotografie>
    <Fotografia rysuj="true" numer="111" rotacja="105">
      <X>583</X>
      <Y>417</Y>
    </Fotografia>
  </Fotografie>
  <Skarpy>
    <Skarpa rysuj="true" startPikieta="3" endPikieta="4" brzeg="true" />
    <Skarpa rysuj="true" startPikieta="10" endPikieta="11" brzeg="true" />
    <Skarpa rysuj="true" startPikieta="1" endPikieta="2" brzeg="false" />
    <Skarpa rysuj="true" startPikieta="13" endPikieta="14" brzeg="false" />
  </Skarpy>
  <Drogi />
  <Zabudowy />
  <Teksty />
</SzkicPrzekroju>