<?xml version="1.0" encoding="utf-8"?>
<SzkicPrzekroju xmlns:xsi="http://www.w3.org/2001/XMLSchema-instance" xmlns:xsd="http://www.w3.org/2001/XMLSchema" nazwaCieku="Pasłęka" numerObiektu="113" numerPrzekroju="113" dataPomiaru="22.03.2012">
  <Koryto rysuj="true" startPikieta="6" endPikieta="13" />
  <Pikiety>
    <Pikieta rysuj="true" numer="113.01" kodTerenu="">
      <X>463</X>
      <Y>163</Y>
      <Punkt>
        <X>687552</X>
        <Y>574555.55</Y>
      </Punkt>
      <Rzedna>56.05</Rzedna>
    </Pikieta>
    <Pikieta rysuj="true" numer="113.02" kodTerenu="T05">
      <X>463</X>
      <Y>179</Y>
      <Punkt>
        <X>687556.41</X>
        <Y>574557.73</Y>
      </Punkt>
      <Rzedna>55.67</Rzedna>
    </Pikieta>
    <Pikieta rysuj="true" numer="113.03" kodTerenu="T05">
      <X>463</X>
      <Y>195</Y>
      <Punkt>
        <X>687569.66</X>
        <Y>574564.59</Y>
      </Punkt>
      <Rzedna>50.25</Rzedna>
    </Pikieta>
    <Pikieta rysuj="true" numer="113.04" kodTerenu="T05">
      <X>463</X>
      <Y>211</Y>
      <Punkt>
        <X>687575.63</X>
        <Y>574567.2</Y>
      </Punkt>
      <Rzedna>50.14</Rzedna>
    </Pikieta>
    <Pikieta rysuj="true" numer="113.05" kodTerenu="T05">
      <X>463</X>
      <Y>227</Y>
      <Punkt>
        <X>687577.22</X>
        <Y>574570.82</Y>
      </Punkt>
      <Rzedna>49.28</Rzedna>
    </Pikieta>
    <Pikieta rysuj="true" numer="113.06" kodTerenu="T05">
      <X>463</X>
      <Y>243</Y>
      <Punkt>
        <X>687578.45</X>
        <Y>574571.56</Y>
      </Punkt>
      <Rzedna>49.21</Rzedna>
    </Pikieta>
    <Pikieta rysuj="true" numer="113.07" kodTerenu="K02">
      <X>463</X>
      <Y>259</Y>
      <Punkt>
        <X>687579.68</X>
        <Y>574572.31</Y>
      </Punkt>
      <Rzedna>48.72</Rzedna>
    </Pikieta>
    <Pikieta rysuj="true" numer="113.08" kodTerenu="K05">
      <X>463</X>
      <Y>275</Y>
      <Punkt>
        <X>687582.47</X>
        <Y>574574</Y>
      </Punkt>
      <Rzedna>48.59</Rzedna>
    </Pikieta>
    <Pikieta rysuj="true" numer="113.09" kodTerenu="K05">
      <X>463</X>
      <Y>291</Y>
      <Punkt>
        <X>687585.96</X>
        <Y>574576.11</Y>
      </Punkt>
      <Rzedna>48.52</Rzedna>
    </Pikieta>
    <Pikieta rysuj="true" numer="113.10" kodTerenu="K05">
      <X>463</X>
      <Y>307</Y>
      <Punkt>
        <X>687588.87</X>
        <Y>574577.88</Y>
      </Punkt>
      <Rzedna>48.51</Rzedna>
    </Pikieta>
    <Pikieta rysuj="true" numer="113.11" kodTerenu="K05">
      <X>463</X>
      <Y>323</Y>
      <Punkt>
        <X>687592.59</X>
        <Y>574580.12</Y>
      </Punkt>
      <Rzedna>48.61</Rzedna>
    </Pikieta>
    <Pikieta rysuj="true" numer="113.12" kodTerenu="K02">
      <X>463</X>
      <Y>339</Y>
      <Punkt>
        <X>687595.39</X>
        <Y>574581.04</Y>
      </Punkt>
      <Rzedna>48.77</Rzedna>
    </Pikieta>
    <Pikieta rysuj="true" numer="113.13" kodTerenu="K02">
      <X>463</X>
      <Y>355</Y>
      <Punkt>
        <X>687596.88</X>
        <Y>574581.42</Y>
      </Punkt>
      <Rzedna>49.21</Rzedna>
    </Pikieta>
    <Pikieta rysuj="true" numer="113.14" kodTerenu="T05">
      <X>463</X>
      <Y>371</Y>
      <Punkt>
        <X>687597.44</X>
        <Y>574581.46</Y>
      </Punkt>
      <Rzedna>49.54</Rzedna>
    </Pikieta>
    <Pikieta rysuj="true" numer="113.15" kodTerenu="T05">
      <X>463</X>
      <Y>387</Y>
      <Punkt>
        <X>687599.64</X>
        <Y>574583.36</Y>
      </Punkt>
      <Rzedna>50.45</Rzedna>
    </Pikieta>
    <Pikieta rysuj="true" numer="113.16" kodTerenu="T05">
      <X>463</X>
      <Y>403</Y>
      <Punkt>
        <X>687615.07</X>
        <Y>574593.27</Y>
      </Punkt>
      <Rzedna>59.28</Rzedna>
    </Pikieta>
    <Pikieta rysuj="true" numer="113.17" kodTerenu="T05">
      <X>463</X>
      <Y>419</Y>
      <Punkt>
        <X>687621.34</X>
        <Y>574600.08</Y>
      </Punkt>
      <Rzedna>61.86</Rzedna>
    </Pikieta>
    <Pikieta rysuj="true" numer="113.18" kodTerenu="T05">
      <X>463</X>
      <Y>435</Y>
      <Punkt>
        <X>687635.34</X>
        <Y>574607.83</Y>
      </Punkt>
      <Rzedna>70.41</Rzedna>
    </Pikieta>
    <Pikieta rysuj="true" numer="113.19" kodTerenu="T05">
      <X>463</X>
      <Y>451</Y>
      <Punkt>
        <X>687642.88</X>
        <Y>574610.57</Y>
      </Punkt>
      <Rzedna>71.78</Rzedna>
    </Pikieta>
  </Pikiety>
  <Fotografie>
    <Fotografia rysuj="true" numer="113a" rotacja="85">
      <X>360</X>
      <Y>500</Y>
    </Fotografia>
    <Fotografia rysuj="true" numer="113b" rotacja="0">
      <X>212</X>
      <Y>379</Y>
    </Fotografia>
  </Fotografie>
  <Skarpy>
    <Skarpa rysuj="true" startPikieta="5" endPikieta="6" brzeg="true" />
    <Skarpa rysuj="true" startPikieta="13" endPikieta="14" brzeg="true" />
    <Skarpa rysuj="true" startPikieta="1" endPikieta="2" brzeg="false" />
    <Skarpa rysuj="true" startPikieta="3" endPikieta="4" brzeg="false" />
    <Skarpa rysuj="false" startPikieta="19" endPikieta="20" brzeg="false" />
    <Skarpa rysuj="false" startPikieta="19" endPikieta="20" brzeg="false" />
    <Skarpa rysuj="true" startPikieta="15" endPikieta="19" brzeg="false" />
  </Skarpy>
  <Drogi />
  <Zabudowy />
  <Teksty />
</SzkicPrzekroju>