<?xml version="1.0" encoding="utf-8"?>
<SzkicPrzekroju xmlns:xsi="http://www.w3.org/2001/XMLSchema-instance" xmlns:xsd="http://www.w3.org/2001/XMLSchema" nazwaCieku="Pasłęka" numerObiektu="114" numerPrzekroju="114" dataPomiaru="22.03.2012">
  <Koryto rysuj="true" startPikieta="4" endPikieta="10" />
  <Pikiety>
    <Pikieta rysuj="true" numer="114.01" kodTerenu="">
      <X>463</X>
      <Y>163</Y>
      <Punkt>
        <X>686855.55</X>
        <Y>574777.52</Y>
      </Punkt>
      <Rzedna>61.28</Rzedna>
    </Pikieta>
    <Pikieta rysuj="true" numer="114.02" kodTerenu="T05">
      <X>463</X>
      <Y>188</Y>
      <Punkt>
        <X>686851.25</X>
        <Y>574792.41</Y>
      </Punkt>
      <Rzedna>56.43</Rzedna>
    </Pikieta>
    <Pikieta rysuj="true" numer="114.03" kodTerenu="T05">
      <X>463</X>
      <Y>213</Y>
      <Punkt>
        <X>686848.29</X>
        <Y>574803.05</Y>
      </Punkt>
      <Rzedna>54.89</Rzedna>
    </Pikieta>
    <Pikieta rysuj="true" numer="114.04" kodTerenu="T05">
      <X>463</X>
      <Y>238</Y>
      <Punkt>
        <X>686847.09</X>
        <Y>574806.33</Y>
      </Punkt>
      <Rzedna>53.86</Rzedna>
    </Pikieta>
    <Pikieta rysuj="true" numer="114.05" kodTerenu="K05">
      <X>463</X>
      <Y>263</Y>
      <Punkt>
        <X>686846.52</X>
        <Y>574807.95</Y>
      </Punkt>
      <Rzedna>53.52</Rzedna>
    </Pikieta>
    <Pikieta rysuj="true" numer="114.06" kodTerenu="K05">
      <X>463</X>
      <Y>288</Y>
      <Punkt>
        <X>686845.24</X>
        <Y>574810.82</Y>
      </Punkt>
      <Rzedna>53.52</Rzedna>
    </Pikieta>
    <Pikieta rysuj="true" numer="114.07" kodTerenu="K05">
      <X>463</X>
      <Y>313</Y>
      <Punkt>
        <X>686843.15</X>
        <Y>574816.68</Y>
      </Punkt>
      <Rzedna>53.39</Rzedna>
    </Pikieta>
    <Pikieta rysuj="true" numer="114.08" kodTerenu="K05">
      <X>463</X>
      <Y>338</Y>
      <Punkt>
        <X>686841.06</X>
        <Y>574824.53</Y>
      </Punkt>
      <Rzedna>53.29</Rzedna>
    </Pikieta>
    <Pikieta rysuj="true" numer="114.09" kodTerenu="K05">
      <X>463</X>
      <Y>363</Y>
      <Punkt>
        <X>686840.44</X>
        <Y>574826.86</Y>
      </Punkt>
      <Rzedna>53.63</Rzedna>
    </Pikieta>
    <Pikieta rysuj="true" numer="114.10" kodTerenu="K05">
      <X>463</X>
      <Y>388</Y>
      <Punkt>
        <X>686840.63</X>
        <Y>574827.5</Y>
      </Punkt>
      <Rzedna>53.86</Rzedna>
    </Pikieta>
    <Pikieta rysuj="true" numer="114.11" kodTerenu="T07">
      <X>463</X>
      <Y>413</Y>
      <Punkt>
        <X>686839.88</X>
        <Y>574830.58</Y>
      </Punkt>
      <Rzedna>55.76</Rzedna>
    </Pikieta>
    <Pikieta rysuj="true" numer="114.12" kodTerenu="T07">
      <X>463</X>
      <Y>438</Y>
      <Punkt>
        <X>686839.01</X>
        <Y>574835.4</Y>
      </Punkt>
      <Rzedna>56.03</Rzedna>
    </Pikieta>
    <Pikieta rysuj="true" numer="114.13" kodTerenu="T07">
      <X>463</X>
      <Y>463</Y>
      <Punkt>
        <X>686838.81</X>
        <Y>574843.31</Y>
      </Punkt>
      <Rzedna>56.55</Rzedna>
    </Pikieta>
  </Pikiety>
  <Fotografie>
    <Fotografia rysuj="true" numer="114" rotacja="90">
      <X>463</X>
      <Y>493</Y>
    </Fotografia>
  </Fotografie>
  <Skarpy>
    <Skarpa rysuj="true" startPikieta="3" endPikieta="4" brzeg="true" />
    <Skarpa rysuj="true" startPikieta="10" endPikieta="11" brzeg="true" />
  </Skarpy>
  <Drogi />
  <Zabudowy />
  <Teksty />
</SzkicPrzekroju>