<?xml version="1.0" encoding="utf-8"?>
<SzkicPrzekroju xmlns:xsi="http://www.w3.org/2001/XMLSchema-instance" xmlns:xsd="http://www.w3.org/2001/XMLSchema" nazwaCieku="Pasłęka" numerObiektu="115" numerPrzekroju="115" dataPomiaru="21.03.2012">
  <Koryto rysuj="true" startPikieta="3" endPikieta="10" />
  <Pikiety>
    <Pikieta rysuj="true" numer="115.01" kodTerenu="">
      <X>463</X>
      <Y>163</Y>
      <Punkt>
        <X>686138.74</X>
        <Y>574782.22</Y>
      </Punkt>
      <Rzedna>57.17</Rzedna>
    </Pikieta>
    <Pikieta rysuj="true" numer="115.02" kodTerenu="T07">
      <X>463</X>
      <Y>186</Y>
      <Punkt>
        <X>686145.13</X>
        <Y>574778.7</Y>
      </Punkt>
      <Rzedna>56.83</Rzedna>
    </Pikieta>
    <Pikieta rysuj="true" numer="115.03" kodTerenu="T07">
      <X>463</X>
      <Y>209</Y>
      <Punkt>
        <X>686145.87</X>
        <Y>574778.23</Y>
      </Punkt>
      <Rzedna>56.36</Rzedna>
    </Pikieta>
    <Pikieta rysuj="true" numer="115.04" kodTerenu="K01">
      <X>463</X>
      <Y>232</Y>
      <Punkt>
        <X>686146.37</X>
        <Y>574777.87</Y>
      </Punkt>
      <Rzedna>55.99</Rzedna>
    </Pikieta>
    <Pikieta rysuj="true" numer="115.05" kodTerenu="K03">
      <X>463</X>
      <Y>255</Y>
      <Punkt>
        <X>686148.45</X>
        <Y>574776.81</Y>
      </Punkt>
      <Rzedna>55.41</Rzedna>
    </Pikieta>
    <Pikieta rysuj="true" numer="115.06" kodTerenu="K03">
      <X>463</X>
      <Y>278</Y>
      <Punkt>
        <X>686151.03</X>
        <Y>574775.95</Y>
      </Punkt>
      <Rzedna>55.87</Rzedna>
    </Pikieta>
    <Pikieta rysuj="true" numer="115.07" kodTerenu="K02">
      <X>463</X>
      <Y>301</Y>
      <Punkt>
        <X>686154.56</X>
        <Y>574774.2</Y>
      </Punkt>
      <Rzedna>55.68</Rzedna>
    </Pikieta>
    <Pikieta rysuj="true" numer="115.08" kodTerenu="K02">
      <X>463</X>
      <Y>324</Y>
      <Punkt>
        <X>686158.84</X>
        <Y>574772.21</Y>
      </Punkt>
      <Rzedna>55.44</Rzedna>
    </Pikieta>
    <Pikieta rysuj="true" numer="115.09" kodTerenu="K01">
      <X>463</X>
      <Y>347</Y>
      <Punkt>
        <X>686162.41</X>
        <Y>574770.27</Y>
      </Punkt>
      <Rzedna>55.3</Rzedna>
    </Pikieta>
    <Pikieta rysuj="true" numer="115.10" kodTerenu="K01">
      <X>463</X>
      <Y>370</Y>
      <Punkt>
        <X>686164.28</X>
        <Y>574769.25</Y>
      </Punkt>
      <Rzedna>56.36</Rzedna>
    </Pikieta>
    <Pikieta rysuj="true" numer="115.11" kodTerenu="T02">
      <X>463</X>
      <Y>393</Y>
      <Punkt>
        <X>686165.46</X>
        <Y>574768.05</Y>
      </Punkt>
      <Rzedna>57.92</Rzedna>
    </Pikieta>
    <Pikieta rysuj="true" numer="115.12" kodTerenu="T12">
      <X>463</X>
      <Y>416</Y>
      <Punkt>
        <X>686169.31</X>
        <Y>574766.33</Y>
      </Punkt>
      <Rzedna>58.69</Rzedna>
    </Pikieta>
    <Pikieta rysuj="true" numer="115.13" kodTerenu="T04">
      <X>463</X>
      <Y>439</Y>
      <Punkt>
        <X>686175.81</X>
        <Y>574761.24</Y>
      </Punkt>
      <Rzedna>67.03</Rzedna>
    </Pikieta>
    <Pikieta rysuj="true" numer="115.14" kodTerenu="T04">
      <X>463</X>
      <Y>462</Y>
      <Punkt>
        <X>686180.38</X>
        <Y>574759.26</Y>
      </Punkt>
      <Rzedna>67.45</Rzedna>
    </Pikieta>
  </Pikiety>
  <Fotografie>
    <Fotografia rysuj="true" numer="115" rotacja="270">
      <X>481</X>
      <Y>106</Y>
    </Fotografia>
  </Fotografie>
  <Skarpy>
    <Skarpa rysuj="true" startPikieta="2" endPikieta="3" brzeg="true" />
    <Skarpa rysuj="true" startPikieta="10" endPikieta="11" brzeg="true" />
    <Skarpa rysuj="true" startPikieta="12" endPikieta="13" brzeg="false" />
  </Skarpy>
  <Drogi>
    <Droga rysuj="true" startPikieta="11" endPikieta="12" />
  </Drogi>
  <Zabudowy />
  <Teksty />
</SzkicPrzekroju>