<?xml version="1.0" encoding="utf-8"?>
<SzkicPrzekroju xmlns:xsi="http://www.w3.org/2001/XMLSchema-instance" xmlns:xsd="http://www.w3.org/2001/XMLSchema" nazwaCieku="Pasłęka" numerObiektu="116" numerPrzekroju="116" dataPomiaru="21.03.2012">
  <Koryto rysuj="true" startPikieta="3" endPikieta="9" />
  <Pikiety>
    <Pikieta rysuj="true" numer="116.01" kodTerenu="">
      <X>463</X>
      <Y>163</Y>
      <Punkt>
        <X>686461.46</X>
        <Y>575430.5</Y>
      </Punkt>
      <Rzedna>58.73</Rzedna>
    </Pikieta>
    <Pikieta rysuj="true" numer="116.02" kodTerenu="T07">
      <X>463</X>
      <Y>193</Y>
      <Punkt>
        <X>686463.69</X>
        <Y>575435.78</Y>
      </Punkt>
      <Rzedna>58.42</Rzedna>
    </Pikieta>
    <Pikieta rysuj="true" numer="116.03" kodTerenu="T07">
      <X>463</X>
      <Y>223</Y>
      <Punkt>
        <X>686463.84</X>
        <Y>575436.44</Y>
      </Punkt>
      <Rzedna>57.79</Rzedna>
    </Pikieta>
    <Pikieta rysuj="true" numer="116.04" kodTerenu="K02">
      <X>463</X>
      <Y>253</Y>
      <Punkt>
        <X>686464.21</X>
        <Y>575437.51</Y>
      </Punkt>
      <Rzedna>57.33</Rzedna>
    </Pikieta>
    <Pikieta rysuj="true" numer="116.05" kodTerenu="K05">
      <X>463</X>
      <Y>283</Y>
      <Punkt>
        <X>686465.93</X>
        <Y>575441.73</Y>
      </Punkt>
      <Rzedna>57.04</Rzedna>
    </Pikieta>
    <Pikieta rysuj="true" numer="116.06" kodTerenu="K05">
      <X>463</X>
      <Y>313</Y>
      <Punkt>
        <X>686467.21</X>
        <Y>575443.63</Y>
      </Punkt>
      <Rzedna>56.97</Rzedna>
    </Pikieta>
    <Pikieta rysuj="true" numer="116.07" kodTerenu="K05">
      <X>463</X>
      <Y>343</Y>
      <Punkt>
        <X>686468.87</X>
        <Y>575447.04</Y>
      </Punkt>
      <Rzedna>57.23</Rzedna>
    </Pikieta>
    <Pikieta rysuj="true" numer="116.08" kodTerenu="K02">
      <X>463</X>
      <Y>373</Y>
      <Punkt>
        <X>686469.95</X>
        <Y>575449.82</Y>
      </Punkt>
      <Rzedna>57.37</Rzedna>
    </Pikieta>
    <Pikieta rysuj="true" numer="116.09" kodTerenu="K02">
      <X>463</X>
      <Y>403</Y>
      <Punkt>
        <X>686470.56</X>
        <Y>575450.6</Y>
      </Punkt>
      <Rzedna>57.79</Rzedna>
    </Pikieta>
    <Pikieta rysuj="true" numer="116.10" kodTerenu="T02">
      <X>463</X>
      <Y>433</Y>
      <Punkt>
        <X>686470.61</X>
        <Y>575451.46</Y>
      </Punkt>
      <Rzedna>58.13</Rzedna>
    </Pikieta>
    <Pikieta rysuj="true" numer="116.11" kodTerenu="T02">
      <X>463</X>
      <Y>463</Y>
      <Punkt>
        <X>686473.6</X>
        <Y>575457.72</Y>
      </Punkt>
      <Rzedna>58.39</Rzedna>
    </Pikieta>
  </Pikiety>
  <Fotografie>
    <Fotografia rysuj="true" numer="116" rotacja="275">
      <X>464</X>
      <Y>92</Y>
    </Fotografia>
  </Fotografie>
  <Skarpy>
    <Skarpa rysuj="true" startPikieta="2" endPikieta="3" brzeg="true" />
    <Skarpa rysuj="true" startPikieta="9" endPikieta="10" brzeg="true" />
  </Skarpy>
  <Drogi />
  <Zabudowy />
  <Teksty />
</SzkicPrzekroju>