<?xml version="1.0" encoding="utf-8"?>
<SzkicPrzekroju xmlns:xsi="http://www.w3.org/2001/XMLSchema-instance" xmlns:xsd="http://www.w3.org/2001/XMLSchema" nazwaCieku="Pasłęka" numerObiektu="117" numerPrzekroju="117" dataPomiaru="20.03.2012">
  <Koryto rysuj="true" startPikieta="3" endPikieta="9" />
  <Pikiety>
    <Pikieta rysuj="true" numer="117.01" kodTerenu="">
      <X>463</X>
      <Y>163</Y>
      <Punkt>
        <X>685982.68</X>
        <Y>575391.84</Y>
      </Punkt>
      <Rzedna>64.83</Rzedna>
    </Pikieta>
    <Pikieta rysuj="true" numer="117.02" kodTerenu="T05">
      <X>463</X>
      <Y>193</Y>
      <Punkt>
        <X>685992.7</X>
        <Y>575398.05</Y>
      </Punkt>
      <Rzedna>63.57</Rzedna>
    </Pikieta>
    <Pikieta rysuj="true" numer="117.03" kodTerenu="T05">
      <X>463</X>
      <Y>223</Y>
      <Punkt>
        <X>685998.3</X>
        <Y>575402.89</Y>
      </Punkt>
      <Rzedna>59.83</Rzedna>
    </Pikieta>
    <Pikieta rysuj="true" numer="117.04" kodTerenu="K01">
      <X>463</X>
      <Y>253</Y>
      <Punkt>
        <X>686000.97</X>
        <Y>575403.61</Y>
      </Punkt>
      <Rzedna>58.63</Rzedna>
    </Pikieta>
    <Pikieta rysuj="true" numer="117.05" kodTerenu="K01">
      <X>463</X>
      <Y>283</Y>
      <Punkt>
        <X>686004.1</X>
        <Y>575404.17</Y>
      </Punkt>
      <Rzedna>58.53</Rzedna>
    </Pikieta>
    <Pikieta rysuj="true" numer="117.06" kodTerenu="K01">
      <X>463</X>
      <Y>313</Y>
      <Punkt>
        <X>686006.76</X>
        <Y>575405.23</Y>
      </Punkt>
      <Rzedna>58.68</Rzedna>
    </Pikieta>
    <Pikieta rysuj="true" numer="117.07" kodTerenu="K01">
      <X>463</X>
      <Y>343</Y>
      <Punkt>
        <X>686009.59</X>
        <Y>575407.23</Y>
      </Punkt>
      <Rzedna>58.95</Rzedna>
    </Pikieta>
    <Pikieta rysuj="true" numer="117.08" kodTerenu="K01">
      <X>463</X>
      <Y>373</Y>
      <Punkt>
        <X>686011.59</X>
        <Y>575408.09</Y>
      </Punkt>
      <Rzedna>59.15</Rzedna>
    </Pikieta>
    <Pikieta rysuj="true" numer="117.09" kodTerenu="K01">
      <X>463</X>
      <Y>403</Y>
      <Punkt>
        <X>686013.06</X>
        <Y>575408.4</Y>
      </Punkt>
      <Rzedna>59.83</Rzedna>
    </Pikieta>
    <Pikieta rysuj="true" numer="117.10" kodTerenu="T05">
      <X>463</X>
      <Y>433</Y>
      <Punkt>
        <X>686013.91</X>
        <Y>575408.64</Y>
      </Punkt>
      <Rzedna>60.2</Rzedna>
    </Pikieta>
    <Pikieta rysuj="true" numer="117.11" kodTerenu="T05">
      <X>463</X>
      <Y>463</Y>
      <Punkt>
        <X>686018.3</X>
        <Y>575410.09</Y>
      </Punkt>
      <Rzedna>60.52</Rzedna>
    </Pikieta>
  </Pikiety>
  <Fotografie>
    <Fotografia rysuj="true" numer="117" rotacja="110">
      <X>531</X>
      <Y>532</Y>
    </Fotografia>
  </Fotografie>
  <Skarpy>
    <Skarpa rysuj="true" startPikieta="2" endPikieta="3" brzeg="true" />
    <Skarpa rysuj="true" startPikieta="9" endPikieta="10" brzeg="true" />
  </Skarpy>
  <Drogi />
  <Zabudowy />
  <Teksty />
</SzkicPrzekroju>