<?xml version="1.0" encoding="utf-8"?>
<SzkicPrzekroju xmlns:xsi="http://www.w3.org/2001/XMLSchema-instance" xmlns:xsd="http://www.w3.org/2001/XMLSchema" nazwaCieku="Pasłęka" numerObiektu="118" numerPrzekroju="118" dataPomiaru="20.03.2012">
  <Koryto rysuj="true" startPikieta="3" endPikieta="9" />
  <Pikiety>
    <Pikieta rysuj="true" numer="118.01" kodTerenu="">
      <X>463</X>
      <Y>163</Y>
      <Punkt>
        <X>685584.6</X>
        <Y>575396.03</Y>
      </Punkt>
      <Rzedna>63.41</Rzedna>
    </Pikieta>
    <Pikieta rysuj="true" numer="118.02" kodTerenu="T02">
      <X>463</X>
      <Y>193</Y>
      <Punkt>
        <X>685577.94</X>
        <Y>575400.49</Y>
      </Punkt>
      <Rzedna>63.49</Rzedna>
    </Pikieta>
    <Pikieta rysuj="true" numer="118.03" kodTerenu="T02">
      <X>463</X>
      <Y>223</Y>
      <Punkt>
        <X>685575.98</X>
        <Y>575401.39</Y>
      </Punkt>
      <Rzedna>63.25</Rzedna>
    </Pikieta>
    <Pikieta rysuj="true" numer="118.04" kodTerenu="K01">
      <X>463</X>
      <Y>253</Y>
      <Punkt>
        <X>685575.13</X>
        <Y>575402.47</Y>
      </Punkt>
      <Rzedna>62.14</Rzedna>
    </Pikieta>
    <Pikieta rysuj="true" numer="118.05" kodTerenu="K02">
      <X>463</X>
      <Y>283</Y>
      <Punkt>
        <X>685572.92</X>
        <Y>575404.49</Y>
      </Punkt>
      <Rzedna>62.43</Rzedna>
    </Pikieta>
    <Pikieta rysuj="true" numer="118.06" kodTerenu="K02">
      <X>463</X>
      <Y>313</Y>
      <Punkt>
        <X>685570.02</X>
        <Y>575406.68</Y>
      </Punkt>
      <Rzedna>62.31</Rzedna>
    </Pikieta>
    <Pikieta rysuj="true" numer="118.07" kodTerenu="K02">
      <X>463</X>
      <Y>343</Y>
      <Punkt>
        <X>685567.05</X>
        <Y>575408.65</Y>
      </Punkt>
      <Rzedna>62.22</Rzedna>
    </Pikieta>
    <Pikieta rysuj="true" numer="118.08" kodTerenu="K02">
      <X>463</X>
      <Y>373</Y>
      <Punkt>
        <X>685563.85</X>
        <Y>575410.08</Y>
      </Punkt>
      <Rzedna>62.36</Rzedna>
    </Pikieta>
    <Pikieta rysuj="true" numer="118.09" kodTerenu="K02">
      <X>463</X>
      <Y>403</Y>
      <Punkt>
        <X>685562.17</X>
        <Y>575411.02</Y>
      </Punkt>
      <Rzedna>63.25</Rzedna>
    </Pikieta>
    <Pikieta rysuj="true" numer="118.10" kodTerenu="T04">
      <X>463</X>
      <Y>433</Y>
      <Punkt>
        <X>685561.66</X>
        <Y>575411.36</Y>
      </Punkt>
      <Rzedna>63.56</Rzedna>
    </Pikieta>
    <Pikieta rysuj="true" numer="118.11" kodTerenu="T04">
      <X>463</X>
      <Y>463</Y>
      <Punkt>
        <X>685555</X>
        <Y>575415.02</Y>
      </Punkt>
      <Rzedna>63.58</Rzedna>
    </Pikieta>
  </Pikiety>
  <Fotografie>
    <Fotografia rysuj="true" numer="118" rotacja="270">
      <X>491</X>
      <Y>109</Y>
    </Fotografia>
  </Fotografie>
  <Skarpy>
    <Skarpa rysuj="true" startPikieta="2" endPikieta="3" brzeg="true" />
    <Skarpa rysuj="true" startPikieta="9" endPikieta="10" brzeg="true" />
  </Skarpy>
  <Drogi />
  <Zabudowy />
  <Teksty />
</SzkicPrzekroju>