<?xml version="1.0" encoding="utf-8"?>
<SzkicPrzekroju xmlns:xsi="http://www.w3.org/2001/XMLSchema-instance" xmlns:xsd="http://www.w3.org/2001/XMLSchema" nazwaCieku="Pasłęka" numerObiektu="119" numerPrzekroju="119" dataPomiaru="20.03.2012">
  <Koryto rysuj="true" startPikieta="5" endPikieta="12" />
  <Pikiety>
    <Pikieta rysuj="true" numer="119.01" kodTerenu="">
      <X>463</X>
      <Y>163</Y>
      <Punkt>
        <X>685307.56</X>
        <Y>574928.02</Y>
      </Punkt>
      <Rzedna>87.97</Rzedna>
    </Pikieta>
    <Pikieta rysuj="true" numer="119.02" kodTerenu="T05">
      <X>463</X>
      <Y>186</Y>
      <Punkt>
        <X>685305.94</X>
        <Y>574955.82</Y>
      </Punkt>
      <Rzedna>69.06</Rzedna>
    </Pikieta>
    <Pikieta rysuj="true" numer="119.03" kodTerenu="T05">
      <X>463</X>
      <Y>209</Y>
      <Punkt>
        <X>685305.64</X>
        <Y>574960.8</Y>
      </Punkt>
      <Rzedna>68.23</Rzedna>
    </Pikieta>
    <Pikieta rysuj="true" numer="119.04" kodTerenu="T05">
      <X>463</X>
      <Y>232</Y>
      <Punkt>
        <X>685304.89</X>
        <Y>574967.61</Y>
      </Punkt>
      <Rzedna>64.27</Rzedna>
    </Pikieta>
    <Pikieta rysuj="true" numer="119.05" kodTerenu="T05">
      <X>463</X>
      <Y>255</Y>
      <Punkt>
        <X>685304.53</X>
        <Y>574970.15</Y>
      </Punkt>
      <Rzedna>63.74</Rzedna>
    </Pikieta>
    <Pikieta rysuj="true" numer="119.06" kodTerenu="K01">
      <X>463</X>
      <Y>278</Y>
      <Punkt>
        <X>685304.32</X>
        <Y>574971.87</Y>
      </Punkt>
      <Rzedna>63.04</Rzedna>
    </Pikieta>
    <Pikieta rysuj="true" numer="119.07" kodTerenu="K01">
      <X>463</X>
      <Y>301</Y>
      <Punkt>
        <X>685303.5</X>
        <Y>574975.42</Y>
      </Punkt>
      <Rzedna>62.83</Rzedna>
    </Pikieta>
    <Pikieta rysuj="true" numer="119.08" kodTerenu="K03">
      <X>463</X>
      <Y>324</Y>
      <Punkt>
        <X>685303.04</X>
        <Y>574979.79</Y>
      </Punkt>
      <Rzedna>62.89</Rzedna>
    </Pikieta>
    <Pikieta rysuj="true" numer="119.09" kodTerenu="K04">
      <X>463</X>
      <Y>347</Y>
      <Punkt>
        <X>685302.7</X>
        <Y>574984.19</Y>
      </Punkt>
      <Rzedna>62.91</Rzedna>
    </Pikieta>
    <Pikieta rysuj="true" numer="119.10" kodTerenu="K02">
      <X>463</X>
      <Y>370</Y>
      <Punkt>
        <X>685302.13</X>
        <Y>574988.67</Y>
      </Punkt>
      <Rzedna>63.08</Rzedna>
    </Pikieta>
    <Pikieta rysuj="true" numer="119.11" kodTerenu="K02">
      <X>463</X>
      <Y>393</Y>
      <Punkt>
        <X>685301.66</X>
        <Y>574993.29</Y>
      </Punkt>
      <Rzedna>63.44</Rzedna>
    </Pikieta>
    <Pikieta rysuj="true" numer="119.12" kodTerenu="K01">
      <X>463</X>
      <Y>416</Y>
      <Punkt>
        <X>685301.54</X>
        <Y>574996.55</Y>
      </Punkt>
      <Rzedna>63.74</Rzedna>
    </Pikieta>
    <Pikieta rysuj="true" numer="119.13" kodTerenu="T05">
      <X>463</X>
      <Y>439</Y>
      <Punkt>
        <X>685300.85</X>
        <Y>575001.14</Y>
      </Punkt>
      <Rzedna>64.55</Rzedna>
    </Pikieta>
    <Pikieta rysuj="true" numer="119.14" kodTerenu="T05">
      <X>463</X>
      <Y>462</Y>
      <Punkt>
        <X>685300.24</X>
        <Y>575008.29</Y>
      </Punkt>
      <Rzedna>64.55</Rzedna>
    </Pikieta>
  </Pikiety>
  <Fotografie>
    <Fotografia rysuj="true" numer="119" rotacja="260">
      <X>535</X>
      <Y>174</Y>
    </Fotografia>
  </Fotografie>
  <Skarpy>
    <Skarpa rysuj="true" startPikieta="3" endPikieta="5" brzeg="true" />
    <Skarpa rysuj="true" startPikieta="12" endPikieta="13" brzeg="true" />
    <Skarpa rysuj="true" startPikieta="1" endPikieta="2" brzeg="false" />
  </Skarpy>
  <Drogi />
  <Zabudowy />
  <Teksty />
</SzkicPrzekroju>