<?xml version="1.0" encoding="utf-8"?>
<SzkicPrzekroju xmlns:xsi="http://www.w3.org/2001/XMLSchema-instance" xmlns:xsd="http://www.w3.org/2001/XMLSchema" nazwaCieku="Pasłęka" numerObiektu="120" numerPrzekroju="120" dataPomiaru="16.03.2012">
  <Koryto rysuj="true" startPikieta="5" endPikieta="13" />
  <Pikiety>
    <Pikieta rysuj="true" numer="120.01" kodTerenu="">
      <X>463</X>
      <Y>163</Y>
      <Punkt>
        <X>684338.13</X>
        <Y>574953.91</Y>
      </Punkt>
      <Rzedna>76.43</Rzedna>
    </Pikieta>
    <Pikieta rysuj="true" numer="120.02" kodTerenu="T05">
      <X>463</X>
      <Y>181</Y>
      <Punkt>
        <X>684336.63</X>
        <Y>574958.74</Y>
      </Punkt>
      <Rzedna>76.03</Rzedna>
    </Pikieta>
    <Pikieta rysuj="true" numer="120.03" kodTerenu="T05">
      <X>463</X>
      <Y>199</Y>
      <Punkt>
        <X>684332.68</X>
        <Y>574977.39</Y>
      </Punkt>
      <Rzedna>67.35</Rzedna>
    </Pikieta>
    <Pikieta rysuj="true" numer="120.04" kodTerenu="T05">
      <X>463</X>
      <Y>217</Y>
      <Punkt>
        <X>684332.2</X>
        <Y>574978.31</Y>
      </Punkt>
      <Rzedna>67.26</Rzedna>
    </Pikieta>
    <Pikieta rysuj="true" numer="120.05" kodTerenu="T05">
      <X>463</X>
      <Y>235</Y>
      <Punkt>
        <X>684331.38</X>
        <Y>574978.52</Y>
      </Punkt>
      <Rzedna>66.69</Rzedna>
    </Pikieta>
    <Pikieta rysuj="true" numer="120.06" kodTerenu="K01">
      <X>463</X>
      <Y>253</Y>
      <Punkt>
        <X>684331.5</X>
        <Y>574979.93</Y>
      </Punkt>
      <Rzedna>65.86</Rzedna>
    </Pikieta>
    <Pikieta rysuj="true" numer="120.07" kodTerenu="K05">
      <X>463</X>
      <Y>271</Y>
      <Punkt>
        <X>684330.91</X>
        <Y>574982.52</Y>
      </Punkt>
      <Rzedna>66</Rzedna>
    </Pikieta>
    <Pikieta rysuj="true" numer="120.08" kodTerenu="K05">
      <X>463</X>
      <Y>289</Y>
      <Punkt>
        <X>684330.19</X>
        <Y>574985.95</Y>
      </Punkt>
      <Rzedna>66</Rzedna>
    </Pikieta>
    <Pikieta rysuj="true" numer="120.09" kodTerenu="K05">
      <X>463</X>
      <Y>307</Y>
      <Punkt>
        <X>684329.37</X>
        <Y>574988.95</Y>
      </Punkt>
      <Rzedna>65.84</Rzedna>
    </Pikieta>
    <Pikieta rysuj="true" numer="120.10" kodTerenu="K05">
      <X>463</X>
      <Y>325</Y>
      <Punkt>
        <X>684328.85</X>
        <Y>574991.97</Y>
      </Punkt>
      <Rzedna>66.05</Rzedna>
    </Pikieta>
    <Pikieta rysuj="true" numer="120.11" kodTerenu="K05">
      <X>463</X>
      <Y>343</Y>
      <Punkt>
        <X>684328.12</X>
        <Y>574995.93</Y>
      </Punkt>
      <Rzedna>66.2</Rzedna>
    </Pikieta>
    <Pikieta rysuj="true" numer="120.12" kodTerenu="K01">
      <X>463</X>
      <Y>361</Y>
      <Punkt>
        <X>684326.96</X>
        <Y>574998.91</Y>
      </Punkt>
      <Rzedna>66.3</Rzedna>
    </Pikieta>
    <Pikieta rysuj="true" numer="120.13" kodTerenu="K01">
      <X>463</X>
      <Y>379</Y>
      <Punkt>
        <X>684326.56</X>
        <Y>574999.72</Y>
      </Punkt>
      <Rzedna>66.69</Rzedna>
    </Pikieta>
    <Pikieta rysuj="true" numer="120.14" kodTerenu="T04">
      <X>463</X>
      <Y>397</Y>
      <Punkt>
        <X>684326.4</X>
        <Y>575000.29</Y>
      </Punkt>
      <Rzedna>66.86</Rzedna>
    </Pikieta>
    <Pikieta rysuj="true" numer="120.15" kodTerenu="T04">
      <X>463</X>
      <Y>415</Y>
      <Punkt>
        <X>684324.29</X>
        <Y>575007.17</Y>
      </Punkt>
      <Rzedna>66.8</Rzedna>
    </Pikieta>
    <Pikieta rysuj="true" numer="120.16" kodTerenu="T04">
      <X>463</X>
      <Y>433</Y>
      <Punkt>
        <X>684321.67</X>
        <Y>575015.39</Y>
      </Punkt>
      <Rzedna>66.56</Rzedna>
    </Pikieta>
    <Pikieta rysuj="true" numer="120.17" kodTerenu="T05">
      <X>463</X>
      <Y>451</Y>
      <Punkt>
        <X>684318.84</X>
        <Y>575025.86</Y>
      </Punkt>
      <Rzedna>68.67</Rzedna>
    </Pikieta>
  </Pikiety>
  <Fotografie>
    <Fotografia rysuj="true" numer="119" rotacja="90">
      <X>485</X>
      <Y>467</Y>
    </Fotografia>
  </Fotografie>
  <Skarpy>
    <Skarpa rysuj="true" startPikieta="4" endPikieta="5" brzeg="true" />
    <Skarpa rysuj="true" startPikieta="13" endPikieta="14" brzeg="true" />
    <Skarpa rysuj="true" startPikieta="2" endPikieta="3" brzeg="false" />
  </Skarpy>
  <Drogi />
  <Zabudowy />
  <Teksty />
</SzkicPrzekroju>