<?xml version="1.0" encoding="utf-8"?>
<SzkicPrzekroju xmlns:xsi="http://www.w3.org/2001/XMLSchema-instance" xmlns:xsd="http://www.w3.org/2001/XMLSchema" nazwaCieku="Pasłęka" numerObiektu="121" numerPrzekroju="121" dataPomiaru="16.03.2012">
  <Koryto rysuj="true" startPikieta="3" endPikieta="11" />
  <Pikiety>
    <Pikieta rysuj="true" numer="121.01" kodTerenu="">
      <X>463</X>
      <Y>163</Y>
      <Punkt>
        <X>683709.78</X>
        <Y>574886.75</Y>
      </Punkt>
      <Rzedna>69.11</Rzedna>
    </Pikieta>
    <Pikieta rysuj="true" numer="121.02" kodTerenu="T04">
      <X>463</X>
      <Y>183</Y>
      <Punkt>
        <X>683711.21</X>
        <Y>574892.36</Y>
      </Punkt>
      <Rzedna>69.19</Rzedna>
    </Pikieta>
    <Pikieta rysuj="true" numer="121.03" kodTerenu="T01">
      <X>463</X>
      <Y>203</Y>
      <Punkt>
        <X>683711.62</X>
        <Y>574893.52</Y>
      </Punkt>
      <Rzedna>68.46</Rzedna>
    </Pikieta>
    <Pikieta rysuj="true" numer="121.04" kodTerenu="K05">
      <X>463</X>
      <Y>223</Y>
      <Punkt>
        <X>683711.42</X>
        <Y>574894.4</Y>
      </Punkt>
      <Rzedna>68.19</Rzedna>
    </Pikieta>
    <Pikieta rysuj="true" numer="121.05" kodTerenu="K04">
      <X>463</X>
      <Y>243</Y>
      <Punkt>
        <X>683712.11</X>
        <Y>574897.28</Y>
      </Punkt>
      <Rzedna>68</Rzedna>
    </Pikieta>
    <Pikieta rysuj="true" numer="121.06" kodTerenu="K04">
      <X>463</X>
      <Y>263</Y>
      <Punkt>
        <X>683712.62</X>
        <Y>574900.4</Y>
      </Punkt>
      <Rzedna>67.82</Rzedna>
    </Pikieta>
    <Pikieta rysuj="true" numer="121.07" kodTerenu="K04">
      <X>463</X>
      <Y>283</Y>
      <Punkt>
        <X>683712.98</X>
        <Y>574902.85</Y>
      </Punkt>
      <Rzedna>67.5</Rzedna>
    </Pikieta>
    <Pikieta rysuj="true" numer="121.08" kodTerenu="K04">
      <X>463</X>
      <Y>303</Y>
      <Punkt>
        <X>683713.45</X>
        <Y>574905.62</Y>
      </Punkt>
      <Rzedna>67.36</Rzedna>
    </Pikieta>
    <Pikieta rysuj="true" numer="121.09" kodTerenu="K04">
      <X>463</X>
      <Y>323</Y>
      <Punkt>
        <X>683713.38</X>
        <Y>574908.11</Y>
      </Punkt>
      <Rzedna>67.57</Rzedna>
    </Pikieta>
    <Pikieta rysuj="true" numer="121.10" kodTerenu="K02">
      <X>463</X>
      <Y>343</Y>
      <Punkt>
        <X>683713.4</X>
        <Y>574910.42</Y>
      </Punkt>
      <Rzedna>68.08</Rzedna>
    </Pikieta>
    <Pikieta rysuj="true" numer="121.11" kodTerenu="K02">
      <X>463</X>
      <Y>363</Y>
      <Punkt>
        <X>683713.53</X>
        <Y>574911.43</Y>
      </Punkt>
      <Rzedna>68.46</Rzedna>
    </Pikieta>
    <Pikieta rysuj="true" numer="121.12" kodTerenu="T04">
      <X>463</X>
      <Y>383</Y>
      <Punkt>
        <X>683713.83</X>
        <Y>574912.09</Y>
      </Punkt>
      <Rzedna>68.94</Rzedna>
    </Pikieta>
    <Pikieta rysuj="true" numer="121.13" kodTerenu="T04">
      <X>463</X>
      <Y>403</Y>
      <Punkt>
        <X>683714.09</X>
        <Y>574912.83</Y>
      </Punkt>
      <Rzedna>69.17</Rzedna>
    </Pikieta>
    <Pikieta rysuj="true" numer="121.14" kodTerenu="T04">
      <X>463</X>
      <Y>423</Y>
      <Punkt>
        <X>683715.35</X>
        <Y>574918.45</Y>
      </Punkt>
      <Rzedna>71.19</Rzedna>
    </Pikieta>
    <Pikieta rysuj="true" numer="121.15" kodTerenu="T04">
      <X>463</X>
      <Y>443</Y>
      <Punkt>
        <X>683715.85</X>
        <Y>574921.62</Y>
      </Punkt>
      <Rzedna>71.41</Rzedna>
    </Pikieta>
    <Pikieta rysuj="true" numer="121.16" kodTerenu="T03">
      <X>463</X>
      <Y>463</Y>
      <Punkt>
        <X>683716.76</X>
        <Y>574927.24</Y>
      </Punkt>
      <Rzedna>72.01</Rzedna>
    </Pikieta>
  </Pikiety>
  <Fotografie>
    <Fotografia rysuj="true" numer="121" rotacja="80">
      <X>454</X>
      <Y>508</Y>
    </Fotografia>
  </Fotografie>
  <Skarpy>
    <Skarpa rysuj="true" startPikieta="2" endPikieta="3" brzeg="true" />
    <Skarpa rysuj="true" startPikieta="11" endPikieta="12" brzeg="true" />
    <Skarpa rysuj="true" startPikieta="13" endPikieta="14" brzeg="false" />
  </Skarpy>
  <Drogi />
  <Zabudowy />
  <Teksty />
</SzkicPrzekroju>