<?xml version="1.0" encoding="utf-8"?>
<SzkicPrzekroju xmlns:xsi="http://www.w3.org/2001/XMLSchema-instance" xmlns:xsd="http://www.w3.org/2001/XMLSchema" nazwaCieku="Pasłęka" numerObiektu="122" numerPrzekroju="122" dataPomiaru="16.03.2012">
  <Koryto rysuj="true" startPikieta="4" endPikieta="18" />
  <Pikiety>
    <Pikieta rysuj="true" numer="122.01" kodTerenu="">
      <X>463</X>
      <Y>163</Y>
      <Punkt>
        <X>683473.08</X>
        <Y>574942.86</Y>
      </Punkt>
      <Rzedna>77.33</Rzedna>
    </Pikieta>
    <Pikieta rysuj="true" numer="122.02" kodTerenu="T04">
      <X>463</X>
      <Y>176</Y>
      <Punkt>
        <X>683488.6</X>
        <Y>574955.43</Y>
      </Punkt>
      <Rzedna>71.24</Rzedna>
    </Pikieta>
    <Pikieta rysuj="true" numer="122.03" kodTerenu="T06">
      <X>463</X>
      <Y>189</Y>
      <Punkt>
        <X>683491.4</X>
        <Y>574957.88</Y>
      </Punkt>
      <Rzedna>71.04</Rzedna>
    </Pikieta>
    <Pikieta rysuj="true" numer="122.04" kodTerenu="T02">
      <X>463</X>
      <Y>202</Y>
      <Punkt>
        <X>683492.04</X>
        <Y>574958.87</Y>
      </Punkt>
      <Rzedna>70.8</Rzedna>
    </Pikieta>
    <Pikieta rysuj="true" numer="122.05" kodTerenu="K01">
      <X>463</X>
      <Y>215</Y>
      <Punkt>
        <X>683492.52</X>
        <Y>574959.22</Y>
      </Punkt>
      <Rzedna>70.61</Rzedna>
    </Pikieta>
    <Pikieta rysuj="true" numer="122.06" kodTerenu="K02">
      <X>463</X>
      <Y>228</Y>
      <Punkt>
        <X>683496.45</X>
        <Y>574962.41</Y>
      </Punkt>
      <Rzedna>69.79</Rzedna>
    </Pikieta>
    <Pikieta rysuj="true" numer="122.07" kodTerenu="K02">
      <X>463</X>
      <Y>241</Y>
      <Punkt>
        <X>683498.49</X>
        <Y>574963.97</Y>
      </Punkt>
      <Rzedna>69.66</Rzedna>
    </Pikieta>
    <Pikieta rysuj="true" numer="122.08" kodTerenu="K02">
      <X>463</X>
      <Y>254</Y>
      <Punkt>
        <X>683500.75</X>
        <Y>574965.78</Y>
      </Punkt>
      <Rzedna>69.71</Rzedna>
    </Pikieta>
    <Pikieta rysuj="true" numer="122.09" kodTerenu="K02">
      <X>463</X>
      <Y>267</Y>
      <Punkt>
        <X>683503.19</X>
        <Y>574967.66</Y>
      </Punkt>
      <Rzedna>69.7</Rzedna>
    </Pikieta>
    <Pikieta rysuj="true" numer="122.10" kodTerenu="K02">
      <X>463</X>
      <Y>280</Y>
      <Punkt>
        <X>683505.39</X>
        <Y>574969.32</Y>
      </Punkt>
      <Rzedna>69.65</Rzedna>
    </Pikieta>
    <Pikieta rysuj="true" numer="122.11" kodTerenu="K02">
      <X>463</X>
      <Y>293</Y>
      <Punkt>
        <X>683508.7</X>
        <Y>574971.65</Y>
      </Punkt>
      <Rzedna>69.51</Rzedna>
    </Pikieta>
    <Pikieta rysuj="true" numer="122.12" kodTerenu="K02">
      <X>463</X>
      <Y>306</Y>
      <Punkt>
        <X>683512.27</X>
        <Y>574974.76</Y>
      </Punkt>
      <Rzedna>69.47</Rzedna>
    </Pikieta>
    <Pikieta rysuj="true" numer="122.13" kodTerenu="K02">
      <X>463</X>
      <Y>319</Y>
      <Punkt>
        <X>683515.84</X>
        <Y>574978.14</Y>
      </Punkt>
      <Rzedna>69.5</Rzedna>
    </Pikieta>
    <Pikieta rysuj="true" numer="122.14" kodTerenu="K02">
      <X>463</X>
      <Y>332</Y>
      <Punkt>
        <X>683516.28</X>
        <Y>574978.37</Y>
      </Punkt>
      <Rzedna>69.52</Rzedna>
    </Pikieta>
    <Pikieta rysuj="true" numer="122.15" kodTerenu="K01">
      <X>463</X>
      <Y>345</Y>
      <Punkt>
        <X>683519.85</X>
        <Y>574981.24</Y>
      </Punkt>
      <Rzedna>69.66</Rzedna>
    </Pikieta>
    <Pikieta rysuj="true" numer="122.16" kodTerenu="K01">
      <X>463</X>
      <Y>358</Y>
      <Punkt>
        <X>683524.07</X>
        <Y>574984.44</Y>
      </Punkt>
      <Rzedna>70.03</Rzedna>
    </Pikieta>
    <Pikieta rysuj="true" numer="122.17" kodTerenu="K01">
      <X>463</X>
      <Y>371</Y>
      <Punkt>
        <X>683527.42</X>
        <Y>574987.14</Y>
      </Punkt>
      <Rzedna>70.43</Rzedna>
    </Pikieta>
    <Pikieta rysuj="true" numer="122.18" kodTerenu="K01">
      <X>463</X>
      <Y>384</Y>
      <Punkt>
        <X>683528.34</X>
        <Y>574987.95</Y>
      </Punkt>
      <Rzedna>70.8</Rzedna>
    </Pikieta>
    <Pikieta rysuj="true" numer="122.19" kodTerenu="T01">
      <X>463</X>
      <Y>397</Y>
      <Punkt>
        <X>683528.61</X>
        <Y>574988.19</Y>
      </Punkt>
      <Rzedna>70.92</Rzedna>
    </Pikieta>
    <Pikieta rysuj="true" numer="122.20" kodTerenu="T01">
      <X>463</X>
      <Y>410</Y>
      <Punkt>
        <X>683536.19</X>
        <Y>574994.44</Y>
      </Punkt>
      <Rzedna>71.55</Rzedna>
    </Pikieta>
    <Pikieta rysuj="true" numer="122.21" kodTerenu="T01">
      <X>463</X>
      <Y>423</Y>
      <Punkt>
        <X>683539.19</X>
        <Y>574996.92</Y>
      </Punkt>
      <Rzedna>73.15</Rzedna>
    </Pikieta>
    <Pikieta rysuj="true" numer="122.22" kodTerenu="T01">
      <X>463</X>
      <Y>436</Y>
      <Punkt>
        <X>683543.23</X>
        <Y>574999.75</Y>
      </Punkt>
      <Rzedna>73.45</Rzedna>
    </Pikieta>
    <Pikieta rysuj="true" numer="122.23" kodTerenu="T11">
      <X>463</X>
      <Y>449</Y>
      <Punkt>
        <X>683546.89</X>
        <Y>575001.74</Y>
      </Punkt>
      <Rzedna>73.53</Rzedna>
    </Pikieta>
  </Pikiety>
  <Fotografie>
    <Fotografia rysuj="true" numer="122" rotacja="90">
      <X>484</X>
      <Y>497</Y>
    </Fotografia>
  </Fotografie>
  <Skarpy>
    <Skarpa rysuj="true" startPikieta="3" endPikieta="4" brzeg="true" />
    <Skarpa rysuj="true" startPikieta="18" endPikieta="19" brzeg="true" />
    <Skarpa rysuj="true" startPikieta="1" endPikieta="2" brzeg="false" />
    <Skarpa rysuj="true" startPikieta="20" endPikieta="21" brzeg="false" />
  </Skarpy>
  <Drogi>
    <Droga rysuj="true" startPikieta="22" endPikieta="23" />
  </Drogi>
  <Zabudowy />
  <Teksty>
    <Tekst rysuj="true" value="j. bruk">
      <X>282</X>
      <Y>443</Y>
    </Tekst>
  </Teksty>
</SzkicPrzekroju>