<?xml version="1.0" encoding="utf-8"?>
<SzkicPrzekroju xmlns:xsi="http://www.w3.org/2001/XMLSchema-instance" xmlns:xsd="http://www.w3.org/2001/XMLSchema" nazwaCieku="Pasłęka" numerObiektu="123" numerPrzekroju="123" dataPomiaru="15.03.2012">
  <Koryto rysuj="true" startPikieta="3" endPikieta="9" />
  <Pikiety>
    <Pikieta rysuj="true" numer="123.01" kodTerenu="">
      <X>463</X>
      <Y>163</Y>
      <Punkt>
        <X>683351.11</X>
        <Y>575270.55</Y>
      </Punkt>
      <Rzedna>70.85</Rzedna>
    </Pikieta>
    <Pikieta rysuj="true" numer="123.02" kodTerenu="T02">
      <X>463</X>
      <Y>193</Y>
      <Punkt>
        <X>683356.96</X>
        <Y>575268.09</Y>
      </Punkt>
      <Rzedna>70.99</Rzedna>
    </Pikieta>
    <Pikieta rysuj="true" numer="123.03" kodTerenu="T02">
      <X>463</X>
      <Y>223</Y>
      <Punkt>
        <X>683357.65</X>
        <Y>575267.9</Y>
      </Punkt>
      <Rzedna>70.92</Rzedna>
    </Pikieta>
    <Pikieta rysuj="true" numer="123.04" kodTerenu="K01">
      <X>463</X>
      <Y>253</Y>
      <Punkt>
        <X>683358.19</X>
        <Y>575267.51</Y>
      </Punkt>
      <Rzedna>69.59</Rzedna>
    </Pikieta>
    <Pikieta rysuj="true" numer="123.05" kodTerenu="K02">
      <X>463</X>
      <Y>283</Y>
      <Punkt>
        <X>683361.55</X>
        <Y>575265.97</Y>
      </Punkt>
      <Rzedna>69.6</Rzedna>
    </Pikieta>
    <Pikieta rysuj="true" numer="123.06" kodTerenu="K02">
      <X>463</X>
      <Y>313</Y>
      <Punkt>
        <X>683365.02</X>
        <Y>575265.52</Y>
      </Punkt>
      <Rzedna>69.55</Rzedna>
    </Pikieta>
    <Pikieta rysuj="true" numer="123.07" kodTerenu="K02">
      <X>463</X>
      <Y>343</Y>
      <Punkt>
        <X>683368.82</X>
        <Y>575265.23</Y>
      </Punkt>
      <Rzedna>69.49</Rzedna>
    </Pikieta>
    <Pikieta rysuj="true" numer="123.08" kodTerenu="K02">
      <X>463</X>
      <Y>373</Y>
      <Punkt>
        <X>683371.56</X>
        <Y>575264.97</Y>
      </Punkt>
      <Rzedna>69.38</Rzedna>
    </Pikieta>
    <Pikieta rysuj="true" numer="123.09" kodTerenu="K02">
      <X>463</X>
      <Y>403</Y>
      <Punkt>
        <X>683372.8</X>
        <Y>575264.78</Y>
      </Punkt>
      <Rzedna>70.92</Rzedna>
    </Pikieta>
    <Pikieta rysuj="true" numer="123.10" kodTerenu="T04">
      <X>463</X>
      <Y>433</Y>
      <Punkt>
        <X>683373.4</X>
        <Y>575264.67</Y>
      </Punkt>
      <Rzedna>71.15</Rzedna>
    </Pikieta>
    <Pikieta rysuj="true" numer="123.11" kodTerenu="T04">
      <X>463</X>
      <Y>463</Y>
      <Punkt>
        <X>683378.24</X>
        <Y>575263.57</Y>
      </Punkt>
      <Rzedna>71.12</Rzedna>
    </Pikieta>
  </Pikiety>
  <Fotografie>
    <Fotografia rysuj="true" numer="123" rotacja="270">
      <X>485</X>
      <Y>94</Y>
    </Fotografia>
  </Fotografie>
  <Skarpy>
    <Skarpa rysuj="true" startPikieta="2" endPikieta="3" brzeg="true" />
    <Skarpa rysuj="true" startPikieta="9" endPikieta="10" brzeg="true" />
  </Skarpy>
  <Drogi />
  <Zabudowy />
  <Teksty />
</SzkicPrzekroju>