<?xml version="1.0" encoding="utf-8"?>
<SzkicPrzekroju xmlns:xsi="http://www.w3.org/2001/XMLSchema-instance" xmlns:xsd="http://www.w3.org/2001/XMLSchema" nazwaCieku="Pasłęka" numerObiektu="124" numerPrzekroju="124" dataPomiaru="15.03.2012">
  <Koryto rysuj="true" startPikieta="3" endPikieta="9" />
  <Pikiety>
    <Pikieta rysuj="true" numer="124.01" kodTerenu="">
      <X>463</X>
      <Y>163</Y>
      <Punkt>
        <X>682918.97</X>
        <Y>575000.98</Y>
      </Punkt>
      <Rzedna>71.35</Rzedna>
    </Pikieta>
    <Pikieta rysuj="true" numer="124.02" kodTerenu="T02">
      <X>463</X>
      <Y>193</Y>
      <Punkt>
        <X>682917.06</X>
        <Y>575007.74</Y>
      </Punkt>
      <Rzedna>71.47</Rzedna>
    </Pikieta>
    <Pikieta rysuj="true" numer="124.03" kodTerenu="T02">
      <X>463</X>
      <Y>223</Y>
      <Punkt>
        <X>682916.97</X>
        <Y>575008.24</Y>
      </Punkt>
      <Rzedna>71.19</Rzedna>
    </Pikieta>
    <Pikieta rysuj="true" numer="124.04" kodTerenu="K01">
      <X>463</X>
      <Y>253</Y>
      <Punkt>
        <X>682917.39</X>
        <Y>575009.13</Y>
      </Punkt>
      <Rzedna>70.18</Rzedna>
    </Pikieta>
    <Pikieta rysuj="true" numer="124.05" kodTerenu="K02">
      <X>463</X>
      <Y>283</Y>
      <Punkt>
        <X>682916.23</X>
        <Y>575011.7</Y>
      </Punkt>
      <Rzedna>69.38</Rzedna>
    </Pikieta>
    <Pikieta rysuj="true" numer="124.06" kodTerenu="K02">
      <X>463</X>
      <Y>313</Y>
      <Punkt>
        <X>682914.21</X>
        <Y>575020.14</Y>
      </Punkt>
      <Rzedna>70.02</Rzedna>
    </Pikieta>
    <Pikieta rysuj="true" numer="124.07" kodTerenu="K02">
      <X>463</X>
      <Y>343</Y>
      <Punkt>
        <X>682915.37</X>
        <Y>575017.9</Y>
      </Punkt>
      <Rzedna>70.35</Rzedna>
    </Pikieta>
    <Pikieta rysuj="true" numer="124.08" kodTerenu="K02">
      <X>463</X>
      <Y>373</Y>
      <Punkt>
        <X>682914.67</X>
        <Y>575020.49</Y>
      </Punkt>
      <Rzedna>70.68</Rzedna>
    </Pikieta>
    <Pikieta rysuj="true" numer="124.09" kodTerenu="K02">
      <X>463</X>
      <Y>403</Y>
      <Punkt>
        <X>682914.65</X>
        <Y>575021.7</Y>
      </Punkt>
      <Rzedna>71.19</Rzedna>
    </Pikieta>
    <Pikieta rysuj="true" numer="124.10" kodTerenu="T04">
      <X>463</X>
      <Y>433</Y>
      <Punkt>
        <X>682914.47</X>
        <Y>575022.25</Y>
      </Punkt>
      <Rzedna>71.37</Rzedna>
    </Pikieta>
    <Pikieta rysuj="true" numer="124.11" kodTerenu="T02">
      <X>463</X>
      <Y>463</Y>
      <Punkt>
        <X>682914.21</X>
        <Y>575027.05</Y>
      </Punkt>
      <Rzedna>71.3</Rzedna>
    </Pikieta>
  </Pikiety>
  <Fotografie>
    <Fotografia rysuj="true" numer="124" rotacja="280">
      <X>446</X>
      <Y>63</Y>
    </Fotografia>
  </Fotografie>
  <Skarpy>
    <Skarpa rysuj="true" startPikieta="2" endPikieta="3" brzeg="true" />
    <Skarpa rysuj="true" startPikieta="9" endPikieta="10" brzeg="true" />
  </Skarpy>
  <Drogi />
  <Zabudowy />
  <Teksty />
</SzkicPrzekroju>