<?xml version="1.0" encoding="utf-8"?>
<SzkicPrzekroju xmlns:xsi="http://www.w3.org/2001/XMLSchema-instance" xmlns:xsd="http://www.w3.org/2001/XMLSchema" nazwaCieku="Pasłęka" numerObiektu="125" numerPrzekroju="125" dataPomiaru="15.03.2012">
  <Koryto rysuj="true" startPikieta="4" endPikieta="10" />
  <Pikiety>
    <Pikieta rysuj="true" numer="125.01" kodTerenu="">
      <X>463</X>
      <Y>163</Y>
      <Punkt>
        <X>682271.56</X>
        <Y>575612.01</Y>
      </Punkt>
      <Rzedna>72.02</Rzedna>
    </Pikieta>
    <Pikieta rysuj="true" numer="125.02" kodTerenu="T02">
      <X>463</X>
      <Y>188</Y>
      <Punkt>
        <X>682272.32</X>
        <Y>575613.97</Y>
      </Punkt>
      <Rzedna>71.59</Rzedna>
    </Pikieta>
    <Pikieta rysuj="true" numer="125.03" kodTerenu="T02">
      <X>463</X>
      <Y>213</Y>
      <Punkt>
        <X>682274.03</X>
        <Y>575618.36</Y>
      </Punkt>
      <Rzedna>71.65</Rzedna>
    </Pikieta>
    <Pikieta rysuj="true" numer="125.04" kodTerenu="T02">
      <X>463</X>
      <Y>238</Y>
      <Punkt>
        <X>682274.25</X>
        <Y>575619.01</Y>
      </Punkt>
      <Rzedna>71.48</Rzedna>
    </Pikieta>
    <Pikieta rysuj="true" numer="125.05" kodTerenu="K01">
      <X>463</X>
      <Y>263</Y>
      <Punkt>
        <X>682273.73</X>
        <Y>575620.13</Y>
      </Punkt>
      <Rzedna>70.16</Rzedna>
    </Pikieta>
    <Pikieta rysuj="true" numer="125.06" kodTerenu="K01">
      <X>463</X>
      <Y>288</Y>
      <Punkt>
        <X>682272.47</X>
        <Y>575619.82</Y>
      </Punkt>
      <Rzedna>69.72</Rzedna>
    </Pikieta>
    <Pikieta rysuj="true" numer="125.07" kodTerenu="K02">
      <X>463</X>
      <Y>313</Y>
      <Punkt>
        <X>682275.56</X>
        <Y>575623.94</Y>
      </Punkt>
      <Rzedna>69.13</Rzedna>
    </Pikieta>
    <Pikieta rysuj="true" numer="125.08" kodTerenu="K02">
      <X>463</X>
      <Y>338</Y>
      <Punkt>
        <X>682276.75</X>
        <Y>575626.47</Y>
      </Punkt>
      <Rzedna>69.54</Rzedna>
    </Pikieta>
    <Pikieta rysuj="true" numer="125.09" kodTerenu="K01">
      <X>463</X>
      <Y>363</Y>
      <Punkt>
        <X>682277.17</X>
        <Y>575628.55</Y>
      </Punkt>
      <Rzedna>70.59</Rzedna>
    </Pikieta>
    <Pikieta rysuj="true" numer="125.10" kodTerenu="K01">
      <X>463</X>
      <Y>388</Y>
      <Punkt>
        <X>682277.3</X>
        <Y>575629.2</Y>
      </Punkt>
      <Rzedna>71.48</Rzedna>
    </Pikieta>
    <Pikieta rysuj="true" numer="125.11" kodTerenu="T02">
      <X>463</X>
      <Y>413</Y>
      <Punkt>
        <X>682277.53</X>
        <Y>575630.22</Y>
      </Punkt>
      <Rzedna>71.8</Rzedna>
    </Pikieta>
    <Pikieta rysuj="true" numer="125.12" kodTerenu="T02">
      <X>463</X>
      <Y>438</Y>
      <Punkt>
        <X>682279.26</X>
        <Y>575634.59</Y>
      </Punkt>
      <Rzedna>71.85</Rzedna>
    </Pikieta>
    <Pikieta rysuj="true" numer="125.13" kodTerenu="T02">
      <X>463</X>
      <Y>463</Y>
      <Punkt>
        <X>682281.58</X>
        <Y>575639.32</Y>
      </Punkt>
      <Rzedna>73.41</Rzedna>
    </Pikieta>
  </Pikiety>
  <Fotografie>
    <Fotografia rysuj="true" numer="125" rotacja="270">
      <X>484</X>
      <Y>90</Y>
    </Fotografia>
  </Fotografie>
  <Skarpy>
    <Skarpa rysuj="true" startPikieta="3" endPikieta="4" brzeg="true" />
    <Skarpa rysuj="true" startPikieta="10" endPikieta="11" brzeg="true" />
    <Skarpa rysuj="true" startPikieta="12" endPikieta="13" brzeg="false" />
  </Skarpy>
  <Drogi />
  <Zabudowy />
  <Teksty />
</SzkicPrzekroju>