<?xml version="1.0" encoding="utf-8"?>
<SzkicPrzekroju xmlns:xsi="http://www.w3.org/2001/XMLSchema-instance" xmlns:xsd="http://www.w3.org/2001/XMLSchema" nazwaCieku="Pasłęka" numerObiektu="126" numerPrzekroju="126" dataPomiaru="15.03.2012">
  <Koryto rysuj="true" startPikieta="3" endPikieta="9" />
  <Pikiety>
    <Pikieta rysuj="true" numer="126.01" kodTerenu="">
      <X>463</X>
      <Y>163</Y>
      <Punkt>
        <X>681980.53</X>
        <Y>575643.93</Y>
      </Punkt>
      <Rzedna>72.17</Rzedna>
    </Pikieta>
    <Pikieta rysuj="true" numer="126.02" kodTerenu="T02">
      <X>463</X>
      <Y>190</Y>
      <Punkt>
        <X>681976.16</X>
        <Y>575646.84</Y>
      </Punkt>
      <Rzedna>72.03</Rzedna>
    </Pikieta>
    <Pikieta rysuj="true" numer="126.03" kodTerenu="T02">
      <X>463</X>
      <Y>217</Y>
      <Punkt>
        <X>681975.15</X>
        <Y>575647.54</Y>
      </Punkt>
      <Rzedna>71.67</Rzedna>
    </Pikieta>
    <Pikieta rysuj="true" numer="126.04" kodTerenu="K01">
      <X>463</X>
      <Y>244</Y>
      <Punkt>
        <X>681974.65</X>
        <Y>575648.01</Y>
      </Punkt>
      <Rzedna>69.76</Rzedna>
    </Pikieta>
    <Pikieta rysuj="true" numer="126.05" kodTerenu="K01">
      <X>463</X>
      <Y>271</Y>
      <Punkt>
        <X>681971.91</X>
        <Y>575649.38</Y>
      </Punkt>
      <Rzedna>69.45</Rzedna>
    </Pikieta>
    <Pikieta rysuj="true" numer="126.06" kodTerenu="K01">
      <X>463</X>
      <Y>298</Y>
      <Punkt>
        <X>681968.87</X>
        <Y>575651.13</Y>
      </Punkt>
      <Rzedna>68.93</Rzedna>
    </Pikieta>
    <Pikieta rysuj="true" numer="126.07" kodTerenu="K01">
      <X>463</X>
      <Y>325</Y>
      <Punkt>
        <X>681965.69</X>
        <Y>575653.59</Y>
      </Punkt>
      <Rzedna>70.1</Rzedna>
    </Pikieta>
    <Pikieta rysuj="true" numer="126.08" kodTerenu="K01">
      <X>463</X>
      <Y>352</Y>
      <Punkt>
        <X>681963.45</X>
        <Y>575655.37</Y>
      </Punkt>
      <Rzedna>70.77</Rzedna>
    </Pikieta>
    <Pikieta rysuj="true" numer="126.09" kodTerenu="K01">
      <X>463</X>
      <Y>379</Y>
      <Punkt>
        <X>681961.55</X>
        <Y>575656.46</Y>
      </Punkt>
      <Rzedna>70.66</Rzedna>
    </Pikieta>
    <Pikieta rysuj="true" numer="126.10" kodTerenu="T02">
      <X>463</X>
      <Y>406</Y>
      <Punkt>
        <X>681961.15</X>
        <Y>575656.85</Y>
      </Punkt>
      <Rzedna>71.67</Rzedna>
    </Pikieta>
    <Pikieta rysuj="true" numer="126.11" kodTerenu="T02">
      <X>463</X>
      <Y>433</Y>
      <Punkt>
        <X>681960.3</X>
        <Y>575657.61</Y>
      </Punkt>
      <Rzedna>71.97</Rzedna>
    </Pikieta>
    <Pikieta rysuj="true" numer="126.12" kodTerenu="T02">
      <X>463</X>
      <Y>460</Y>
      <Punkt>
        <X>681954.82</X>
        <Y>575661.18</Y>
      </Punkt>
      <Rzedna>71.98</Rzedna>
    </Pikieta>
  </Pikiety>
  <Fotografie>
    <Fotografia rysuj="true" numer="126" rotacja="290">
      <X>455</X>
      <Y>65</Y>
    </Fotografia>
  </Fotografie>
  <Skarpy>
    <Skarpa rysuj="true" startPikieta="2" endPikieta="3" brzeg="true" />
    <Skarpa rysuj="true" startPikieta="9" endPikieta="10" brzeg="true" />
  </Skarpy>
  <Drogi />
  <Zabudowy />
  <Teksty />
</SzkicPrzekroju>