<?xml version="1.0" encoding="utf-8"?>
<SzkicPrzekroju xmlns:xsi="http://www.w3.org/2001/XMLSchema-instance" xmlns:xsd="http://www.w3.org/2001/XMLSchema" nazwaCieku="Pasłęka" numerObiektu="127" numerPrzekroju="127" dataPomiaru="15.03.2012">
  <Koryto rysuj="true" startPikieta="3" endPikieta="9" />
  <Pikiety>
    <Pikieta rysuj="true" numer="127.01" kodTerenu="">
      <X>463</X>
      <Y>163</Y>
      <Punkt>
        <X>681509.94</X>
        <Y>575603.29</Y>
      </Punkt>
      <Rzedna>72.22</Rzedna>
    </Pikieta>
    <Pikieta rysuj="true" numer="127.02" kodTerenu="T02">
      <X>463</X>
      <Y>193</Y>
      <Punkt>
        <X>681516.05</X>
        <Y>575603.49</Y>
      </Punkt>
      <Rzedna>71.97</Rzedna>
    </Pikieta>
    <Pikieta rysuj="true" numer="127.03" kodTerenu="T02">
      <X>463</X>
      <Y>223</Y>
      <Punkt>
        <X>681516.47</X>
        <Y>575603.63</Y>
      </Punkt>
      <Rzedna>71.86</Rzedna>
    </Pikieta>
    <Pikieta rysuj="true" numer="127.04" kodTerenu="K01">
      <X>463</X>
      <Y>253</Y>
      <Punkt>
        <X>681517.01</X>
        <Y>575603.59</Y>
      </Punkt>
      <Rzedna>70.55</Rzedna>
    </Pikieta>
    <Pikieta rysuj="true" numer="127.05" kodTerenu="K02">
      <X>463</X>
      <Y>283</Y>
      <Punkt>
        <X>681518.85</X>
        <Y>575603.81</Y>
      </Punkt>
      <Rzedna>69.99</Rzedna>
    </Pikieta>
    <Pikieta rysuj="true" numer="127.06" kodTerenu="K02">
      <X>463</X>
      <Y>313</Y>
      <Punkt>
        <X>681521.36</X>
        <Y>575604.01</Y>
      </Punkt>
      <Rzedna>69.93</Rzedna>
    </Pikieta>
    <Pikieta rysuj="true" numer="127.07" kodTerenu="K02">
      <X>463</X>
      <Y>343</Y>
      <Punkt>
        <X>681523.76</X>
        <Y>575604.35</Y>
      </Punkt>
      <Rzedna>70.03</Rzedna>
    </Pikieta>
    <Pikieta rysuj="true" numer="127.08" kodTerenu="K02">
      <X>463</X>
      <Y>373</Y>
      <Punkt>
        <X>681525.46</X>
        <Y>575605.46</Y>
      </Punkt>
      <Rzedna>70.45</Rzedna>
    </Pikieta>
    <Pikieta rysuj="true" numer="127.09" kodTerenu="K01">
      <X>463</X>
      <Y>403</Y>
      <Punkt>
        <X>681526.35</X>
        <Y>575605.06</Y>
      </Punkt>
      <Rzedna>71.86</Rzedna>
    </Pikieta>
    <Pikieta rysuj="true" numer="127.10" kodTerenu="T02">
      <X>463</X>
      <Y>433</Y>
      <Punkt>
        <X>681527.14</X>
        <Y>575605.08</Y>
      </Punkt>
      <Rzedna>72.08</Rzedna>
    </Pikieta>
    <Pikieta rysuj="true" numer="127.11" kodTerenu="T02">
      <X>463</X>
      <Y>463</Y>
      <Punkt>
        <X>681531.08</X>
        <Y>575605.13</Y>
      </Punkt>
      <Rzedna>72.57</Rzedna>
    </Pikieta>
  </Pikiety>
  <Fotografie>
    <Fotografia rysuj="true" numer="127" rotacja="270">
      <X>486</X>
      <Y>80</Y>
    </Fotografia>
  </Fotografie>
  <Skarpy>
    <Skarpa rysuj="true" startPikieta="2" endPikieta="3" brzeg="true" />
    <Skarpa rysuj="true" startPikieta="9" endPikieta="10" brzeg="true" />
  </Skarpy>
  <Drogi />
  <Zabudowy />
  <Teksty />
</SzkicPrzekroju>