<?xml version="1.0" encoding="utf-8"?>
<SzkicPrzekroju xmlns:xsi="http://www.w3.org/2001/XMLSchema-instance" xmlns:xsd="http://www.w3.org/2001/XMLSchema" nazwaCieku="Pasłęka" numerObiektu="128" numerPrzekroju="128" dataPomiaru="14.03.2012">
  <Koryto rysuj="true" startPikieta="4" endPikieta="10" />
  <Pikiety>
    <Pikieta rysuj="true" numer="128.01" kodTerenu="">
      <X>463</X>
      <Y>163</Y>
      <Punkt>
        <X>680938.97</X>
        <Y>575914.55</Y>
      </Punkt>
      <Rzedna>74.52</Rzedna>
    </Pikieta>
    <Pikieta rysuj="true" numer="128.02" kodTerenu="T05">
      <X>463</X>
      <Y>190</Y>
      <Punkt>
        <X>680941.19</X>
        <Y>575920.48</Y>
      </Punkt>
      <Rzedna>72.85</Rzedna>
    </Pikieta>
    <Pikieta rysuj="true" numer="128.03" kodTerenu="T05">
      <X>463</X>
      <Y>217</Y>
      <Punkt>
        <X>680941.42</X>
        <Y>575922.95</Y>
      </Punkt>
      <Rzedna>72.3</Rzedna>
    </Pikieta>
    <Pikieta rysuj="true" numer="128.04" kodTerenu="T05">
      <X>463</X>
      <Y>244</Y>
      <Punkt>
        <X>680941.5</X>
        <Y>575923.25</Y>
      </Punkt>
      <Rzedna>72.12</Rzedna>
    </Pikieta>
    <Pikieta rysuj="true" numer="128.05" kodTerenu="K01">
      <X>463</X>
      <Y>271</Y>
      <Punkt>
        <X>680941.64</X>
        <Y>575923.71</Y>
      </Punkt>
      <Rzedna>71.32</Rzedna>
    </Pikieta>
    <Pikieta rysuj="true" numer="128.06" kodTerenu="K01">
      <X>463</X>
      <Y>298</Y>
      <Punkt>
        <X>680942.14</X>
        <Y>575925.43</Y>
      </Punkt>
      <Rzedna>70.77</Rzedna>
    </Pikieta>
    <Pikieta rysuj="true" numer="128.07" kodTerenu="K01">
      <X>463</X>
      <Y>325</Y>
      <Punkt>
        <X>680943.2</X>
        <Y>575929.11</Y>
      </Punkt>
      <Rzedna>70.52</Rzedna>
    </Pikieta>
    <Pikieta rysuj="true" numer="128.08" kodTerenu="K01">
      <X>463</X>
      <Y>352</Y>
      <Punkt>
        <X>680943.8</X>
        <Y>575931.15</Y>
      </Punkt>
      <Rzedna>70.72</Rzedna>
    </Pikieta>
    <Pikieta rysuj="true" numer="128.09" kodTerenu="K01">
      <X>463</X>
      <Y>379</Y>
      <Punkt>
        <X>680945.02</X>
        <Y>575935.35</Y>
      </Punkt>
      <Rzedna>70.72</Rzedna>
    </Pikieta>
    <Pikieta rysuj="true" numer="128.10" kodTerenu="K01">
      <X>463</X>
      <Y>406</Y>
      <Punkt>
        <X>680945.2</X>
        <Y>575935.96</Y>
      </Punkt>
      <Rzedna>72.12</Rzedna>
    </Pikieta>
    <Pikieta rysuj="true" numer="128.11" kodTerenu="T01">
      <X>463</X>
      <Y>433</Y>
      <Punkt>
        <X>680945.33</X>
        <Y>575936.42</Y>
      </Punkt>
      <Rzedna>72.61</Rzedna>
    </Pikieta>
    <Pikieta rysuj="true" numer="128.12" kodTerenu="T01">
      <X>463</X>
      <Y>460</Y>
      <Punkt>
        <X>680947.42</X>
        <Y>575943.62</Y>
      </Punkt>
      <Rzedna>72.36</Rzedna>
    </Pikieta>
  </Pikiety>
  <Fotografie>
    <Fotografia rysuj="true" numer="128" rotacja="260">
      <X>502</X>
      <Y>94</Y>
    </Fotografia>
  </Fotografie>
  <Skarpy>
    <Skarpa rysuj="true" startPikieta="3" endPikieta="4" brzeg="true" />
    <Skarpa rysuj="true" startPikieta="10" endPikieta="11" brzeg="true" />
  </Skarpy>
  <Drogi />
  <Zabudowy />
  <Teksty />
</SzkicPrzekroju>