<?xml version="1.0" encoding="utf-8"?>
<SzkicPrzekroju xmlns:xsi="http://www.w3.org/2001/XMLSchema-instance" xmlns:xsd="http://www.w3.org/2001/XMLSchema" nazwaCieku="Pasłęka" numerObiektu="129" numerPrzekroju="129" dataPomiaru="13.03.2012">
  <Koryto rysuj="true" startPikieta="4" endPikieta="10" />
  <Pikiety>
    <Pikieta rysuj="true" numer="129.01" kodTerenu="">
      <X>463</X>
      <Y>163</Y>
      <Punkt>
        <X>680311.14</X>
        <Y>576744.77</Y>
      </Punkt>
      <Rzedna>73.62</Rzedna>
    </Pikieta>
    <Pikieta rysuj="true" numer="129.02" kodTerenu="T05">
      <X>463</X>
      <Y>190</Y>
      <Punkt>
        <X>680314.19</X>
        <Y>576746.33</Y>
      </Punkt>
      <Rzedna>73.21</Rzedna>
    </Pikieta>
    <Pikieta rysuj="true" numer="129.03" kodTerenu="T05">
      <X>463</X>
      <Y>217</Y>
      <Punkt>
        <X>680315.5</X>
        <Y>576746.98</Y>
      </Punkt>
      <Rzedna>72.84</Rzedna>
    </Pikieta>
    <Pikieta rysuj="true" numer="129.04" kodTerenu="T05">
      <X>463</X>
      <Y>244</Y>
      <Punkt>
        <X>680316.32</X>
        <Y>576747.41</Y>
      </Punkt>
      <Rzedna>72.55</Rzedna>
    </Pikieta>
    <Pikieta rysuj="true" numer="129.05" kodTerenu="K02">
      <X>463</X>
      <Y>271</Y>
      <Punkt>
        <X>680316.91</X>
        <Y>576747.93</Y>
      </Punkt>
      <Rzedna>71.56</Rzedna>
    </Pikieta>
    <Pikieta rysuj="true" numer="129.06" kodTerenu="K02">
      <X>463</X>
      <Y>298</Y>
      <Punkt>
        <X>680318.35</X>
        <Y>576749.25</Y>
      </Punkt>
      <Rzedna>70.97</Rzedna>
    </Pikieta>
    <Pikieta rysuj="true" numer="129.07" kodTerenu="K03">
      <X>463</X>
      <Y>325</Y>
      <Punkt>
        <X>680321</X>
        <Y>576749.78</Y>
      </Punkt>
      <Rzedna>71</Rzedna>
    </Pikieta>
    <Pikieta rysuj="true" numer="129.08" kodTerenu="K01">
      <X>463</X>
      <Y>352</Y>
      <Punkt>
        <X>680324.93</X>
        <Y>576751.24</Y>
      </Punkt>
      <Rzedna>71.03</Rzedna>
    </Pikieta>
    <Pikieta rysuj="true" numer="129.09" kodTerenu="K01">
      <X>463</X>
      <Y>379</Y>
      <Punkt>
        <X>680325.66</X>
        <Y>576752.2</Y>
      </Punkt>
      <Rzedna>71.74</Rzedna>
    </Pikieta>
    <Pikieta rysuj="true" numer="129.10" kodTerenu="K01">
      <X>463</X>
      <Y>406</Y>
      <Punkt>
        <X>680325.97</X>
        <Y>576752.45</Y>
      </Punkt>
      <Rzedna>72.55</Rzedna>
    </Pikieta>
    <Pikieta rysuj="true" numer="129.11" kodTerenu="T04">
      <X>463</X>
      <Y>433</Y>
      <Punkt>
        <X>680326.67</X>
        <Y>576752.98</Y>
      </Punkt>
      <Rzedna>72.79</Rzedna>
    </Pikieta>
    <Pikieta rysuj="true" numer="129.12" kodTerenu="T01">
      <X>463</X>
      <Y>460</Y>
      <Punkt>
        <X>680331.9</X>
        <Y>576755.93</Y>
      </Punkt>
      <Rzedna>73.23</Rzedna>
    </Pikieta>
  </Pikiety>
  <Fotografie>
    <Fotografia rysuj="true" numer="129" rotacja="90">
      <X>484</X>
      <Y>493</Y>
    </Fotografia>
  </Fotografie>
  <Skarpy>
    <Skarpa rysuj="true" startPikieta="3" endPikieta="4" brzeg="true" />
    <Skarpa rysuj="true" startPikieta="10" endPikieta="11" brzeg="true" />
  </Skarpy>
  <Drogi />
  <Zabudowy />
  <Teksty />
</SzkicPrzekroju>