<?xml version="1.0" encoding="utf-8"?>
<SzkicPrzekroju xmlns:xsi="http://www.w3.org/2001/XMLSchema-instance" xmlns:xsd="http://www.w3.org/2001/XMLSchema" nazwaCieku="Pasłęka" numerObiektu="130" numerPrzekroju="130" dataPomiaru="13.03.2012">
  <Koryto rysuj="true" startPikieta="3" endPikieta="9" />
  <Pikiety>
    <Pikieta rysuj="true" numer="130.01" kodTerenu="">
      <X>463</X>
      <Y>163</Y>
      <Punkt>
        <X>679912.1</X>
        <Y>577310.05</Y>
      </Punkt>
      <Rzedna>73.68</Rzedna>
    </Pikieta>
    <Pikieta rysuj="true" numer="130.02" kodTerenu="T02">
      <X>463</X>
      <Y>193</Y>
      <Punkt>
        <X>679913.17</X>
        <Y>577317.55</Y>
      </Punkt>
      <Rzedna>73.57</Rzedna>
    </Pikieta>
    <Pikieta rysuj="true" numer="130.03" kodTerenu="T02">
      <X>463</X>
      <Y>223</Y>
      <Punkt>
        <X>679913.03</X>
        <Y>577319.36</Y>
      </Punkt>
      <Rzedna>72.8</Rzedna>
    </Pikieta>
    <Pikieta rysuj="true" numer="130.04" kodTerenu="K01">
      <X>463</X>
      <Y>253</Y>
      <Punkt>
        <X>679912.4</X>
        <Y>577320.91</Y>
      </Punkt>
      <Rzedna>71.1</Rzedna>
    </Pikieta>
    <Pikieta rysuj="true" numer="130.05" kodTerenu="K02">
      <X>463</X>
      <Y>283</Y>
      <Punkt>
        <X>679912.73</X>
        <Y>577323.63</Y>
      </Punkt>
      <Rzedna>70.58</Rzedna>
    </Pikieta>
    <Pikieta rysuj="true" numer="130.06" kodTerenu="K02">
      <X>463</X>
      <Y>313</Y>
      <Punkt>
        <X>679912.72</X>
        <Y>577325.76</Y>
      </Punkt>
      <Rzedna>70.49</Rzedna>
    </Pikieta>
    <Pikieta rysuj="true" numer="130.07" kodTerenu="K02">
      <X>463</X>
      <Y>343</Y>
      <Punkt>
        <X>679912.99</X>
        <Y>577328.33</Y>
      </Punkt>
      <Rzedna>70.83</Rzedna>
    </Pikieta>
    <Pikieta rysuj="true" numer="130.08" kodTerenu="K01">
      <X>463</X>
      <Y>373</Y>
      <Punkt>
        <X>679913.36</X>
        <Y>577330.37</Y>
      </Punkt>
      <Rzedna>71.6</Rzedna>
    </Pikieta>
    <Pikieta rysuj="true" numer="130.09" kodTerenu="K01">
      <X>463</X>
      <Y>403</Y>
      <Punkt>
        <X>679913.52</X>
        <Y>577331.23</Y>
      </Punkt>
      <Rzedna>72.8</Rzedna>
    </Pikieta>
    <Pikieta rysuj="true" numer="130.10" kodTerenu="T01">
      <X>463</X>
      <Y>433</Y>
      <Punkt>
        <X>679913.63</X>
        <Y>577332.46</Y>
      </Punkt>
      <Rzedna>73.34</Rzedna>
    </Pikieta>
    <Pikieta rysuj="true" numer="130.11" kodTerenu="T01">
      <X>463</X>
      <Y>463</Y>
      <Punkt>
        <X>679914.69</X>
        <Y>577338.21</Y>
      </Punkt>
      <Rzedna>73.5</Rzedna>
    </Pikieta>
  </Pikiety>
  <Fotografie>
    <Fotografia rysuj="true" numer="130" rotacja="90">
      <X>463</X>
      <Y>493</Y>
    </Fotografia>
  </Fotografie>
  <Skarpy>
    <Skarpa rysuj="true" startPikieta="2" endPikieta="3" brzeg="true" />
    <Skarpa rysuj="true" startPikieta="9" endPikieta="10" brzeg="true" />
  </Skarpy>
  <Drogi />
  <Zabudowy>
    <Zabudowa rysuj="true" budynek="false" width="120" height="300">
      <X>304</X>
      <Y>163</Y>
    </Zabudowa>
  </Zabudowy>
  <Teksty>
    <Tekst rysuj="true" value="Most o130 a,b">
      <X>310</X>
      <Y>314</Y>
    </Tekst>
  </Teksty>
</SzkicPrzekroju>