<?xml version="1.0" encoding="utf-8"?>
<SzkicPrzekroju xmlns:xsi="http://www.w3.org/2001/XMLSchema-instance" xmlns:xsd="http://www.w3.org/2001/XMLSchema" nazwaCieku="Pasłęka" numerObiektu="131" numerPrzekroju="131" dataPomiaru="13.03.2012">
  <Koryto rysuj="true" startPikieta="5" endPikieta="11" />
  <Pikiety>
    <Pikieta rysuj="true" numer="131.01" kodTerenu="">
      <X>463</X>
      <Y>163</Y>
      <Punkt>
        <X>679756.46</X>
        <Y>577512.03</Y>
      </Punkt>
      <Rzedna>73.82</Rzedna>
    </Pikieta>
    <Pikieta rysuj="true" numer="131.02" kodTerenu="T02">
      <X>463</X>
      <Y>188</Y>
      <Punkt>
        <X>679758.22</X>
        <Y>577516.59</Y>
      </Punkt>
      <Rzedna>73.73</Rzedna>
    </Pikieta>
    <Pikieta rysuj="true" numer="131.03" kodTerenu="T02">
      <X>463</X>
      <Y>213</Y>
      <Punkt>
        <X>679759.57</X>
        <Y>577520.33</Y>
      </Punkt>
      <Rzedna>73.08</Rzedna>
    </Pikieta>
    <Pikieta rysuj="true" numer="131.04" kodTerenu="T02">
      <X>463</X>
      <Y>238</Y>
      <Punkt>
        <X>679760.15</X>
        <Y>577521.51</Y>
      </Punkt>
      <Rzedna>73.12</Rzedna>
    </Pikieta>
    <Pikieta rysuj="true" numer="131.05" kodTerenu="T02">
      <X>463</X>
      <Y>263</Y>
      <Punkt>
        <X>679760.43</X>
        <Y>577522.25</Y>
      </Punkt>
      <Rzedna>72.88</Rzedna>
    </Pikieta>
    <Pikieta rysuj="true" numer="131.06" kodTerenu="K01">
      <X>463</X>
      <Y>288</Y>
      <Punkt>
        <X>679760.89</X>
        <Y>577523.84</Y>
      </Punkt>
      <Rzedna>71.42</Rzedna>
    </Pikieta>
    <Pikieta rysuj="true" numer="131.07" kodTerenu="K01">
      <X>463</X>
      <Y>313</Y>
      <Punkt>
        <X>679760.98</X>
        <Y>577525.63</Y>
      </Punkt>
      <Rzedna>70.87</Rzedna>
    </Pikieta>
    <Pikieta rysuj="true" numer="131.08" kodTerenu="K01">
      <X>463</X>
      <Y>338</Y>
      <Punkt>
        <X>679762.9</X>
        <Y>577529.28</Y>
      </Punkt>
      <Rzedna>70.55</Rzedna>
    </Pikieta>
    <Pikieta rysuj="true" numer="131.09" kodTerenu="K01">
      <X>463</X>
      <Y>363</Y>
      <Punkt>
        <X>679763.8</X>
        <Y>577531.52</Y>
      </Punkt>
      <Rzedna>71.28</Rzedna>
    </Pikieta>
    <Pikieta rysuj="true" numer="131.10" kodTerenu="K01">
      <X>463</X>
      <Y>388</Y>
      <Punkt>
        <X>679764.15</X>
        <Y>577532.32</Y>
      </Punkt>
      <Rzedna>72.1</Rzedna>
    </Pikieta>
    <Pikieta rysuj="true" numer="131.11" kodTerenu="K01">
      <X>463</X>
      <Y>413</Y>
      <Punkt>
        <X>679764.17</X>
        <Y>577532.73</Y>
      </Punkt>
      <Rzedna>72.88</Rzedna>
    </Pikieta>
    <Pikieta rysuj="true" numer="131.12" kodTerenu="T02">
      <X>463</X>
      <Y>438</Y>
      <Punkt>
        <X>679764.54</X>
        <Y>577533.95</Y>
      </Punkt>
      <Rzedna>73.07</Rzedna>
    </Pikieta>
    <Pikieta rysuj="true" numer="131.13" kodTerenu="T02">
      <X>463</X>
      <Y>463</Y>
      <Punkt>
        <X>679766.54</X>
        <Y>577538.75</Y>
      </Punkt>
      <Rzedna>73.18</Rzedna>
    </Pikieta>
  </Pikiety>
  <Fotografie>
    <Fotografia rysuj="true" numer="131" rotacja="60">
      <X>440</X>
      <Y>508</Y>
    </Fotografia>
  </Fotografie>
  <Skarpy>
    <Skarpa rysuj="true" startPikieta="4" endPikieta="5" brzeg="true" />
    <Skarpa rysuj="true" startPikieta="11" endPikieta="12" brzeg="true" />
    <Skarpa rysuj="true" startPikieta="2" endPikieta="3" brzeg="false" />
  </Skarpy>
  <Drogi />
  <Zabudowy />
  <Teksty />
</SzkicPrzekroju>