<?xml version="1.0" encoding="utf-8"?>
<SzkicPrzekroju xmlns:xsi="http://www.w3.org/2001/XMLSchema-instance" xmlns:xsd="http://www.w3.org/2001/XMLSchema" nazwaCieku="Pasłęka" numerObiektu="132" numerPrzekroju="132" dataPomiaru="13.03.2012">
  <Koryto rysuj="true" startPikieta="5" endPikieta="11" />
  <Pikiety>
    <Pikieta rysuj="true" numer="132.01" kodTerenu="">
      <X>463</X>
      <Y>163</Y>
      <Punkt>
        <X>679694.33</X>
        <Y>577872.82</Y>
      </Punkt>
      <Rzedna>73.94</Rzedna>
    </Pikieta>
    <Pikieta rysuj="true" numer="132.02" kodTerenu="T02">
      <X>463</X>
      <Y>184</Y>
      <Punkt>
        <X>679700.44</X>
        <Y>577872.5</Y>
      </Punkt>
      <Rzedna>74.01</Rzedna>
    </Pikieta>
    <Pikieta rysuj="true" numer="132.03" kodTerenu="T02">
      <X>463</X>
      <Y>205</Y>
      <Punkt>
        <X>679704.37</X>
        <Y>577872.24</Y>
      </Punkt>
      <Rzedna>73.5</Rzedna>
    </Pikieta>
    <Pikieta rysuj="true" numer="132.04" kodTerenu="T02">
      <X>463</X>
      <Y>226</Y>
      <Punkt>
        <X>679706.62</X>
        <Y>577871.97</Y>
      </Punkt>
      <Rzedna>73.42</Rzedna>
    </Pikieta>
    <Pikieta rysuj="true" numer="132.05" kodTerenu="T02">
      <X>463</X>
      <Y>247</Y>
      <Punkt>
        <X>679707.21</X>
        <Y>577871.9</Y>
      </Punkt>
      <Rzedna>73.02</Rzedna>
    </Pikieta>
    <Pikieta rysuj="true" numer="132.06" kodTerenu="K01">
      <X>463</X>
      <Y>268</Y>
      <Punkt>
        <X>679708.04</X>
        <Y>577871.88</Y>
      </Punkt>
      <Rzedna>71.85</Rzedna>
    </Pikieta>
    <Pikieta rysuj="true" numer="132.07" kodTerenu="K01">
      <X>463</X>
      <Y>289</Y>
      <Punkt>
        <X>679709.45</X>
        <Y>577871.82</Y>
      </Punkt>
      <Rzedna>71.5</Rzedna>
    </Pikieta>
    <Pikieta rysuj="true" numer="132.08" kodTerenu="K02">
      <X>463</X>
      <Y>310</Y>
      <Punkt>
        <X>679711.75</X>
        <Y>577871.26</Y>
      </Punkt>
      <Rzedna>71.12</Rzedna>
    </Pikieta>
    <Pikieta rysuj="true" numer="132.09" kodTerenu="K02">
      <X>463</X>
      <Y>331</Y>
      <Punkt>
        <X>679714.26</X>
        <Y>577872.12</Y>
      </Punkt>
      <Rzedna>71.19</Rzedna>
    </Pikieta>
    <Pikieta rysuj="true" numer="132.10" kodTerenu="K01">
      <X>463</X>
      <Y>352</Y>
      <Punkt>
        <X>679715.56</X>
        <Y>577872.04</Y>
      </Punkt>
      <Rzedna>71.7</Rzedna>
    </Pikieta>
    <Pikieta rysuj="true" numer="132.11" kodTerenu="K01">
      <X>463</X>
      <Y>373</Y>
      <Punkt>
        <X>679716.35</X>
        <Y>577871.95</Y>
      </Punkt>
      <Rzedna>73.02</Rzedna>
    </Pikieta>
    <Pikieta rysuj="true" numer="132.12" kodTerenu="T02">
      <X>463</X>
      <Y>394</Y>
      <Punkt>
        <X>679717.44</X>
        <Y>577871.92</Y>
      </Punkt>
      <Rzedna>73.28</Rzedna>
    </Pikieta>
    <Pikieta rysuj="true" numer="132.13" kodTerenu="T02">
      <X>463</X>
      <Y>415</Y>
      <Punkt>
        <X>679725.7</X>
        <Y>577871.17</Y>
      </Punkt>
      <Rzedna>73.97</Rzedna>
    </Pikieta>
    <Pikieta rysuj="true" numer="132.14" kodTerenu="T02">
      <X>463</X>
      <Y>436</Y>
      <Punkt>
        <X>679735.11</X>
        <Y>577870.95</Y>
      </Punkt>
      <Rzedna>77.89</Rzedna>
    </Pikieta>
    <Pikieta rysuj="true" numer="132.15" kodTerenu="T02">
      <X>463</X>
      <Y>457</Y>
      <Punkt>
        <X>679739.48</X>
        <Y>577870.93</Y>
      </Punkt>
      <Rzedna>78.41</Rzedna>
    </Pikieta>
  </Pikiety>
  <Fotografie>
    <Fotografia rysuj="true" numer="132" rotacja="60">
      <X>430</X>
      <Y>498</Y>
    </Fotografia>
  </Fotografie>
  <Skarpy>
    <Skarpa rysuj="true" startPikieta="4" endPikieta="5" brzeg="true" />
    <Skarpa rysuj="true" startPikieta="11" endPikieta="12" brzeg="true" />
    <Skarpa rysuj="true" startPikieta="2" endPikieta="3" brzeg="false" />
    <Skarpa rysuj="true" startPikieta="13" endPikieta="14" brzeg="false" />
  </Skarpy>
  <Drogi />
  <Zabudowy />
  <Teksty />
</SzkicPrzekroju>