<?xml version="1.0" encoding="utf-8"?>
<SzkicPrzekroju xmlns:xsi="http://www.w3.org/2001/XMLSchema-instance" xmlns:xsd="http://www.w3.org/2001/XMLSchema" nazwaCieku="Pasłęka" numerObiektu="133" numerPrzekroju="133" dataPomiaru="13.03.2012">
  <Koryto rysuj="true" startPikieta="4" endPikieta="10" />
  <Pikiety>
    <Pikieta rysuj="true" numer="133.01" kodTerenu="">
      <X>463</X>
      <Y>163</Y>
      <Punkt>
        <X>679088.75</X>
        <Y>577941.53</Y>
      </Punkt>
      <Rzedna>74.09</Rzedna>
    </Pikieta>
    <Pikieta rysuj="true" numer="133.02" kodTerenu="T01">
      <X>463</X>
      <Y>186</Y>
      <Punkt>
        <X>679088.15</X>
        <Y>577944.75</Y>
      </Punkt>
      <Rzedna>73.69</Rzedna>
    </Pikieta>
    <Pikieta rysuj="true" numer="133.03" kodTerenu="T01">
      <X>463</X>
      <Y>209</Y>
      <Punkt>
        <X>679087.56</X>
        <Y>577946.93</Y>
      </Punkt>
      <Rzedna>73.35</Rzedna>
    </Pikieta>
    <Pikieta rysuj="true" numer="133.04" kodTerenu="T01">
      <X>463</X>
      <Y>232</Y>
      <Punkt>
        <X>679087.42</X>
        <Y>577947.19</Y>
      </Punkt>
      <Rzedna>73.26</Rzedna>
    </Pikieta>
    <Pikieta rysuj="true" numer="133.05" kodTerenu="K01">
      <X>463</X>
      <Y>255</Y>
      <Punkt>
        <X>679087.27</X>
        <Y>577947.71</Y>
      </Punkt>
      <Rzedna>72.05</Rzedna>
    </Pikieta>
    <Pikieta rysuj="true" numer="133.06" kodTerenu="K02">
      <X>463</X>
      <Y>278</Y>
      <Punkt>
        <X>679086.11</X>
        <Y>577949.92</Y>
      </Punkt>
      <Rzedna>71.68</Rzedna>
    </Pikieta>
    <Pikieta rysuj="true" numer="133.07" kodTerenu="K02">
      <X>463</X>
      <Y>301</Y>
      <Punkt>
        <X>679086.19</X>
        <Y>577952.62</Y>
      </Punkt>
      <Rzedna>71.57</Rzedna>
    </Pikieta>
    <Pikieta rysuj="true" numer="133.08" kodTerenu="K02">
      <X>463</X>
      <Y>324</Y>
      <Punkt>
        <X>679083.51</X>
        <Y>577955.2</Y>
      </Punkt>
      <Rzedna>71.85</Rzedna>
    </Pikieta>
    <Pikieta rysuj="true" numer="133.09" kodTerenu="K01">
      <X>463</X>
      <Y>347</Y>
      <Punkt>
        <X>679083.69</X>
        <Y>577956.29</Y>
      </Punkt>
      <Rzedna>72.33</Rzedna>
    </Pikieta>
    <Pikieta rysuj="true" numer="133.10" kodTerenu="K01">
      <X>463</X>
      <Y>370</Y>
      <Punkt>
        <X>679083.45</X>
        <Y>577957.03</Y>
      </Punkt>
      <Rzedna>73.26</Rzedna>
    </Pikieta>
    <Pikieta rysuj="true" numer="133.11" kodTerenu="T01">
      <X>463</X>
      <Y>393</Y>
      <Punkt>
        <X>679083.26</X>
        <Y>577957.83</Y>
      </Punkt>
      <Rzedna>73.43</Rzedna>
    </Pikieta>
    <Pikieta rysuj="true" numer="133.12" kodTerenu="T01">
      <X>463</X>
      <Y>416</Y>
      <Punkt>
        <X>679083.06</X>
        <Y>577958.96</Y>
      </Punkt>
      <Rzedna>73.63</Rzedna>
    </Pikieta>
    <Pikieta rysuj="true" numer="133.13" kodTerenu="T02">
      <X>463</X>
      <Y>439</Y>
      <Punkt>
        <X>679083.1</X>
        <Y>577961.3</Y>
      </Punkt>
      <Rzedna>74.04</Rzedna>
    </Pikieta>
    <Pikieta rysuj="true" numer="133.14" kodTerenu="T03">
      <X>463</X>
      <Y>462</Y>
      <Punkt>
        <X>679082.85</X>
        <Y>577966.64</Y>
      </Punkt>
      <Rzedna>74.43</Rzedna>
    </Pikieta>
  </Pikiety>
  <Fotografie>
    <Fotografia rysuj="true" numer="133" rotacja="50">
      <X>395</X>
      <Y>507</Y>
    </Fotografia>
  </Fotografie>
  <Skarpy>
    <Skarpa rysuj="true" startPikieta="3" endPikieta="4" brzeg="true" />
    <Skarpa rysuj="true" startPikieta="10" endPikieta="11" brzeg="true" />
    <Skarpa rysuj="true" startPikieta="12" endPikieta="13" brzeg="false" />
  </Skarpy>
  <Drogi />
  <Zabudowy />
  <Teksty />
</SzkicPrzekroju>