<?xml version="1.0" encoding="utf-8"?>
<SzkicPrzekroju xmlns:xsi="http://www.w3.org/2001/XMLSchema-instance" xmlns:xsd="http://www.w3.org/2001/XMLSchema" nazwaCieku="Pasłęka" numerObiektu="134" numerPrzekroju="134" dataPomiaru="13.03.2012">
  <Koryto rysuj="true" startPikieta="5" endPikieta="11" />
  <Pikiety>
    <Pikieta rysuj="true" numer="134.01" kodTerenu="">
      <X>463</X>
      <Y>163</Y>
      <Punkt>
        <X>678709.69</X>
        <Y>578287.38</Y>
      </Punkt>
      <Rzedna>74.24</Rzedna>
    </Pikieta>
    <Pikieta rysuj="true" numer="134.02" kodTerenu="T01">
      <X>463</X>
      <Y>188</Y>
      <Punkt>
        <X>678714.04</X>
        <Y>578290.21</Y>
      </Punkt>
      <Rzedna>74.17</Rzedna>
    </Pikieta>
    <Pikieta rysuj="true" numer="134.03" kodTerenu="T01">
      <X>463</X>
      <Y>213</Y>
      <Punkt>
        <X>678715.78</X>
        <Y>578291.22</Y>
      </Punkt>
      <Rzedna>73.41</Rzedna>
    </Pikieta>
    <Pikieta rysuj="true" numer="134.04" kodTerenu="T01">
      <X>463</X>
      <Y>238</Y>
      <Punkt>
        <X>678721.18</X>
        <Y>578294.67</Y>
      </Punkt>
      <Rzedna>73.57</Rzedna>
    </Pikieta>
    <Pikieta rysuj="true" numer="134.05" kodTerenu="T01">
      <X>463</X>
      <Y>263</Y>
      <Punkt>
        <X>678721.52</X>
        <Y>578294.76</Y>
      </Punkt>
      <Rzedna>73.44</Rzedna>
    </Pikieta>
    <Pikieta rysuj="true" numer="134.06" kodTerenu="K01">
      <X>463</X>
      <Y>288</Y>
      <Punkt>
        <X>678722.42</X>
        <Y>578295.21</Y>
      </Punkt>
      <Rzedna>72.5</Rzedna>
    </Pikieta>
    <Pikieta rysuj="true" numer="134.07" kodTerenu="K01">
      <X>463</X>
      <Y>313</Y>
      <Punkt>
        <X>678724.08</X>
        <Y>578298.21</Y>
      </Punkt>
      <Rzedna>72.25</Rzedna>
    </Pikieta>
    <Pikieta rysuj="true" numer="134.08" kodTerenu="K02">
      <X>463</X>
      <Y>338</Y>
      <Punkt>
        <X>678726.18</X>
        <Y>578299.32</Y>
      </Punkt>
      <Rzedna>72.07</Rzedna>
    </Pikieta>
    <Pikieta rysuj="true" numer="134.09" kodTerenu="K02">
      <X>463</X>
      <Y>363</Y>
      <Punkt>
        <X>678729.33</X>
        <Y>578300.24</Y>
      </Punkt>
      <Rzedna>71.93</Rzedna>
    </Pikieta>
    <Pikieta rysuj="true" numer="134.10" kodTerenu="K02">
      <X>463</X>
      <Y>388</Y>
      <Punkt>
        <X>678730.52</X>
        <Y>578301.29</Y>
      </Punkt>
      <Rzedna>72.41</Rzedna>
    </Pikieta>
    <Pikieta rysuj="true" numer="134.11" kodTerenu="K01">
      <X>463</X>
      <Y>413</Y>
      <Punkt>
        <X>678731.05</X>
        <Y>578301.72</Y>
      </Punkt>
      <Rzedna>73.44</Rzedna>
    </Pikieta>
    <Pikieta rysuj="true" numer="134.12" kodTerenu="T02">
      <X>463</X>
      <Y>438</Y>
      <Punkt>
        <X>678732.52</X>
        <Y>578302.59</Y>
      </Punkt>
      <Rzedna>74.13</Rzedna>
    </Pikieta>
    <Pikieta rysuj="true" numer="134.13" kodTerenu="T02">
      <X>463</X>
      <Y>463</Y>
      <Punkt>
        <X>678737.16</X>
        <Y>578304.79</Y>
      </Punkt>
      <Rzedna>74.06</Rzedna>
    </Pikieta>
  </Pikiety>
  <Fotografie>
    <Fotografia rysuj="true" numer="134" rotacja="90">
      <X>463</X>
      <Y>493</Y>
    </Fotografia>
  </Fotografie>
  <Skarpy>
    <Skarpa rysuj="true" startPikieta="4" endPikieta="5" brzeg="true" />
    <Skarpa rysuj="true" startPikieta="11" endPikieta="12" brzeg="true" />
    <Skarpa rysuj="true" startPikieta="2" endPikieta="3" brzeg="false" />
  </Skarpy>
  <Drogi />
  <Zabudowy />
  <Teksty />
</SzkicPrzekroju>