<?xml version="1.0" encoding="utf-8"?>
<SzkicPrzekroju xmlns:xsi="http://www.w3.org/2001/XMLSchema-instance" xmlns:xsd="http://www.w3.org/2001/XMLSchema" nazwaCieku="Pasłęka" numerObiektu="135" numerPrzekroju="135" dataPomiaru="13.03.2012">
  <Koryto rysuj="true" startPikieta="4" endPikieta="10" />
  <Pikiety>
    <Pikieta rysuj="true" numer="135.01" kodTerenu="">
      <X>463</X>
      <Y>163</Y>
      <Punkt>
        <X>678311.7</X>
        <Y>578483.47</Y>
      </Punkt>
      <Rzedna>74.22</Rzedna>
    </Pikieta>
    <Pikieta rysuj="true" numer="135.02" kodTerenu="T01">
      <X>463</X>
      <Y>186</Y>
      <Punkt>
        <X>678315.85</X>
        <Y>578486.38</Y>
      </Punkt>
      <Rzedna>73.97</Rzedna>
    </Pikieta>
    <Pikieta rysuj="true" numer="135.03" kodTerenu="T01">
      <X>463</X>
      <Y>209</Y>
      <Punkt>
        <X>678318.17</X>
        <Y>578487.96</Y>
      </Punkt>
      <Rzedna>73.68</Rzedna>
    </Pikieta>
    <Pikieta rysuj="true" numer="135.04" kodTerenu="T01">
      <X>463</X>
      <Y>232</Y>
      <Punkt>
        <X>678318.65</X>
        <Y>578488.06</Y>
      </Punkt>
      <Rzedna>73.4</Rzedna>
    </Pikieta>
    <Pikieta rysuj="true" numer="135.05" kodTerenu="K01">
      <X>463</X>
      <Y>255</Y>
      <Punkt>
        <X>678319.24</X>
        <Y>578488.65</Y>
      </Punkt>
      <Rzedna>72.64</Rzedna>
    </Pikieta>
    <Pikieta rysuj="true" numer="135.06" kodTerenu="K01">
      <X>463</X>
      <Y>278</Y>
      <Punkt>
        <X>678320.58</X>
        <Y>578490.16</Y>
      </Punkt>
      <Rzedna>71.89</Rzedna>
    </Pikieta>
    <Pikieta rysuj="true" numer="135.07" kodTerenu="K01">
      <X>463</X>
      <Y>301</Y>
      <Punkt>
        <X>678321.91</X>
        <Y>578491.83</Y>
      </Punkt>
      <Rzedna>71.61</Rzedna>
    </Pikieta>
    <Pikieta rysuj="true" numer="135.08" kodTerenu="K01">
      <X>463</X>
      <Y>324</Y>
      <Punkt>
        <X>678323.82</X>
        <Y>578492.76</Y>
      </Punkt>
      <Rzedna>72.03</Rzedna>
    </Pikieta>
    <Pikieta rysuj="true" numer="135.09" kodTerenu="K01">
      <X>463</X>
      <Y>347</Y>
      <Punkt>
        <X>678324.48</X>
        <Y>578493.68</Y>
      </Punkt>
      <Rzedna>72.39</Rzedna>
    </Pikieta>
    <Pikieta rysuj="true" numer="135.10" kodTerenu="K01">
      <X>463</X>
      <Y>370</Y>
      <Punkt>
        <X>678324.85</X>
        <Y>578493.94</Y>
      </Punkt>
      <Rzedna>73.54</Rzedna>
    </Pikieta>
    <Pikieta rysuj="true" numer="135.11" kodTerenu="T02">
      <X>463</X>
      <Y>393</Y>
      <Punkt>
        <X>678325.93</X>
        <Y>578494.55</Y>
      </Punkt>
      <Rzedna>73.97</Rzedna>
    </Pikieta>
    <Pikieta rysuj="true" numer="135.12" kodTerenu="T02">
      <X>463</X>
      <Y>416</Y>
      <Punkt>
        <X>678329.4</X>
        <Y>578496.46</Y>
      </Punkt>
      <Rzedna>74.06</Rzedna>
    </Pikieta>
    <Pikieta rysuj="true" numer="135.13" kodTerenu="T02">
      <X>463</X>
      <Y>439</Y>
      <Punkt>
        <X>678331.45</X>
        <Y>578497.48</Y>
      </Punkt>
      <Rzedna>74.54</Rzedna>
    </Pikieta>
    <Pikieta rysuj="true" numer="135.14" kodTerenu="T02">
      <X>463</X>
      <Y>462</Y>
      <Punkt>
        <X>678335.44</X>
        <Y>578500.25</Y>
      </Punkt>
      <Rzedna>74.47</Rzedna>
    </Pikieta>
  </Pikiety>
  <Fotografie>
    <Fotografia rysuj="true" numer="135" rotacja="270">
      <X>494</X>
      <Y>99</Y>
    </Fotografia>
  </Fotografie>
  <Skarpy>
    <Skarpa rysuj="true" startPikieta="3" endPikieta="4" brzeg="true" />
    <Skarpa rysuj="true" startPikieta="10" endPikieta="11" brzeg="true" />
    <Skarpa rysuj="true" startPikieta="12" endPikieta="13" brzeg="false" />
  </Skarpy>
  <Drogi />
  <Zabudowy />
  <Teksty />
</SzkicPrzekroju>