<?xml version="1.0" encoding="utf-8"?>
<SzkicPrzekroju xmlns:xsi="http://www.w3.org/2001/XMLSchema-instance" xmlns:xsd="http://www.w3.org/2001/XMLSchema" nazwaCieku="Pasłęka" numerObiektu="136" numerPrzekroju="136" dataPomiaru="13.03.2012">
  <Koryto rysuj="true" startPikieta="3" endPikieta="9" />
  <Pikiety>
    <Pikieta rysuj="true" numer="136.01" kodTerenu="">
      <X>463</X>
      <Y>163</Y>
      <Punkt>
        <X>678209.64</X>
        <Y>578668.69</Y>
      </Punkt>
      <Rzedna>74.03</Rzedna>
    </Pikieta>
    <Pikieta rysuj="true" numer="136.02" kodTerenu="T01">
      <X>463</X>
      <Y>193</Y>
      <Punkt>
        <X>678214.46</X>
        <Y>578674.27</Y>
      </Punkt>
      <Rzedna>73.76</Rzedna>
    </Pikieta>
    <Pikieta rysuj="true" numer="136.03" kodTerenu="T01">
      <X>463</X>
      <Y>223</Y>
      <Punkt>
        <X>678214.74</X>
        <Y>578674.62</Y>
      </Punkt>
      <Rzedna>73.68</Rzedna>
    </Pikieta>
    <Pikieta rysuj="true" numer="136.04" kodTerenu="K01">
      <X>463</X>
      <Y>253</Y>
      <Punkt>
        <X>678215.07</X>
        <Y>578674.92</Y>
      </Punkt>
      <Rzedna>72.58</Rzedna>
    </Pikieta>
    <Pikieta rysuj="true" numer="136.05" kodTerenu="K01">
      <X>463</X>
      <Y>283</Y>
      <Punkt>
        <X>678216.43</X>
        <Y>578676.39</Y>
      </Punkt>
      <Rzedna>72.08</Rzedna>
    </Pikieta>
    <Pikieta rysuj="true" numer="136.06" kodTerenu="K01">
      <X>463</X>
      <Y>313</Y>
      <Punkt>
        <X>678218.16</X>
        <Y>578678.63</Y>
      </Punkt>
      <Rzedna>71.53</Rzedna>
    </Pikieta>
    <Pikieta rysuj="true" numer="136.07" kodTerenu="K01">
      <X>463</X>
      <Y>343</Y>
      <Punkt>
        <X>678218.94</X>
        <Y>578680.78</Y>
      </Punkt>
      <Rzedna>71.69</Rzedna>
    </Pikieta>
    <Pikieta rysuj="true" numer="136.08" kodTerenu="K01">
      <X>463</X>
      <Y>373</Y>
      <Punkt>
        <X>678219.73</X>
        <Y>578682.56</Y>
      </Punkt>
      <Rzedna>73.01</Rzedna>
    </Pikieta>
    <Pikieta rysuj="true" numer="136.09" kodTerenu="K01">
      <X>463</X>
      <Y>403</Y>
      <Punkt>
        <X>678219.94</X>
        <Y>578682.76</Y>
      </Punkt>
      <Rzedna>73.68</Rzedna>
    </Pikieta>
    <Pikieta rysuj="true" numer="136.10" kodTerenu="T01">
      <X>463</X>
      <Y>433</Y>
      <Punkt>
        <X>678221.02</X>
        <Y>578684.05</Y>
      </Punkt>
      <Rzedna>74.21</Rzedna>
    </Pikieta>
    <Pikieta rysuj="true" numer="136.11" kodTerenu="T01">
      <X>463</X>
      <Y>463</Y>
      <Punkt>
        <X>678224.77</X>
        <Y>578688.44</Y>
      </Punkt>
      <Rzedna>74.16</Rzedna>
    </Pikieta>
  </Pikiety>
  <Fotografie>
    <Fotografia rysuj="true" numer="136" rotacja="270">
      <X>485</X>
      <Y>103</Y>
    </Fotografia>
  </Fotografie>
  <Skarpy>
    <Skarpa rysuj="true" startPikieta="2" endPikieta="3" brzeg="true" />
    <Skarpa rysuj="true" startPikieta="9" endPikieta="10" brzeg="true" />
  </Skarpy>
  <Drogi />
  <Zabudowy />
  <Teksty />
</SzkicPrzekroju>