<?xml version="1.0" encoding="utf-8"?>
<SzkicPrzekroju xmlns:xsi="http://www.w3.org/2001/XMLSchema-instance" xmlns:xsd="http://www.w3.org/2001/XMLSchema" nazwaCieku="Pasłęka" numerObiektu="137" numerPrzekroju="137" dataPomiaru="12.03.2012">
  <Koryto rysuj="true" startPikieta="3" endPikieta="9" />
  <Pikiety>
    <Pikieta rysuj="true" numer="137.01" kodTerenu="">
      <X>463</X>
      <Y>163</Y>
      <Punkt>
        <X>677883.24</X>
        <Y>579067.37</Y>
      </Punkt>
      <Rzedna>74.24</Rzedna>
    </Pikieta>
    <Pikieta rysuj="true" numer="137.02" kodTerenu="T02">
      <X>463</X>
      <Y>193</Y>
      <Punkt>
        <X>677888.84</X>
        <Y>579070.16</Y>
      </Punkt>
      <Rzedna>74.07</Rzedna>
    </Pikieta>
    <Pikieta rysuj="true" numer="137.03" kodTerenu="T02">
      <X>463</X>
      <Y>223</Y>
      <Punkt>
        <X>677889.14</X>
        <Y>579070.35</Y>
      </Punkt>
      <Rzedna>73.92</Rzedna>
    </Pikieta>
    <Pikieta rysuj="true" numer="137.04" kodTerenu="K01">
      <X>463</X>
      <Y>253</Y>
      <Punkt>
        <X>677889.52</X>
        <Y>579070.43</Y>
      </Punkt>
      <Rzedna>72.75</Rzedna>
    </Pikieta>
    <Pikieta rysuj="true" numer="137.05" kodTerenu="K01">
      <X>463</X>
      <Y>283</Y>
      <Punkt>
        <X>677891.76</X>
        <Y>579070.91</Y>
      </Punkt>
      <Rzedna>71.95</Rzedna>
    </Pikieta>
    <Pikieta rysuj="true" numer="137.06" kodTerenu="K01">
      <X>463</X>
      <Y>313</Y>
      <Punkt>
        <X>677893.34</X>
        <Y>579072.36</Y>
      </Punkt>
      <Rzedna>72.15</Rzedna>
    </Pikieta>
    <Pikieta rysuj="true" numer="137.07" kodTerenu="K01">
      <X>463</X>
      <Y>343</Y>
      <Punkt>
        <X>677895.23</X>
        <Y>579073.33</Y>
      </Punkt>
      <Rzedna>72.43</Rzedna>
    </Pikieta>
    <Pikieta rysuj="true" numer="137.08" kodTerenu="K01">
      <X>463</X>
      <Y>373</Y>
      <Punkt>
        <X>677896.63</X>
        <Y>579074.31</Y>
      </Punkt>
      <Rzedna>72.75</Rzedna>
    </Pikieta>
    <Pikieta rysuj="true" numer="137.09" kodTerenu="K01">
      <X>463</X>
      <Y>403</Y>
      <Punkt>
        <X>677897.18</X>
        <Y>579075.18</Y>
      </Punkt>
      <Rzedna>73.92</Rzedna>
    </Pikieta>
    <Pikieta rysuj="true" numer="137.10" kodTerenu="T02">
      <X>463</X>
      <Y>433</Y>
      <Punkt>
        <X>677897.56</X>
        <Y>579075.45</Y>
      </Punkt>
      <Rzedna>74.27</Rzedna>
    </Pikieta>
    <Pikieta rysuj="true" numer="137.11" kodTerenu="T02">
      <X>463</X>
      <Y>463</Y>
      <Punkt>
        <X>677902.43</X>
        <Y>579078.05</Y>
      </Punkt>
      <Rzedna>74.56</Rzedna>
    </Pikieta>
  </Pikiety>
  <Fotografie>
    <Fotografia rysuj="true" numer="137" rotacja="260">
      <X>489</X>
      <Y>102</Y>
    </Fotografia>
  </Fotografie>
  <Skarpy>
    <Skarpa rysuj="true" startPikieta="2" endPikieta="3" brzeg="true" />
    <Skarpa rysuj="true" startPikieta="9" endPikieta="10" brzeg="true" />
  </Skarpy>
  <Drogi />
  <Zabudowy />
  <Teksty />
</SzkicPrzekroju>