<?xml version="1.0" encoding="utf-8"?>
<SzkicPrzekroju xmlns:xsi="http://www.w3.org/2001/XMLSchema-instance" xmlns:xsd="http://www.w3.org/2001/XMLSchema" nazwaCieku="Pasłęka" numerObiektu="138" numerPrzekroju="138" dataPomiaru="12.03.2012">
  <Koryto rysuj="true" startPikieta="4" endPikieta="10" />
  <Pikiety>
    <Pikieta rysuj="true" numer="138.01" kodTerenu="">
      <X>463</X>
      <Y>163</Y>
      <Punkt>
        <X>677188.13</X>
        <Y>579321.5</Y>
      </Punkt>
      <Rzedna>74.94</Rzedna>
    </Pikieta>
    <Pikieta rysuj="true" numer="138.02" kodTerenu="T02">
      <X>463</X>
      <Y>186</Y>
      <Punkt>
        <X>677189.73</X>
        <Y>579325.89</Y>
      </Punkt>
      <Rzedna>74.61</Rzedna>
    </Pikieta>
    <Pikieta rysuj="true" numer="138.03" kodTerenu="T02">
      <X>463</X>
      <Y>209</Y>
      <Punkt>
        <X>677190.67</X>
        <Y>579331.01</Y>
      </Punkt>
      <Rzedna>74.38</Rzedna>
    </Pikieta>
    <Pikieta rysuj="true" numer="138.04" kodTerenu="T02">
      <X>463</X>
      <Y>232</Y>
      <Punkt>
        <X>677190.71</X>
        <Y>579331.72</Y>
      </Punkt>
      <Rzedna>74.27</Rzedna>
    </Pikieta>
    <Pikieta rysuj="true" numer="138.05" kodTerenu="K01">
      <X>463</X>
      <Y>255</Y>
      <Punkt>
        <X>677191.3</X>
        <Y>579332.15</Y>
      </Punkt>
      <Rzedna>73.14</Rzedna>
    </Pikieta>
    <Pikieta rysuj="true" numer="138.06" kodTerenu="K01">
      <X>463</X>
      <Y>278</Y>
      <Punkt>
        <X>677191.1</X>
        <Y>579333.6</Y>
      </Punkt>
      <Rzedna>73.13</Rzedna>
    </Pikieta>
    <Pikieta rysuj="true" numer="138.07" kodTerenu="K01">
      <X>463</X>
      <Y>301</Y>
      <Punkt>
        <X>677192.38</X>
        <Y>579336.52</Y>
      </Punkt>
      <Rzedna>72.74</Rzedna>
    </Pikieta>
    <Pikieta rysuj="true" numer="138.08" kodTerenu="K01">
      <X>463</X>
      <Y>324</Y>
      <Punkt>
        <X>677193.58</X>
        <Y>579339.26</Y>
      </Punkt>
      <Rzedna>72.49</Rzedna>
    </Pikieta>
    <Pikieta rysuj="true" numer="138.09" kodTerenu="K01">
      <X>463</X>
      <Y>347</Y>
      <Punkt>
        <X>677193.44</X>
        <Y>579341.83</Y>
      </Punkt>
      <Rzedna>73.13</Rzedna>
    </Pikieta>
    <Pikieta rysuj="true" numer="138.10" kodTerenu="K01">
      <X>463</X>
      <Y>370</Y>
      <Punkt>
        <X>677193.58</X>
        <Y>579341.98</Y>
      </Punkt>
      <Rzedna>74.27</Rzedna>
    </Pikieta>
    <Pikieta rysuj="true" numer="138.11" kodTerenu="T04">
      <X>463</X>
      <Y>393</Y>
      <Punkt>
        <X>677193.77</X>
        <Y>579342.46</Y>
      </Punkt>
      <Rzedna>74.82</Rzedna>
    </Pikieta>
    <Pikieta rysuj="true" numer="138.12" kodTerenu="T01">
      <X>463</X>
      <Y>416</Y>
      <Punkt>
        <X>677194.31</X>
        <Y>579343.61</Y>
      </Punkt>
      <Rzedna>74.96</Rzedna>
    </Pikieta>
    <Pikieta rysuj="true" numer="138.13" kodTerenu="T01">
      <X>463</X>
      <Y>439</Y>
      <Punkt>
        <X>677195.18</X>
        <Y>579345.86</Y>
      </Punkt>
      <Rzedna>75.9</Rzedna>
    </Pikieta>
    <Pikieta rysuj="true" numer="138.14" kodTerenu="T03">
      <X>463</X>
      <Y>462</Y>
      <Punkt>
        <X>677197.28</X>
        <Y>579350.48</Y>
      </Punkt>
      <Rzedna>76.3</Rzedna>
    </Pikieta>
  </Pikiety>
  <Fotografie>
    <Fotografia rysuj="true" numer="138" rotacja="260">
      <X>496</X>
      <Y>97</Y>
    </Fotografia>
  </Fotografie>
  <Skarpy>
    <Skarpa rysuj="true" startPikieta="3" endPikieta="4" brzeg="true" />
    <Skarpa rysuj="true" startPikieta="10" endPikieta="11" brzeg="true" />
    <Skarpa rysuj="true" startPikieta="12" endPikieta="13" brzeg="false" />
  </Skarpy>
  <Drogi />
  <Zabudowy />
  <Teksty />
</SzkicPrzekroju>