<?xml version="1.0" encoding="utf-8"?>
<SzkicPrzekroju xmlns:xsi="http://www.w3.org/2001/XMLSchema-instance" xmlns:xsd="http://www.w3.org/2001/XMLSchema" nazwaCieku="Pasłęka" numerObiektu="139" numerPrzekroju="139" dataPomiaru="12.03.2012">
  <Koryto rysuj="true" startPikieta="3" endPikieta="9" />
  <Pikiety>
    <Pikieta rysuj="true" numer="139.01" kodTerenu="">
      <X>463</X>
      <Y>163</Y>
      <Punkt>
        <X>676529.88</X>
        <Y>579218.24</Y>
      </Punkt>
      <Rzedna>75.42</Rzedna>
    </Pikieta>
    <Pikieta rysuj="true" numer="139.02" kodTerenu="T02">
      <X>463</X>
      <Y>193</Y>
      <Punkt>
        <X>676532.74</X>
        <Y>579222.97</Y>
      </Punkt>
      <Rzedna>74.94</Rzedna>
    </Pikieta>
    <Pikieta rysuj="true" numer="139.03" kodTerenu="T02">
      <X>463</X>
      <Y>223</Y>
      <Punkt>
        <X>676532.81</X>
        <Y>579223.71</Y>
      </Punkt>
      <Rzedna>74.52</Rzedna>
    </Pikieta>
    <Pikieta rysuj="true" numer="139.04" kodTerenu="K01">
      <X>463</X>
      <Y>253</Y>
      <Punkt>
        <X>676533.26</X>
        <Y>579224.23</Y>
      </Punkt>
      <Rzedna>73.29</Rzedna>
    </Pikieta>
    <Pikieta rysuj="true" numer="139.05" kodTerenu="K01">
      <X>463</X>
      <Y>283</Y>
      <Punkt>
        <X>676534.09</X>
        <Y>579225.76</Y>
      </Punkt>
      <Rzedna>72.28</Rzedna>
    </Pikieta>
    <Pikieta rysuj="true" numer="139.06" kodTerenu="K01">
      <X>463</X>
      <Y>313</Y>
      <Punkt>
        <X>676535.92</X>
        <Y>579227.97</Y>
      </Punkt>
      <Rzedna>73.21</Rzedna>
    </Pikieta>
    <Pikieta rysuj="true" numer="139.07" kodTerenu="K01">
      <X>463</X>
      <Y>343</Y>
      <Punkt>
        <X>676537.28</X>
        <Y>579230.03</Y>
      </Punkt>
      <Rzedna>73.22</Rzedna>
    </Pikieta>
    <Pikieta rysuj="true" numer="139.08" kodTerenu="K01">
      <X>463</X>
      <Y>373</Y>
      <Punkt>
        <X>676538.5</X>
        <Y>579232.11</Y>
      </Punkt>
      <Rzedna>73.49</Rzedna>
    </Pikieta>
    <Pikieta rysuj="true" numer="139.09" kodTerenu="K01">
      <X>463</X>
      <Y>403</Y>
      <Punkt>
        <X>676538.55</X>
        <Y>579232.98</Y>
      </Punkt>
      <Rzedna>74.52</Rzedna>
    </Pikieta>
    <Pikieta rysuj="true" numer="139.10" kodTerenu="T02">
      <X>463</X>
      <Y>433</Y>
      <Punkt>
        <X>676538.85</X>
        <Y>579233.61</Y>
      </Punkt>
      <Rzedna>74.72</Rzedna>
    </Pikieta>
    <Pikieta rysuj="true" numer="139.11" kodTerenu="T02">
      <X>463</X>
      <Y>463</Y>
      <Punkt>
        <X>676541.31</X>
        <Y>579239.86</Y>
      </Punkt>
      <Rzedna>75.83</Rzedna>
    </Pikieta>
  </Pikiety>
  <Fotografie>
    <Fotografia rysuj="true" numer="139" rotacja="290">
      <X>463</X>
      <Y>98</Y>
    </Fotografia>
  </Fotografie>
  <Skarpy>
    <Skarpa rysuj="true" startPikieta="2" endPikieta="3" brzeg="true" />
    <Skarpa rysuj="true" startPikieta="9" endPikieta="10" brzeg="true" />
  </Skarpy>
  <Drogi />
  <Zabudowy />
  <Teksty />
</SzkicPrzekroju>