<?xml version="1.0" encoding="utf-8"?>
<SzkicPrzekroju xmlns:xsi="http://www.w3.org/2001/XMLSchema-instance" xmlns:xsd="http://www.w3.org/2001/XMLSchema" nazwaCieku="Pasłęka" numerObiektu="140" numerPrzekroju="140" dataPomiaru="12.03.2012">
  <Koryto rysuj="true" startPikieta="3" endPikieta="9" />
  <Pikiety>
    <Pikieta rysuj="true" numer="140.01" kodTerenu="">
      <X>463</X>
      <Y>163</Y>
      <Punkt>
        <X>676035.42</X>
        <Y>578896.57</Y>
      </Punkt>
      <Rzedna>75.41</Rzedna>
    </Pikieta>
    <Pikieta rysuj="true" numer="140.02" kodTerenu="T02">
      <X>463</X>
      <Y>188</Y>
      <Punkt>
        <X>676032.01</X>
        <Y>578902.68</Y>
      </Punkt>
      <Rzedna>74.86</Rzedna>
    </Pikieta>
    <Pikieta rysuj="true" numer="140.03" kodTerenu="T02">
      <X>463</X>
      <Y>213</Y>
      <Punkt>
        <X>676031.89</X>
        <Y>578902.9</Y>
      </Punkt>
      <Rzedna>74.75</Rzedna>
    </Pikieta>
    <Pikieta rysuj="true" numer="140.04" kodTerenu="K01">
      <X>463</X>
      <Y>238</Y>
      <Punkt>
        <X>676031.65</X>
        <Y>578903.12</Y>
      </Punkt>
      <Rzedna>73.94</Rzedna>
    </Pikieta>
    <Pikieta rysuj="true" numer="140.05" kodTerenu="K01">
      <X>463</X>
      <Y>263</Y>
      <Punkt>
        <X>676030.91</X>
        <Y>578904.95</Y>
      </Punkt>
      <Rzedna>73.15</Rzedna>
    </Pikieta>
    <Pikieta rysuj="true" numer="140.06" kodTerenu="K01">
      <X>463</X>
      <Y>288</Y>
      <Punkt>
        <X>676029.53</X>
        <Y>578906.76</Y>
      </Punkt>
      <Rzedna>72.93</Rzedna>
    </Pikieta>
    <Pikieta rysuj="true" numer="140.07" kodTerenu="K01">
      <X>463</X>
      <Y>313</Y>
      <Punkt>
        <X>676026.12</X>
        <Y>578906.35</Y>
      </Punkt>
      <Rzedna>73.05</Rzedna>
    </Pikieta>
    <Pikieta rysuj="true" numer="140.08" kodTerenu="K01">
      <X>463</X>
      <Y>338</Y>
      <Punkt>
        <X>676025.32</X>
        <Y>578907.32</Y>
      </Punkt>
      <Rzedna>73.36</Rzedna>
    </Pikieta>
    <Pikieta rysuj="true" numer="140.09" kodTerenu="K01">
      <X>463</X>
      <Y>363</Y>
      <Punkt>
        <X>676025.02</X>
        <Y>578908.65</Y>
      </Punkt>
      <Rzedna>74.75</Rzedna>
    </Pikieta>
    <Pikieta rysuj="true" numer="140.10" kodTerenu="T04">
      <X>463</X>
      <Y>388</Y>
      <Punkt>
        <X>676024.76</X>
        <Y>578908.98</Y>
      </Punkt>
      <Rzedna>75.04</Rzedna>
    </Pikieta>
    <Pikieta rysuj="true" numer="140.11" kodTerenu="T02">
      <X>463</X>
      <Y>413</Y>
      <Punkt>
        <X>676023.18</X>
        <Y>578910.77</Y>
      </Punkt>
      <Rzedna>75.32</Rzedna>
    </Pikieta>
    <Pikieta rysuj="true" numer="140.12" kodTerenu="T02">
      <X>463</X>
      <Y>438</Y>
      <Punkt>
        <X>676021.43</X>
        <Y>578912.61</Y>
      </Punkt>
      <Rzedna>75.69</Rzedna>
    </Pikieta>
    <Pikieta rysuj="true" numer="140.13" kodTerenu="T02">
      <X>463</X>
      <Y>463</Y>
      <Punkt>
        <X>676017.54</X>
        <Y>578916.51</Y>
      </Punkt>
      <Rzedna>75.72</Rzedna>
    </Pikieta>
  </Pikiety>
  <Fotografie>
    <Fotografia rysuj="true" numer="140" rotacja="270">
      <X>485</X>
      <Y>101</Y>
    </Fotografia>
  </Fotografie>
  <Skarpy>
    <Skarpa rysuj="true" startPikieta="2" endPikieta="3" brzeg="true" />
    <Skarpa rysuj="true" startPikieta="9" endPikieta="10" brzeg="true" />
    <Skarpa rysuj="true" startPikieta="11" endPikieta="12" brzeg="false" />
  </Skarpy>
  <Drogi />
  <Zabudowy />
  <Teksty />
</SzkicPrzekroju>