<?xml version="1.0" encoding="utf-8"?>
<SzkicPrzekroju xmlns:xsi="http://www.w3.org/2001/XMLSchema-instance" xmlns:xsd="http://www.w3.org/2001/XMLSchema" nazwaCieku="Pasłęka" numerObiektu="141" numerPrzekroju="141" dataPomiaru="12.03.2012">
  <Koryto rysuj="true" startPikieta="3" endPikieta="9" />
  <Pikiety>
    <Pikieta rysuj="true" numer="141.01" kodTerenu="">
      <X>463</X>
      <Y>163</Y>
      <Punkt>
        <X>675734.35</X>
        <Y>578620.34</Y>
      </Punkt>
      <Rzedna>75.46</Rzedna>
    </Pikieta>
    <Pikieta rysuj="true" numer="141.02" kodTerenu="T02">
      <X>463</X>
      <Y>193</Y>
      <Punkt>
        <X>675731.7</X>
        <Y>578627</Y>
      </Punkt>
      <Rzedna>75.1</Rzedna>
    </Pikieta>
    <Pikieta rysuj="true" numer="141.03" kodTerenu="T02">
      <X>463</X>
      <Y>223</Y>
      <Punkt>
        <X>675731.58</X>
        <Y>578627.4</Y>
      </Punkt>
      <Rzedna>74.79</Rzedna>
    </Pikieta>
    <Pikieta rysuj="true" numer="141.04" kodTerenu="K01">
      <X>463</X>
      <Y>253</Y>
      <Punkt>
        <X>675731.48</X>
        <Y>578627.55</Y>
      </Punkt>
      <Rzedna>74.1</Rzedna>
    </Pikieta>
    <Pikieta rysuj="true" numer="141.05" kodTerenu="K01">
      <X>463</X>
      <Y>283</Y>
      <Punkt>
        <X>675730.61</X>
        <Y>578629.84</Y>
      </Punkt>
      <Rzedna>73.37</Rzedna>
    </Pikieta>
    <Pikieta rysuj="true" numer="141.06" kodTerenu="K01">
      <X>463</X>
      <Y>313</Y>
      <Punkt>
        <X>675730.21</X>
        <Y>578631.64</Y>
      </Punkt>
      <Rzedna>72.94</Rzedna>
    </Pikieta>
    <Pikieta rysuj="true" numer="141.07" kodTerenu="K01">
      <X>463</X>
      <Y>343</Y>
      <Punkt>
        <X>675729.62</X>
        <Y>578633.74</Y>
      </Punkt>
      <Rzedna>72.92</Rzedna>
    </Pikieta>
    <Pikieta rysuj="true" numer="141.08" kodTerenu="K01">
      <X>463</X>
      <Y>373</Y>
      <Punkt>
        <X>675727.83</X>
        <Y>578634.97</Y>
      </Punkt>
      <Rzedna>73.36</Rzedna>
    </Pikieta>
    <Pikieta rysuj="true" numer="141.09" kodTerenu="K01">
      <X>463</X>
      <Y>403</Y>
      <Punkt>
        <X>675727.94</X>
        <Y>578635.29</Y>
      </Punkt>
      <Rzedna>74.79</Rzedna>
    </Pikieta>
    <Pikieta rysuj="true" numer="141.10" kodTerenu="T04">
      <X>463</X>
      <Y>433</Y>
      <Punkt>
        <X>675727.76</X>
        <Y>578635.67</Y>
      </Punkt>
      <Rzedna>75.37</Rzedna>
    </Pikieta>
    <Pikieta rysuj="true" numer="141.11" kodTerenu="T02">
      <X>463</X>
      <Y>463</Y>
      <Punkt>
        <X>675725.36</X>
        <Y>578641.71</Y>
      </Punkt>
      <Rzedna>75.96</Rzedna>
    </Pikieta>
  </Pikiety>
  <Fotografie>
    <Fotografia rysuj="true" numer="141" rotacja="270">
      <X>485</X>
      <Y>88</Y>
    </Fotografia>
  </Fotografie>
  <Skarpy>
    <Skarpa rysuj="true" startPikieta="2" endPikieta="3" brzeg="true" />
    <Skarpa rysuj="true" startPikieta="9" endPikieta="10" brzeg="true" />
  </Skarpy>
  <Drogi />
  <Zabudowy />
  <Teksty />
</SzkicPrzekroju>