<?xml version="1.0" encoding="utf-8"?>
<SzkicPrzekroju xmlns:xsi="http://www.w3.org/2001/XMLSchema-instance" xmlns:xsd="http://www.w3.org/2001/XMLSchema" nazwaCieku="Pasłęka" numerObiektu="142" numerPrzekroju="142" dataPomiaru="9.03.2012">
  <Koryto rysuj="true" startPikieta="4" endPikieta="10" />
  <Pikiety>
    <Pikieta rysuj="true" numer="142.01" kodTerenu="">
      <X>463</X>
      <Y>163</Y>
      <Punkt>
        <X>675296.11</X>
        <Y>578402.68</Y>
      </Punkt>
      <Rzedna>75.85</Rzedna>
    </Pikieta>
    <Pikieta rysuj="true" numer="142.02" kodTerenu="T02">
      <X>463</X>
      <Y>188</Y>
      <Punkt>
        <X>675295.95</X>
        <Y>578407.02</Y>
      </Punkt>
      <Rzedna>75.64</Rzedna>
    </Pikieta>
    <Pikieta rysuj="true" numer="142.03" kodTerenu="T02">
      <X>463</X>
      <Y>213</Y>
      <Punkt>
        <X>675296.01</X>
        <Y>578410.67</Y>
      </Punkt>
      <Rzedna>75.2</Rzedna>
    </Pikieta>
    <Pikieta rysuj="true" numer="142.04" kodTerenu="T02">
      <X>463</X>
      <Y>238</Y>
      <Punkt>
        <X>675296.01</X>
        <Y>578411.09</Y>
      </Punkt>
      <Rzedna>75.04</Rzedna>
    </Pikieta>
    <Pikieta rysuj="true" numer="142.05" kodTerenu="K01">
      <X>463</X>
      <Y>263</Y>
      <Punkt>
        <X>675296.18</X>
        <Y>578411.5</Y>
      </Punkt>
      <Rzedna>74.15</Rzedna>
    </Pikieta>
    <Pikieta rysuj="true" numer="142.06" kodTerenu="K01">
      <X>463</X>
      <Y>288</Y>
      <Punkt>
        <X>675296.33</X>
        <Y>578414</Y>
      </Punkt>
      <Rzedna>73.88</Rzedna>
    </Pikieta>
    <Pikieta rysuj="true" numer="142.07" kodTerenu="K01">
      <X>463</X>
      <Y>313</Y>
      <Punkt>
        <X>675296.59</X>
        <Y>578417.13</Y>
      </Punkt>
      <Rzedna>73.77</Rzedna>
    </Pikieta>
    <Pikieta rysuj="true" numer="142.08" kodTerenu="K01">
      <X>463</X>
      <Y>338</Y>
      <Punkt>
        <X>675296.38</X>
        <Y>578420.33</Y>
      </Punkt>
      <Rzedna>73.8</Rzedna>
    </Pikieta>
    <Pikieta rysuj="true" numer="142.09" kodTerenu="K01">
      <X>463</X>
      <Y>363</Y>
      <Punkt>
        <X>675296.32</X>
        <Y>578422.29</Y>
      </Punkt>
      <Rzedna>74.11</Rzedna>
    </Pikieta>
    <Pikieta rysuj="true" numer="142.10" kodTerenu="K01">
      <X>463</X>
      <Y>388</Y>
      <Punkt>
        <X>675296.12</X>
        <Y>578422.92</Y>
      </Punkt>
      <Rzedna>75.04</Rzedna>
    </Pikieta>
    <Pikieta rysuj="true" numer="142.11" kodTerenu="T04">
      <X>463</X>
      <Y>413</Y>
      <Punkt>
        <X>675296.09</X>
        <Y>578423.31</Y>
      </Punkt>
      <Rzedna>75.49</Rzedna>
    </Pikieta>
    <Pikieta rysuj="true" numer="142.12" kodTerenu="T04">
      <X>463</X>
      <Y>438</Y>
      <Punkt>
        <X>675296.09</X>
        <Y>578426.42</Y>
      </Punkt>
      <Rzedna>75.92</Rzedna>
    </Pikieta>
    <Pikieta rysuj="true" numer="142.13" kodTerenu="T04">
      <X>463</X>
      <Y>463</Y>
      <Punkt>
        <X>675296.15</X>
        <Y>578431.1</Y>
      </Punkt>
      <Rzedna>76.19</Rzedna>
    </Pikieta>
  </Pikiety>
  <Fotografie>
    <Fotografia rysuj="true" numer="142" rotacja="270">
      <X>480</X>
      <Y>107</Y>
    </Fotografia>
  </Fotografie>
  <Skarpy>
    <Skarpa rysuj="true" startPikieta="3" endPikieta="4" brzeg="true" />
    <Skarpa rysuj="true" startPikieta="10" endPikieta="11" brzeg="true" />
  </Skarpy>
  <Drogi />
  <Zabudowy />
  <Teksty />
</SzkicPrzekroju>