<?xml version="1.0" encoding="utf-8"?>
<SzkicPrzekroju xmlns:xsi="http://www.w3.org/2001/XMLSchema-instance" xmlns:xsd="http://www.w3.org/2001/XMLSchema" nazwaCieku="Pasłęka" numerObiektu="143" numerPrzekroju="143" dataPomiaru="9.03.2012">
  <Koryto rysuj="true" startPikieta="3" endPikieta="10" />
  <Pikiety>
    <Pikieta rysuj="true" numer="143.01" kodTerenu="">
      <X>463</X>
      <Y>163</Y>
      <Punkt>
        <X>674466.39</X>
        <Y>578359.08</Y>
      </Punkt>
      <Rzedna>75.99</Rzedna>
    </Pikieta>
    <Pikieta rysuj="true" numer="143.02" kodTerenu="T01">
      <X>463</X>
      <Y>186</Y>
      <Punkt>
        <X>674464.33</X>
        <Y>578364.72</Y>
      </Punkt>
      <Rzedna>75.69</Rzedna>
    </Pikieta>
    <Pikieta rysuj="true" numer="143.03" kodTerenu="T01">
      <X>463</X>
      <Y>209</Y>
      <Punkt>
        <X>674463.52</X>
        <Y>578365.97</Y>
      </Punkt>
      <Rzedna>75.26</Rzedna>
    </Pikieta>
    <Pikieta rysuj="true" numer="143.04" kodTerenu="K01">
      <X>463</X>
      <Y>232</Y>
      <Punkt>
        <X>674463.37</X>
        <Y>578366.44</Y>
      </Punkt>
      <Rzedna>73.75</Rzedna>
    </Pikieta>
    <Pikieta rysuj="true" numer="143.05" kodTerenu="K01">
      <X>463</X>
      <Y>255</Y>
      <Punkt>
        <X>674462.44</X>
        <Y>578367.23</Y>
      </Punkt>
      <Rzedna>73.56</Rzedna>
    </Pikieta>
    <Pikieta rysuj="true" numer="143.06" kodTerenu="K02">
      <X>463</X>
      <Y>278</Y>
      <Punkt>
        <X>674462.51</X>
        <Y>578369.22</Y>
      </Punkt>
      <Rzedna>73.44</Rzedna>
    </Pikieta>
    <Pikieta rysuj="true" numer="143.07" kodTerenu="K02">
      <X>463</X>
      <Y>301</Y>
      <Punkt>
        <X>674461.05</X>
        <Y>578370.49</Y>
      </Punkt>
      <Rzedna>73.77</Rzedna>
    </Pikieta>
    <Pikieta rysuj="true" numer="143.08" kodTerenu="K01">
      <X>463</X>
      <Y>324</Y>
      <Punkt>
        <X>674460.13</X>
        <Y>578371.65</Y>
      </Punkt>
      <Rzedna>74</Rzedna>
    </Pikieta>
    <Pikieta rysuj="true" numer="143.09" kodTerenu="K01">
      <X>463</X>
      <Y>347</Y>
      <Punkt>
        <X>674459.73</X>
        <Y>578372.66</Y>
      </Punkt>
      <Rzedna>74.52</Rzedna>
    </Pikieta>
    <Pikieta rysuj="true" numer="143.10" kodTerenu="K01">
      <X>463</X>
      <Y>370</Y>
      <Punkt>
        <X>674459.64</X>
        <Y>578373.14</Y>
      </Punkt>
      <Rzedna>75.26</Rzedna>
    </Pikieta>
    <Pikieta rysuj="true" numer="143.11" kodTerenu="T02">
      <X>463</X>
      <Y>393</Y>
      <Punkt>
        <X>674459.46</X>
        <Y>578373.47</Y>
      </Punkt>
      <Rzedna>75.43</Rzedna>
    </Pikieta>
    <Pikieta rysuj="true" numer="143.12" kodTerenu="T02">
      <X>463</X>
      <Y>416</Y>
      <Punkt>
        <X>674458.93</X>
        <Y>578376.7</Y>
      </Punkt>
      <Rzedna>75.42</Rzedna>
    </Pikieta>
    <Pikieta rysuj="true" numer="143.13" kodTerenu="T02">
      <X>463</X>
      <Y>439</Y>
      <Punkt>
        <X>674457.65</X>
        <Y>578379.32</Y>
      </Punkt>
      <Rzedna>75.92</Rzedna>
    </Pikieta>
    <Pikieta rysuj="true" numer="143.14" kodTerenu="T02">
      <X>463</X>
      <Y>462</Y>
      <Punkt>
        <X>674456.46</X>
        <Y>578384.96</Y>
      </Punkt>
      <Rzedna>75.99</Rzedna>
    </Pikieta>
  </Pikiety>
  <Fotografie>
    <Fotografia rysuj="true" numer="143" rotacja="270">
      <X>480</X>
      <Y>101</Y>
    </Fotografia>
  </Fotografie>
  <Skarpy>
    <Skarpa rysuj="true" startPikieta="2" endPikieta="3" brzeg="true" />
    <Skarpa rysuj="true" startPikieta="10" endPikieta="11" brzeg="true" />
    <Skarpa rysuj="true" startPikieta="12" endPikieta="13" brzeg="false" />
  </Skarpy>
  <Drogi />
  <Zabudowy />
  <Teksty />
</SzkicPrzekroju>