<?xml version="1.0" encoding="utf-8"?>
<SzkicPrzekroju xmlns:xsi="http://www.w3.org/2001/XMLSchema-instance" xmlns:xsd="http://www.w3.org/2001/XMLSchema" nazwaCieku="Pasłęka" numerObiektu="144" numerPrzekroju="144" dataPomiaru="9.03.2012">
  <Koryto rysuj="true" startPikieta="5" endPikieta="12" />
  <Pikiety>
    <Pikieta rysuj="true" numer="144.01" kodTerenu="">
      <X>463</X>
      <Y>163</Y>
      <Punkt>
        <X>673660.91</X>
        <Y>578355.4</Y>
      </Punkt>
      <Rzedna>76.31</Rzedna>
    </Pikieta>
    <Pikieta rysuj="true" numer="144.02" kodTerenu="T07">
      <X>463</X>
      <Y>183</Y>
      <Punkt>
        <X>673665.1</X>
        <Y>578357.87</Y>
      </Punkt>
      <Rzedna>76.21</Rzedna>
    </Pikieta>
    <Pikieta rysuj="true" numer="144.03" kodTerenu="T07">
      <X>463</X>
      <Y>203</Y>
      <Punkt>
        <X>673666.11</X>
        <Y>578358.73</Y>
      </Punkt>
      <Rzedna>75.95</Rzedna>
    </Pikieta>
    <Pikieta rysuj="true" numer="144.04" kodTerenu="T07">
      <X>463</X>
      <Y>223</Y>
      <Punkt>
        <X>673667.22</X>
        <Y>578359.5</Y>
      </Punkt>
      <Rzedna>75.8</Rzedna>
    </Pikieta>
    <Pikieta rysuj="true" numer="144.05" kodTerenu="T02">
      <X>463</X>
      <Y>243</Y>
      <Punkt>
        <X>673667.66</X>
        <Y>578359.82</Y>
      </Punkt>
      <Rzedna>75.53</Rzedna>
    </Pikieta>
    <Pikieta rysuj="true" numer="144.06" kodTerenu="K01">
      <X>463</X>
      <Y>263</Y>
      <Punkt>
        <X>673667.88</X>
        <Y>578360.07</Y>
      </Punkt>
      <Rzedna>74.57</Rzedna>
    </Pikieta>
    <Pikieta rysuj="true" numer="144.07" kodTerenu="K01">
      <X>463</X>
      <Y>283</Y>
      <Punkt>
        <X>673668.85</X>
        <Y>578360.6</Y>
      </Punkt>
      <Rzedna>74.29</Rzedna>
    </Pikieta>
    <Pikieta rysuj="true" numer="144.08" kodTerenu="K01">
      <X>463</X>
      <Y>303</Y>
      <Punkt>
        <X>673672.11</X>
        <Y>578362.1</Y>
      </Punkt>
      <Rzedna>73.91</Rzedna>
    </Pikieta>
    <Pikieta rysuj="true" numer="144.09" kodTerenu="K01">
      <X>463</X>
      <Y>323</Y>
      <Punkt>
        <X>673674.03</X>
        <Y>578362.91</Y>
      </Punkt>
      <Rzedna>74.21</Rzedna>
    </Pikieta>
    <Pikieta rysuj="true" numer="144.10" kodTerenu="K01">
      <X>463</X>
      <Y>343</Y>
      <Punkt>
        <X>673675</X>
        <Y>578363.47</Y>
      </Punkt>
      <Rzedna>74.38</Rzedna>
    </Pikieta>
    <Pikieta rysuj="true" numer="144.11" kodTerenu="K01">
      <X>463</X>
      <Y>363</Y>
      <Punkt>
        <X>673676.28</X>
        <Y>578364.26</Y>
      </Punkt>
      <Rzedna>74.67</Rzedna>
    </Pikieta>
    <Pikieta rysuj="true" numer="144.12" kodTerenu="K01">
      <X>463</X>
      <Y>383</Y>
      <Punkt>
        <X>673676.69</X>
        <Y>578364.44</Y>
      </Punkt>
      <Rzedna>75.53</Rzedna>
    </Pikieta>
    <Pikieta rysuj="true" numer="144.13" kodTerenu="T01">
      <X>463</X>
      <Y>403</Y>
      <Punkt>
        <X>673677.12</X>
        <Y>578364.59</Y>
      </Punkt>
      <Rzedna>75.74</Rzedna>
    </Pikieta>
    <Pikieta rysuj="true" numer="144.14" kodTerenu="T01">
      <X>463</X>
      <Y>423</Y>
      <Punkt>
        <X>673678.16</X>
        <Y>578365.35</Y>
      </Punkt>
      <Rzedna>75.94</Rzedna>
    </Pikieta>
    <Pikieta rysuj="true" numer="144.15" kodTerenu="T01">
      <X>463</X>
      <Y>443</Y>
      <Punkt>
        <X>673680.44</X>
        <Y>578366.37</Y>
      </Punkt>
      <Rzedna>76.48</Rzedna>
    </Pikieta>
    <Pikieta rysuj="true" numer="144.16" kodTerenu="T01">
      <X>463</X>
      <Y>463</Y>
      <Punkt>
        <X>673685.21</X>
        <Y>578369.62</Y>
      </Punkt>
      <Rzedna>76.37</Rzedna>
    </Pikieta>
  </Pikiety>
  <Fotografie>
    <Fotografia rysuj="true" numer="144" rotacja="270">
      <X>484</X>
      <Y>102</Y>
    </Fotografia>
  </Fotografie>
  <Skarpy>
    <Skarpa rysuj="true" startPikieta="4" endPikieta="5" brzeg="true" />
    <Skarpa rysuj="true" startPikieta="12" endPikieta="13" brzeg="true" />
    <Skarpa rysuj="true" startPikieta="14" endPikieta="15" brzeg="false" />
    <Skarpa rysuj="true" startPikieta="2" endPikieta="3" brzeg="false" />
  </Skarpy>
  <Drogi />
  <Zabudowy />
  <Teksty />
</SzkicPrzekroju>