<?xml version="1.0" encoding="utf-8"?>
<SzkicPrzekroju xmlns:xsi="http://www.w3.org/2001/XMLSchema-instance" xmlns:xsd="http://www.w3.org/2001/XMLSchema" nazwaCieku="Pasłęka" numerObiektu="145" numerPrzekroju="145" dataPomiaru="9.03.2012">
  <Koryto rysuj="true" startPikieta="4" endPikieta="11" />
  <Pikiety>
    <Pikieta rysuj="true" numer="145.01" kodTerenu="">
      <X>463</X>
      <Y>163</Y>
      <Punkt>
        <X>673503.96</X>
        <Y>578536.81</Y>
      </Punkt>
      <Rzedna>76.62</Rzedna>
    </Pikieta>
    <Pikieta rysuj="true" numer="145.02" kodTerenu="T07">
      <X>463</X>
      <Y>186</Y>
      <Punkt>
        <X>673503.5</X>
        <Y>578539.61</Y>
      </Punkt>
      <Rzedna>76.52</Rzedna>
    </Pikieta>
    <Pikieta rysuj="true" numer="145.03" kodTerenu="T07">
      <X>463</X>
      <Y>209</Y>
      <Punkt>
        <X>673503.12</X>
        <Y>578542.36</Y>
      </Punkt>
      <Rzedna>76.06</Rzedna>
    </Pikieta>
    <Pikieta rysuj="true" numer="145.04" kodTerenu="T01">
      <X>463</X>
      <Y>232</Y>
      <Punkt>
        <X>673503.06</X>
        <Y>578542.82</Y>
      </Punkt>
      <Rzedna>75.65</Rzedna>
    </Pikieta>
    <Pikieta rysuj="true" numer="145.05" kodTerenu="K01">
      <X>463</X>
      <Y>255</Y>
      <Punkt>
        <X>673502.93</X>
        <Y>578543.28</Y>
      </Punkt>
      <Rzedna>74.96</Rzedna>
    </Pikieta>
    <Pikieta rysuj="true" numer="145.06" kodTerenu="K02">
      <X>463</X>
      <Y>278</Y>
      <Punkt>
        <X>673502.66</X>
        <Y>578544.85</Y>
      </Punkt>
      <Rzedna>74.37</Rzedna>
    </Pikieta>
    <Pikieta rysuj="true" numer="145.07" kodTerenu="K02">
      <X>463</X>
      <Y>301</Y>
      <Punkt>
        <X>673502.54</X>
        <Y>578546.41</Y>
      </Punkt>
      <Rzedna>74.43</Rzedna>
    </Pikieta>
    <Pikieta rysuj="true" numer="145.08" kodTerenu="K02">
      <X>463</X>
      <Y>324</Y>
      <Punkt>
        <X>673502.86</X>
        <Y>578548.23</Y>
      </Punkt>
      <Rzedna>74.34</Rzedna>
    </Pikieta>
    <Pikieta rysuj="true" numer="145.09" kodTerenu="K02">
      <X>463</X>
      <Y>347</Y>
      <Punkt>
        <X>673502.95</X>
        <Y>578550.6</Y>
      </Punkt>
      <Rzedna>74.5</Rzedna>
    </Pikieta>
    <Pikieta rysuj="true" numer="145.10" kodTerenu="K01">
      <X>463</X>
      <Y>370</Y>
      <Punkt>
        <X>673502.89</X>
        <Y>578553.26</Y>
      </Punkt>
      <Rzedna>74.48</Rzedna>
    </Pikieta>
    <Pikieta rysuj="true" numer="145.11" kodTerenu="K01">
      <X>463</X>
      <Y>393</Y>
      <Punkt>
        <X>673502.39</X>
        <Y>578554.04</Y>
      </Punkt>
      <Rzedna>75.65</Rzedna>
    </Pikieta>
    <Pikieta rysuj="true" numer="145.12" kodTerenu="T01">
      <X>463</X>
      <Y>416</Y>
      <Punkt>
        <X>673502.41</X>
        <Y>578555.2</Y>
      </Punkt>
      <Rzedna>76.22</Rzedna>
    </Pikieta>
    <Pikieta rysuj="true" numer="145.13" kodTerenu="T01">
      <X>463</X>
      <Y>439</Y>
      <Punkt>
        <X>673502.7</X>
        <Y>578558.78</Y>
      </Punkt>
      <Rzedna>76.91</Rzedna>
    </Pikieta>
    <Pikieta rysuj="true" numer="145.14" kodTerenu="T01">
      <X>463</X>
      <Y>462</Y>
      <Punkt>
        <X>673503.38</X>
        <Y>578564.55</Y>
      </Punkt>
      <Rzedna>76.49</Rzedna>
    </Pikieta>
  </Pikiety>
  <Fotografie>
    <Fotografia rysuj="true" numer="145" rotacja="90">
      <X>482</X>
      <Y>493</Y>
    </Fotografia>
  </Fotografie>
  <Skarpy>
    <Skarpa rysuj="true" startPikieta="3" endPikieta="4" brzeg="true" />
    <Skarpa rysuj="true" startPikieta="11" endPikieta="12" brzeg="true" />
  </Skarpy>
  <Drogi />
  <Zabudowy />
  <Teksty />
</SzkicPrzekroju>