<?xml version="1.0" encoding="utf-8"?>
<SzkicPrzekroju xmlns:xsi="http://www.w3.org/2001/XMLSchema-instance" xmlns:xsd="http://www.w3.org/2001/XMLSchema" nazwaCieku="Pasłęka" numerObiektu="146" numerPrzekroju="146" dataPomiaru="5.03.2012">
  <Koryto rysuj="true" startPikieta="3" endPikieta="11" />
  <Pikiety>
    <Pikieta rysuj="true" numer="146.01" kodTerenu="">
      <X>463</X>
      <Y>163</Y>
      <Punkt>
        <X>673247.06</X>
        <Y>578552.13</Y>
      </Punkt>
      <Rzedna>78.4</Rzedna>
    </Pikieta>
    <Pikieta rysuj="true" numer="146.02" kodTerenu="T02">
      <X>463</X>
      <Y>188</Y>
      <Punkt>
        <X>673247.26</X>
        <Y>578560.61</Y>
      </Punkt>
      <Rzedna>77.29</Rzedna>
    </Pikieta>
    <Pikieta rysuj="true" numer="146.03" kodTerenu="T02">
      <X>463</X>
      <Y>213</Y>
      <Punkt>
        <X>673247.35</X>
        <Y>578566.24</Y>
      </Punkt>
      <Rzedna>75.85</Rzedna>
    </Pikieta>
    <Pikieta rysuj="true" numer="146.04" kodTerenu="K02">
      <X>463</X>
      <Y>238</Y>
      <Punkt>
        <X>673246.91</X>
        <Y>578567.19</Y>
      </Punkt>
      <Rzedna>75.06</Rzedna>
    </Pikieta>
    <Pikieta rysuj="true" numer="146.05" kodTerenu="K03">
      <X>463</X>
      <Y>263</Y>
      <Punkt>
        <X>673246.78</X>
        <Y>578568.81</Y>
      </Punkt>
      <Rzedna>74.39</Rzedna>
    </Pikieta>
    <Pikieta rysuj="true" numer="146.06" kodTerenu="K03">
      <X>463</X>
      <Y>288</Y>
      <Punkt>
        <X>673247.12</X>
        <Y>578569.85</Y>
      </Punkt>
      <Rzedna>74.37</Rzedna>
    </Pikieta>
    <Pikieta rysuj="true" numer="146.07" kodTerenu="K03">
      <X>463</X>
      <Y>313</Y>
      <Punkt>
        <X>673248.84</X>
        <Y>578571.79</Y>
      </Punkt>
      <Rzedna>74.35</Rzedna>
    </Pikieta>
    <Pikieta rysuj="true" numer="146.08" kodTerenu="K03">
      <X>463</X>
      <Y>338</Y>
      <Punkt>
        <X>673248.6</X>
        <Y>578573.22</Y>
      </Punkt>
      <Rzedna>74.62</Rzedna>
    </Pikieta>
    <Pikieta rysuj="true" numer="146.09" kodTerenu="K03">
      <X>463</X>
      <Y>363</Y>
      <Punkt>
        <X>673248.44</X>
        <Y>578574.3</Y>
      </Punkt>
      <Rzedna>74.78</Rzedna>
    </Pikieta>
    <Pikieta rysuj="true" numer="146.01" kodTerenu="K02">
      <X>463</X>
      <Y>388</Y>
      <Punkt>
        <X>673248.69</X>
        <Y>578575.9</Y>
      </Punkt>
      <Rzedna>75.17</Rzedna>
    </Pikieta>
    <Pikieta rysuj="true" numer="146.11" kodTerenu="K02">
      <X>463</X>
      <Y>413</Y>
      <Punkt>
        <X>673248.55</X>
        <Y>578576.83</Y>
      </Punkt>
      <Rzedna>75.85</Rzedna>
    </Pikieta>
    <Pikieta rysuj="true" numer="146.12" kodTerenu="T02">
      <X>463</X>
      <Y>438</Y>
      <Punkt>
        <X>673247.95</X>
        <Y>578581.94</Y>
      </Punkt>
      <Rzedna>76.74</Rzedna>
    </Pikieta>
    <Pikieta rysuj="true" numer="146.13" kodTerenu="T02">
      <X>463</X>
      <Y>463</Y>
      <Punkt>
        <X>673246.73</X>
        <Y>578591.48</Y>
      </Punkt>
      <Rzedna>77.58</Rzedna>
    </Pikieta>
  </Pikiety>
  <Fotografie>
    <Fotografia rysuj="true" numer="146" rotacja="240">
      <X>588</X>
      <Y>114</Y>
    </Fotografia>
  </Fotografie>
  <Skarpy>
    <Skarpa rysuj="true" startPikieta="2" endPikieta="3" brzeg="true" />
    <Skarpa rysuj="true" startPikieta="11" endPikieta="12" brzeg="true" />
  </Skarpy>
  <Drogi />
  <Zabudowy />
  <Teksty />
</SzkicPrzekroju>