<?xml version="1.0" encoding="utf-8"?>
<SzkicPrzekroju xmlns:xsi="http://www.w3.org/2001/XMLSchema-instance" xmlns:xsd="http://www.w3.org/2001/XMLSchema" nazwaCieku="Pasłęka" numerObiektu="147" numerPrzekroju="147" dataPomiaru="9.03.2012">
  <Koryto rysuj="true" startPikieta="3" endPikieta="9" />
  <Pikiety>
    <Pikieta rysuj="true" numer="147.01" kodTerenu="">
      <X>463</X>
      <Y>163</Y>
      <Punkt>
        <X>672864.61</X>
        <Y>578381.08</Y>
      </Punkt>
      <Rzedna>76.69</Rzedna>
    </Pikieta>
    <Pikieta rysuj="true" numer="147.02" kodTerenu="T02">
      <X>463</X>
      <Y>188</Y>
      <Punkt>
        <X>672861.36</X>
        <Y>578385.06</Y>
      </Punkt>
      <Rzedna>76.32</Rzedna>
    </Pikieta>
    <Pikieta rysuj="true" numer="147.03" kodTerenu="T02">
      <X>463</X>
      <Y>213</Y>
      <Punkt>
        <X>672861.06</X>
        <Y>578385.18</Y>
      </Punkt>
      <Rzedna>75.82</Rzedna>
    </Pikieta>
    <Pikieta rysuj="true" numer="147.04" kodTerenu="K01">
      <X>463</X>
      <Y>238</Y>
      <Punkt>
        <X>672860.78</X>
        <Y>578385.44</Y>
      </Punkt>
      <Rzedna>74.9</Rzedna>
    </Pikieta>
    <Pikieta rysuj="true" numer="147.05" kodTerenu="K01">
      <X>463</X>
      <Y>263</Y>
      <Punkt>
        <X>672860.43</X>
        <Y>578386.2</Y>
      </Punkt>
      <Rzedna>74.54</Rzedna>
    </Pikieta>
    <Pikieta rysuj="true" numer="147.06" kodTerenu="K01">
      <X>463</X>
      <Y>288</Y>
      <Punkt>
        <X>672857.95</X>
        <Y>578389.66</Y>
      </Punkt>
      <Rzedna>74.64</Rzedna>
    </Pikieta>
    <Pikieta rysuj="true" numer="147.07" kodTerenu="K02">
      <X>463</X>
      <Y>313</Y>
      <Punkt>
        <X>672856.97</X>
        <Y>578391.18</Y>
      </Punkt>
      <Rzedna>74.68</Rzedna>
    </Pikieta>
    <Pikieta rysuj="true" numer="147.08" kodTerenu="K02">
      <X>463</X>
      <Y>338</Y>
      <Punkt>
        <X>672855.86</X>
        <Y>578392.75</Y>
      </Punkt>
      <Rzedna>74.82</Rzedna>
    </Pikieta>
    <Pikieta rysuj="true" numer="147.09" kodTerenu="K02">
      <X>463</X>
      <Y>363</Y>
      <Punkt>
        <X>672855.44</X>
        <Y>578393.2</Y>
      </Punkt>
      <Rzedna>75.82</Rzedna>
    </Pikieta>
    <Pikieta rysuj="true" numer="147.10" kodTerenu="T02">
      <X>463</X>
      <Y>388</Y>
      <Punkt>
        <X>672855.08</X>
        <Y>578393.9</Y>
      </Punkt>
      <Rzedna>76.23</Rzedna>
    </Pikieta>
    <Pikieta rysuj="true" numer="147.11" kodTerenu="T02">
      <X>463</X>
      <Y>413</Y>
      <Punkt>
        <X>672853.96</X>
        <Y>578395.63</Y>
      </Punkt>
      <Rzedna>76.42</Rzedna>
    </Pikieta>
    <Pikieta rysuj="true" numer="147.12" kodTerenu="T02">
      <X>463</X>
      <Y>438</Y>
      <Punkt>
        <X>672852.88</X>
        <Y>578397.76</Y>
      </Punkt>
      <Rzedna>77.07</Rzedna>
    </Pikieta>
    <Pikieta rysuj="true" numer="147.13" kodTerenu="T02">
      <X>463</X>
      <Y>463</Y>
      <Punkt>
        <X>672849.68</X>
        <Y>578402.86</Y>
      </Punkt>
      <Rzedna>77.04</Rzedna>
    </Pikieta>
  </Pikiety>
  <Fotografie>
    <Fotografia rysuj="true" numer="147" rotacja="90">
      <X>485</X>
      <Y>506</Y>
    </Fotografia>
  </Fotografie>
  <Skarpy>
    <Skarpa rysuj="true" startPikieta="2" endPikieta="3" brzeg="true" />
    <Skarpa rysuj="true" startPikieta="9" endPikieta="10" brzeg="true" />
    <Skarpa rysuj="true" startPikieta="11" endPikieta="12" brzeg="false" />
  </Skarpy>
  <Drogi />
  <Zabudowy />
  <Teksty />
</SzkicPrzekroju>