<?xml version="1.0" encoding="utf-8"?>
<SzkicPrzekroju xmlns:xsi="http://www.w3.org/2001/XMLSchema-instance" xmlns:xsd="http://www.w3.org/2001/XMLSchema" nazwaCieku="Pasłęka" numerObiektu="148" numerPrzekroju="148" dataPomiaru="9.03.2012">
  <Koryto rysuj="true" startPikieta="3" endPikieta="9" />
  <Pikiety>
    <Pikieta rysuj="true" numer="148.01" kodTerenu="">
      <X>463</X>
      <Y>163</Y>
      <Punkt>
        <X>672141.22</X>
        <Y>578197.06</Y>
      </Punkt>
      <Rzedna>77.03</Rzedna>
    </Pikieta>
    <Pikieta rysuj="true" numer="148.02" kodTerenu="T02">
      <X>463</X>
      <Y>193</Y>
      <Punkt>
        <X>672135.5</X>
        <Y>578197.17</Y>
      </Punkt>
      <Rzedna>76.42</Rzedna>
    </Pikieta>
    <Pikieta rysuj="true" numer="148.03" kodTerenu="T02">
      <X>463</X>
      <Y>223</Y>
      <Punkt>
        <X>672134.69</X>
        <Y>578197.21</Y>
      </Punkt>
      <Rzedna>76.25</Rzedna>
    </Pikieta>
    <Pikieta rysuj="true" numer="148.04" kodTerenu="K01">
      <X>463</X>
      <Y>253</Y>
      <Punkt>
        <X>672134.29</X>
        <Y>578197.26</Y>
      </Punkt>
      <Rzedna>75.19</Rzedna>
    </Pikieta>
    <Pikieta rysuj="true" numer="148.05" kodTerenu="K01">
      <X>463</X>
      <Y>283</Y>
      <Punkt>
        <X>672132.5</X>
        <Y>578197.54</Y>
      </Punkt>
      <Rzedna>74.39</Rzedna>
    </Pikieta>
    <Pikieta rysuj="true" numer="148.06" kodTerenu="K01">
      <X>463</X>
      <Y>313</Y>
      <Punkt>
        <X>672130.44</X>
        <Y>578197.92</Y>
      </Punkt>
      <Rzedna>74.41</Rzedna>
    </Pikieta>
    <Pikieta rysuj="true" numer="148.07" kodTerenu="K01">
      <X>463</X>
      <Y>343</Y>
      <Punkt>
        <X>672128.76</X>
        <Y>578197.09</Y>
      </Punkt>
      <Rzedna>74.74</Rzedna>
    </Pikieta>
    <Pikieta rysuj="true" numer="148.08" kodTerenu="K01">
      <X>463</X>
      <Y>373</Y>
      <Punkt>
        <X>672127.68</X>
        <Y>578197.5</Y>
      </Punkt>
      <Rzedna>74.97</Rzedna>
    </Pikieta>
    <Pikieta rysuj="true" numer="148.09" kodTerenu="K01">
      <X>463</X>
      <Y>403</Y>
      <Punkt>
        <X>672126.54</X>
        <Y>578197.46</Y>
      </Punkt>
      <Rzedna>76.25</Rzedna>
    </Pikieta>
    <Pikieta rysuj="true" numer="148.10" kodTerenu="T02">
      <X>463</X>
      <Y>433</Y>
      <Punkt>
        <X>672125.92</X>
        <Y>578197.49</Y>
      </Punkt>
      <Rzedna>76.48</Rzedna>
    </Pikieta>
    <Pikieta rysuj="true" numer="148.11" kodTerenu="T02">
      <X>463</X>
      <Y>463</Y>
      <Punkt>
        <X>672120.14</X>
        <Y>578198.4</Y>
      </Punkt>
      <Rzedna>76.9</Rzedna>
    </Pikieta>
  </Pikiety>
  <Fotografie>
    <Fotografia rysuj="true" numer="148" rotacja="270">
      <X>465</X>
      <Y>100</Y>
    </Fotografia>
  </Fotografie>
  <Skarpy>
    <Skarpa rysuj="true" startPikieta="2" endPikieta="3" brzeg="true" />
    <Skarpa rysuj="true" startPikieta="9" endPikieta="10" brzeg="true" />
  </Skarpy>
  <Drogi />
  <Zabudowy />
  <Teksty />
</SzkicPrzekroju>