<?xml version="1.0" encoding="utf-8"?>
<SzkicPrzekroju xmlns:xsi="http://www.w3.org/2001/XMLSchema-instance" xmlns:xsd="http://www.w3.org/2001/XMLSchema" nazwaCieku="Pasłęka" numerObiektu="149" numerPrzekroju="149" dataPomiaru="8.03.2012">
  <Koryto rysuj="true" startPikieta="3" endPikieta="9" />
  <Pikiety>
    <Pikieta rysuj="true" numer="149.01" kodTerenu="">
      <X>463</X>
      <Y>163</Y>
      <Punkt>
        <X>671693.59</X>
        <Y>577790.53</Y>
      </Punkt>
      <Rzedna>77.85</Rzedna>
    </Pikieta>
    <Pikieta rysuj="true" numer="149.02" kodTerenu="T02">
      <X>463</X>
      <Y>193</Y>
      <Punkt>
        <X>671688.03</X>
        <Y>577793.19</Y>
      </Punkt>
      <Rzedna>77.62</Rzedna>
    </Pikieta>
    <Pikieta rysuj="true" numer="149.03" kodTerenu="T02">
      <X>463</X>
      <Y>223</Y>
      <Punkt>
        <X>671683.92</X>
        <Y>577795.29</Y>
      </Punkt>
      <Rzedna>76.45</Rzedna>
    </Pikieta>
    <Pikieta rysuj="true" numer="149.04" kodTerenu="K02">
      <X>463</X>
      <Y>253</Y>
      <Punkt>
        <X>671683.47</X>
        <Y>577795.5</Y>
      </Punkt>
      <Rzedna>75.83</Rzedna>
    </Pikieta>
    <Pikieta rysuj="true" numer="149.05" kodTerenu="K02">
      <X>463</X>
      <Y>283</Y>
      <Punkt>
        <X>671681.09</X>
        <Y>577796.49</Y>
      </Punkt>
      <Rzedna>75.52</Rzedna>
    </Pikieta>
    <Pikieta rysuj="true" numer="149.06" kodTerenu="K03">
      <X>463</X>
      <Y>313</Y>
      <Punkt>
        <X>671678.81</X>
        <Y>577797.8</Y>
      </Punkt>
      <Rzedna>75.37</Rzedna>
    </Pikieta>
    <Pikieta rysuj="true" numer="149.07" kodTerenu="K03">
      <X>463</X>
      <Y>343</Y>
      <Punkt>
        <X>671676.6</X>
        <Y>577798.78</Y>
      </Punkt>
      <Rzedna>75.29</Rzedna>
    </Pikieta>
    <Pikieta rysuj="true" numer="149.08" kodTerenu="K02">
      <X>463</X>
      <Y>373</Y>
      <Punkt>
        <X>671674.86</X>
        <Y>577799.5</Y>
      </Punkt>
      <Rzedna>75.46</Rzedna>
    </Pikieta>
    <Pikieta rysuj="true" numer="149.09" kodTerenu="K02">
      <X>463</X>
      <Y>403</Y>
      <Punkt>
        <X>671673.72</X>
        <Y>577800.05</Y>
      </Punkt>
      <Rzedna>76.45</Rzedna>
    </Pikieta>
    <Pikieta rysuj="true" numer="149.10" kodTerenu="T07">
      <X>463</X>
      <Y>433</Y>
      <Punkt>
        <X>671662.18</X>
        <Y>577804.66</Y>
      </Punkt>
      <Rzedna>84.03</Rzedna>
    </Pikieta>
    <Pikieta rysuj="true" numer="149.11" kodTerenu="T02">
      <X>463</X>
      <Y>463</Y>
      <Punkt>
        <X>671655.72</X>
        <Y>577807.94</Y>
      </Punkt>
      <Rzedna>84.2</Rzedna>
    </Pikieta>
  </Pikiety>
  <Fotografie>
    <Fotografia rysuj="true" numer="149" rotacja="260">
      <X>512</X>
      <Y>102</Y>
    </Fotografia>
  </Fotografie>
  <Skarpy>
    <Skarpa rysuj="true" startPikieta="2" endPikieta="3" brzeg="true" />
    <Skarpa rysuj="true" startPikieta="9" endPikieta="10" brzeg="true" />
  </Skarpy>
  <Drogi />
  <Zabudowy />
  <Teksty />
</SzkicPrzekroju>