<?xml version="1.0" encoding="utf-8"?>
<SzkicPrzekroju xmlns:xsi="http://www.w3.org/2001/XMLSchema-instance" xmlns:xsd="http://www.w3.org/2001/XMLSchema" nazwaCieku="Pasłęka" numerObiektu="150" numerPrzekroju="150" dataPomiaru="8.03.2012">
  <Koryto rysuj="true" startPikieta="3" endPikieta="9" />
  <Pikiety>
    <Pikieta rysuj="true" numer="150.01" kodTerenu="">
      <X>463</X>
      <Y>163</Y>
      <Punkt>
        <X>671624.23</X>
        <Y>577567.66</Y>
      </Punkt>
      <Rzedna>77.9</Rzedna>
    </Pikieta>
    <Pikieta rysuj="true" numer="150.02" kodTerenu="T01">
      <X>463</X>
      <Y>193</Y>
      <Punkt>
        <X>671618.28</X>
        <Y>577570.7</Y>
      </Punkt>
      <Rzedna>77.78</Rzedna>
    </Pikieta>
    <Pikieta rysuj="true" numer="150.03" kodTerenu="T01">
      <X>463</X>
      <Y>223</Y>
      <Punkt>
        <X>671614.65</X>
        <Y>577573.28</Y>
      </Punkt>
      <Rzedna>76.51</Rzedna>
    </Pikieta>
    <Pikieta rysuj="true" numer="150.04" kodTerenu="K01">
      <X>463</X>
      <Y>253</Y>
      <Punkt>
        <X>671614.49</X>
        <Y>577573.4</Y>
      </Punkt>
      <Rzedna>75.77</Rzedna>
    </Pikieta>
    <Pikieta rysuj="true" numer="150.05" kodTerenu="K02">
      <X>463</X>
      <Y>283</Y>
      <Punkt>
        <X>671612.74</X>
        <Y>577573.83</Y>
      </Punkt>
      <Rzedna>75.25</Rzedna>
    </Pikieta>
    <Pikieta rysuj="true" numer="150.06" kodTerenu="K02">
      <X>463</X>
      <Y>313</Y>
      <Punkt>
        <X>671611.24</X>
        <Y>577574.68</Y>
      </Punkt>
      <Rzedna>75.22</Rzedna>
    </Pikieta>
    <Pikieta rysuj="true" numer="150.07" kodTerenu="K02">
      <X>463</X>
      <Y>343</Y>
      <Punkt>
        <X>671609.39</X>
        <Y>577575.95</Y>
      </Punkt>
      <Rzedna>75.22</Rzedna>
    </Pikieta>
    <Pikieta rysuj="true" numer="150.08" kodTerenu="K02">
      <X>463</X>
      <Y>373</Y>
      <Punkt>
        <X>671607.35</X>
        <Y>577576.97</Y>
      </Punkt>
      <Rzedna>75.47</Rzedna>
    </Pikieta>
    <Pikieta rysuj="true" numer="150.09" kodTerenu="K01">
      <X>463</X>
      <Y>403</Y>
      <Punkt>
        <X>671606.1</X>
        <Y>577577.5</Y>
      </Punkt>
      <Rzedna>76.51</Rzedna>
    </Pikieta>
    <Pikieta rysuj="true" numer="150.10" kodTerenu="T02">
      <X>463</X>
      <Y>433</Y>
      <Punkt>
        <X>671601.01</X>
        <Y>577579.42</Y>
      </Punkt>
      <Rzedna>78.44</Rzedna>
    </Pikieta>
    <Pikieta rysuj="true" numer="150.11" kodTerenu="T02">
      <X>463</X>
      <Y>463</Y>
      <Punkt>
        <X>671595.61</X>
        <Y>577582.2</Y>
      </Punkt>
      <Rzedna>78.59</Rzedna>
    </Pikieta>
  </Pikiety>
  <Fotografie>
    <Fotografia rysuj="true" numer="150" rotacja="290">
      <X>455</X>
      <Y>93</Y>
    </Fotografia>
  </Fotografie>
  <Skarpy>
    <Skarpa rysuj="true" startPikieta="2" endPikieta="3" brzeg="true" />
    <Skarpa rysuj="true" startPikieta="9" endPikieta="10" brzeg="true" />
  </Skarpy>
  <Drogi />
  <Zabudowy />
  <Teksty />
</SzkicPrzekroju>