<?xml version="1.0" encoding="utf-8"?>
<SzkicPrzekroju xmlns:xsi="http://www.w3.org/2001/XMLSchema-instance" xmlns:xsd="http://www.w3.org/2001/XMLSchema" nazwaCieku="Pasłęka" numerObiektu="151" numerPrzekroju="151" dataPomiaru="8.03.2012">
  <Koryto rysuj="true" startPikieta="3" endPikieta="9" />
  <Pikiety>
    <Pikieta rysuj="true" numer="151.01" kodTerenu="">
      <X>463</X>
      <Y>163</Y>
      <Punkt>
        <X>671469.96</X>
        <Y>577366.27</Y>
      </Punkt>
      <Rzedna>77.77</Rzedna>
    </Pikieta>
    <Pikieta rysuj="true" numer="151.02" kodTerenu="T01">
      <X>463</X>
      <Y>193</Y>
      <Punkt>
        <X>671468.42</X>
        <Y>577369.78</Y>
      </Punkt>
      <Rzedna>77.63</Rzedna>
    </Pikieta>
    <Pikieta rysuj="true" numer="151.03" kodTerenu="T01">
      <X>463</X>
      <Y>223</Y>
      <Punkt>
        <X>671466.48</X>
        <Y>577373.85</Y>
      </Punkt>
      <Rzedna>76.59</Rzedna>
    </Pikieta>
    <Pikieta rysuj="true" numer="151.04" kodTerenu="K02">
      <X>463</X>
      <Y>253</Y>
      <Punkt>
        <X>671466.29</X>
        <Y>577374.13</Y>
      </Punkt>
      <Rzedna>75.68</Rzedna>
    </Pikieta>
    <Pikieta rysuj="true" numer="151.05" kodTerenu="K02">
      <X>463</X>
      <Y>283</Y>
      <Punkt>
        <X>671465.73</X>
        <Y>577375.44</Y>
      </Punkt>
      <Rzedna>75.33</Rzedna>
    </Pikieta>
    <Pikieta rysuj="true" numer="151.06" kodTerenu="K02">
      <X>463</X>
      <Y>313</Y>
      <Punkt>
        <X>671465.28</X>
        <Y>577377.04</Y>
      </Punkt>
      <Rzedna>75.28</Rzedna>
    </Pikieta>
    <Pikieta rysuj="true" numer="151.07" kodTerenu="K02">
      <X>463</X>
      <Y>343</Y>
      <Punkt>
        <X>671462.73</X>
        <Y>577380.21</Y>
      </Punkt>
      <Rzedna>75.34</Rzedna>
    </Pikieta>
    <Pikieta rysuj="true" numer="151.08" kodTerenu="K02">
      <X>463</X>
      <Y>373</Y>
      <Punkt>
        <X>671462.61</X>
        <Y>577381.91</Y>
      </Punkt>
      <Rzedna>75.74</Rzedna>
    </Pikieta>
    <Pikieta rysuj="true" numer="151.09" kodTerenu="K02">
      <X>463</X>
      <Y>403</Y>
      <Punkt>
        <X>671462.73</X>
        <Y>577383.31</Y>
      </Punkt>
      <Rzedna>76.59</Rzedna>
    </Pikieta>
    <Pikieta rysuj="true" numer="151.10" kodTerenu="T07">
      <X>463</X>
      <Y>433</Y>
      <Punkt>
        <X>671461.07</X>
        <Y>577387.09</Y>
      </Punkt>
      <Rzedna>77.94</Rzedna>
    </Pikieta>
    <Pikieta rysuj="true" numer="151.11" kodTerenu="T07">
      <X>463</X>
      <Y>463</Y>
      <Punkt>
        <X>671458.61</X>
        <Y>577391.97</Y>
      </Punkt>
      <Rzedna>77.98</Rzedna>
    </Pikieta>
  </Pikiety>
  <Fotografie>
    <Fotografia rysuj="true" numer="151" rotacja="270">
      <X>501</X>
      <Y>97</Y>
    </Fotografia>
  </Fotografie>
  <Skarpy>
    <Skarpa rysuj="true" startPikieta="2" endPikieta="3" brzeg="true" />
    <Skarpa rysuj="true" startPikieta="9" endPikieta="10" brzeg="true" />
  </Skarpy>
  <Drogi />
  <Zabudowy />
  <Teksty />
</SzkicPrzekroju>