<?xml version="1.0" encoding="utf-8"?>
<SzkicPrzekroju xmlns:xsi="http://www.w3.org/2001/XMLSchema-instance" xmlns:xsd="http://www.w3.org/2001/XMLSchema" nazwaCieku="Pasłęka" numerObiektu="152" numerPrzekroju="152" dataPomiaru="8.03.2012">
  <Koryto rysuj="true" startPikieta="5" endPikieta="11" />
  <Pikiety>
    <Pikieta rysuj="true" numer="152.01" kodTerenu="">
      <X>463</X>
      <Y>163</Y>
      <Punkt>
        <X>670842.69</X>
        <Y>577239.68</Y>
      </Punkt>
      <Rzedna>78.06</Rzedna>
    </Pikieta>
    <Pikieta rysuj="true" numer="152.02" kodTerenu="T02">
      <X>463</X>
      <Y>184</Y>
      <Punkt>
        <X>670845.9</X>
        <Y>577245.09</Y>
      </Punkt>
      <Rzedna>78.41</Rzedna>
    </Pikieta>
    <Pikieta rysuj="true" numer="152.03" kodTerenu="T02">
      <X>463</X>
      <Y>205</Y>
      <Punkt>
        <X>670847.93</X>
        <Y>577248.5</Y>
      </Punkt>
      <Rzedna>77.25</Rzedna>
    </Pikieta>
    <Pikieta rysuj="true" numer="152.04" kodTerenu="T02">
      <X>463</X>
      <Y>226</Y>
      <Punkt>
        <X>670848.82</X>
        <Y>577249.65</Y>
      </Punkt>
      <Rzedna>77</Rzedna>
    </Pikieta>
    <Pikieta rysuj="true" numer="152.05" kodTerenu="T02">
      <X>463</X>
      <Y>247</Y>
      <Punkt>
        <X>670848.99</X>
        <Y>577249.93</Y>
      </Punkt>
      <Rzedna>76.78</Rzedna>
    </Pikieta>
    <Pikieta rysuj="true" numer="152.06" kodTerenu="K01">
      <X>463</X>
      <Y>268</Y>
      <Punkt>
        <X>670849.28</X>
        <Y>577250.2</Y>
      </Punkt>
      <Rzedna>75.86</Rzedna>
    </Pikieta>
    <Pikieta rysuj="true" numer="152.07" kodTerenu="K01">
      <X>463</X>
      <Y>289</Y>
      <Punkt>
        <X>670850.18</X>
        <Y>577251.45</Y>
      </Punkt>
      <Rzedna>75.6</Rzedna>
    </Pikieta>
    <Pikieta rysuj="true" numer="152.08" kodTerenu="K02">
      <X>463</X>
      <Y>310</Y>
      <Punkt>
        <X>670852.22</X>
        <Y>577253.82</Y>
      </Punkt>
      <Rzedna>75.46</Rzedna>
    </Pikieta>
    <Pikieta rysuj="true" numer="152.09" kodTerenu="K02">
      <X>463</X>
      <Y>331</Y>
      <Punkt>
        <X>670853.41</X>
        <Y>577256.29</Y>
      </Punkt>
      <Rzedna>75.59</Rzedna>
    </Pikieta>
    <Pikieta rysuj="true" numer="152.10" kodTerenu="K01">
      <X>463</X>
      <Y>352</Y>
      <Punkt>
        <X>670854.47</X>
        <Y>577257.9</Y>
      </Punkt>
      <Rzedna>76.08</Rzedna>
    </Pikieta>
    <Pikieta rysuj="true" numer="152.11" kodTerenu="K01">
      <X>463</X>
      <Y>373</Y>
      <Punkt>
        <X>670854.45</X>
        <Y>577258.31</Y>
      </Punkt>
      <Rzedna>76.78</Rzedna>
    </Pikieta>
    <Pikieta rysuj="true" numer="152.12" kodTerenu="T02">
      <X>463</X>
      <Y>394</Y>
      <Punkt>
        <X>670854.85</X>
        <Y>577258.65</Y>
      </Punkt>
      <Rzedna>77.23</Rzedna>
    </Pikieta>
    <Pikieta rysuj="true" numer="152.13" kodTerenu="T02">
      <X>463</X>
      <Y>415</Y>
      <Punkt>
        <X>670855.43</X>
        <Y>577260.65</Y>
      </Punkt>
      <Rzedna>77.84</Rzedna>
    </Pikieta>
    <Pikieta rysuj="true" numer="152.14" kodTerenu="T02">
      <X>463</X>
      <Y>436</Y>
      <Punkt>
        <X>670856.94</X>
        <Y>577263.59</Y>
      </Punkt>
      <Rzedna>79.36</Rzedna>
    </Pikieta>
    <Pikieta rysuj="true" numer="152.15" kodTerenu="T02">
      <X>463</X>
      <Y>457</Y>
      <Punkt>
        <X>670858.57</X>
        <Y>577268.16</Y>
      </Punkt>
      <Rzedna>79.7</Rzedna>
    </Pikieta>
  </Pikiety>
  <Fotografie>
    <Fotografia rysuj="true" numer="152" rotacja="130">
      <X>689</X>
      <Y>488</Y>
    </Fotografia>
  </Fotografie>
  <Skarpy>
    <Skarpa rysuj="true" startPikieta="4" endPikieta="5" brzeg="true" />
    <Skarpa rysuj="true" startPikieta="11" endPikieta="12" brzeg="true" />
    <Skarpa rysuj="true" startPikieta="2" endPikieta="3" brzeg="false" />
    <Skarpa rysuj="true" startPikieta="13" endPikieta="14" brzeg="false" />
  </Skarpy>
  <Drogi />
  <Zabudowy />
  <Teksty />
</SzkicPrzekroju>