<?xml version="1.0" encoding="utf-8"?>
<SzkicPrzekroju xmlns:xsi="http://www.w3.org/2001/XMLSchema-instance" xmlns:xsd="http://www.w3.org/2001/XMLSchema" nazwaCieku="Pasłęka" numerObiektu="153" numerPrzekroju="153" dataPomiaru="8.03.2012">
  <Koryto rysuj="true" startPikieta="3" endPikieta="9" />
  <Pikiety>
    <Pikieta rysuj="true" numer="153.01" kodTerenu="">
      <X>463</X>
      <Y>163</Y>
      <Punkt>
        <X>669947.59</X>
        <Y>577104.54</Y>
      </Punkt>
      <Rzedna>77.62</Rzedna>
    </Pikieta>
    <Pikieta rysuj="true" numer="153.02" kodTerenu="T01">
      <X>463</X>
      <Y>188</Y>
      <Punkt>
        <X>669947.94</X>
        <Y>577111.08</Y>
      </Punkt>
      <Rzedna>77.36</Rzedna>
    </Pikieta>
    <Pikieta rysuj="true" numer="153.03" kodTerenu="T01">
      <X>463</X>
      <Y>213</Y>
      <Punkt>
        <X>669947.9</X>
        <Y>577111.65</Y>
      </Punkt>
      <Rzedna>77.06</Rzedna>
    </Pikieta>
    <Pikieta rysuj="true" numer="153.04" kodTerenu="K01">
      <X>463</X>
      <Y>238</Y>
      <Punkt>
        <X>669948.06</X>
        <Y>577111.99</Y>
      </Punkt>
      <Rzedna>76.08</Rzedna>
    </Pikieta>
    <Pikieta rysuj="true" numer="153.05" kodTerenu="K01">
      <X>463</X>
      <Y>263</Y>
      <Punkt>
        <X>669947.12</X>
        <Y>577114.01</Y>
      </Punkt>
      <Rzedna>75.63</Rzedna>
    </Pikieta>
    <Pikieta rysuj="true" numer="153.06" kodTerenu="K02">
      <X>463</X>
      <Y>288</Y>
      <Punkt>
        <X>669946.79</X>
        <Y>577116.32</Y>
      </Punkt>
      <Rzedna>75.73</Rzedna>
    </Pikieta>
    <Pikieta rysuj="true" numer="153.07" kodTerenu="K02">
      <X>463</X>
      <Y>313</Y>
      <Punkt>
        <X>669946.74</X>
        <Y>577119.02</Y>
      </Punkt>
      <Rzedna>75.92</Rzedna>
    </Pikieta>
    <Pikieta rysuj="true" numer="153.08" kodTerenu="K01">
      <X>463</X>
      <Y>338</Y>
      <Punkt>
        <X>669946.93</X>
        <Y>577120.55</Y>
      </Punkt>
      <Rzedna>76.02</Rzedna>
    </Pikieta>
    <Pikieta rysuj="true" numer="153.09" kodTerenu="K01">
      <X>463</X>
      <Y>363</Y>
      <Punkt>
        <X>669946.64</X>
        <Y>577121.21</Y>
      </Punkt>
      <Rzedna>77.06</Rzedna>
    </Pikieta>
    <Pikieta rysuj="true" numer="153.10" kodTerenu="T02">
      <X>463</X>
      <Y>388</Y>
      <Punkt>
        <X>669946.87</X>
        <Y>577121.54</Y>
      </Punkt>
      <Rzedna>77.34</Rzedna>
    </Pikieta>
    <Pikieta rysuj="true" numer="153.11" kodTerenu="T02">
      <X>463</X>
      <Y>413</Y>
      <Punkt>
        <X>669947.21</X>
        <Y>577122.79</Y>
      </Punkt>
      <Rzedna>77.57</Rzedna>
    </Pikieta>
    <Pikieta rysuj="true" numer="153.12" kodTerenu="T02">
      <X>463</X>
      <Y>438</Y>
      <Punkt>
        <X>669947.57</X>
        <Y>577127.02</Y>
      </Punkt>
      <Rzedna>78.34</Rzedna>
    </Pikieta>
    <Pikieta rysuj="true" numer="153.13" kodTerenu="T02">
      <X>463</X>
      <Y>463</Y>
      <Punkt>
        <X>669947.3</X>
        <Y>577132.23</Y>
      </Punkt>
      <Rzedna>78.12</Rzedna>
    </Pikieta>
  </Pikiety>
  <Fotografie>
    <Fotografia rysuj="true" numer="153" rotacja="90">
      <X>463</X>
      <Y>493</Y>
    </Fotografia>
  </Fotografie>
  <Skarpy>
    <Skarpa rysuj="true" startPikieta="2" endPikieta="3" brzeg="true" />
    <Skarpa rysuj="true" startPikieta="9" endPikieta="10" brzeg="true" />
    <Skarpa rysuj="true" startPikieta="11" endPikieta="12" brzeg="false" />
  </Skarpy>
  <Drogi />
  <Zabudowy />
  <Teksty />
</SzkicPrzekroju>