<?xml version="1.0" encoding="utf-8"?>
<SzkicPrzekroju xmlns:xsi="http://www.w3.org/2001/XMLSchema-instance" xmlns:xsd="http://www.w3.org/2001/XMLSchema" nazwaCieku="Pasłęka" numerObiektu="154" numerPrzekroju="154" dataPomiaru="8.03.2012">
  <Koryto rysuj="true" startPikieta="3" endPikieta="10" />
  <Pikiety>
    <Pikieta rysuj="true" numer="154.01" kodTerenu="">
      <X>463</X>
      <Y>163</Y>
      <Punkt>
        <X>669319.78</X>
        <Y>577425.47</Y>
      </Punkt>
      <Rzedna>78.4</Rzedna>
    </Pikieta>
    <Pikieta rysuj="true" numer="154.02" kodTerenu="T02">
      <X>463</X>
      <Y>190</Y>
      <Punkt>
        <X>669318.98</X>
        <Y>577432.11</Y>
      </Punkt>
      <Rzedna>77.7</Rzedna>
    </Pikieta>
    <Pikieta rysuj="true" numer="154.03" kodTerenu="T02">
      <X>463</X>
      <Y>217</Y>
      <Punkt>
        <X>669318.84</X>
        <Y>577432.65</Y>
      </Punkt>
      <Rzedna>77.35</Rzedna>
    </Pikieta>
    <Pikieta rysuj="true" numer="154.04" kodTerenu="K02">
      <X>463</X>
      <Y>244</Y>
      <Punkt>
        <X>669318.83</X>
        <Y>577433.04</Y>
      </Punkt>
      <Rzedna>76.65</Rzedna>
    </Pikieta>
    <Pikieta rysuj="true" numer="154.05" kodTerenu="K02">
      <X>463</X>
      <Y>271</Y>
      <Punkt>
        <X>669318.24</X>
        <Y>577434.58</Y>
      </Punkt>
      <Rzedna>76.27</Rzedna>
    </Pikieta>
    <Pikieta rysuj="true" numer="154.06" kodTerenu="K02">
      <X>463</X>
      <Y>298</Y>
      <Punkt>
        <X>669317.79</X>
        <Y>577436.1</Y>
      </Punkt>
      <Rzedna>76.13</Rzedna>
    </Pikieta>
    <Pikieta rysuj="true" numer="154.07" kodTerenu="K02">
      <X>463</X>
      <Y>325</Y>
      <Punkt>
        <X>669317.92</X>
        <Y>577437.48</Y>
      </Punkt>
      <Rzedna>75.98</Rzedna>
    </Pikieta>
    <Pikieta rysuj="true" numer="154.08" kodTerenu="K02">
      <X>463</X>
      <Y>352</Y>
      <Punkt>
        <X>669316.93</X>
        <Y>577439.27</Y>
      </Punkt>
      <Rzedna>75.54</Rzedna>
    </Pikieta>
    <Pikieta rysuj="true" numer="154.09" kodTerenu="K02">
      <X>463</X>
      <Y>379</Y>
      <Punkt>
        <X>669316.5</X>
        <Y>577441.28</Y>
      </Punkt>
      <Rzedna>76.61</Rzedna>
    </Pikieta>
    <Pikieta rysuj="true" numer="154.10" kodTerenu="K02">
      <X>463</X>
      <Y>406</Y>
      <Punkt>
        <X>669316.21</X>
        <Y>577441.58</Y>
      </Punkt>
      <Rzedna>77.35</Rzedna>
    </Pikieta>
    <Pikieta rysuj="true" numer="154.11" kodTerenu="T02">
      <X>463</X>
      <Y>433</Y>
      <Punkt>
        <X>669316.3</X>
        <Y>577443.2</Y>
      </Punkt>
      <Rzedna>78.17</Rzedna>
    </Pikieta>
    <Pikieta rysuj="true" numer="154.12" kodTerenu="T02">
      <X>463</X>
      <Y>460</Y>
      <Punkt>
        <X>669316</X>
        <Y>577448.77</Y>
      </Punkt>
      <Rzedna>78.34</Rzedna>
    </Pikieta>
  </Pikiety>
  <Fotografie>
    <Fotografia rysuj="true" numer="154" rotacja="90">
      <X>463</X>
      <Y>493</Y>
    </Fotografia>
  </Fotografie>
  <Skarpy>
    <Skarpa rysuj="true" startPikieta="2" endPikieta="3" brzeg="true" />
    <Skarpa rysuj="true" startPikieta="10" endPikieta="11" brzeg="true" />
  </Skarpy>
  <Drogi />
  <Zabudowy />
  <Teksty />
</SzkicPrzekroju>