<?xml version="1.0" encoding="utf-8"?>
<SzkicPrzekroju xmlns:xsi="http://www.w3.org/2001/XMLSchema-instance" xmlns:xsd="http://www.w3.org/2001/XMLSchema" nazwaCieku="Pasłęka" numerObiektu="155" numerPrzekroju="155" dataPomiaru="7.03.2012">
  <Koryto rysuj="true" startPikieta="3" endPikieta="11" />
  <Pikiety>
    <Pikieta rysuj="true" numer="155.01" kodTerenu="">
      <X>463</X>
      <Y>163</Y>
      <Punkt>
        <X>668730.94</X>
        <Y>577270.1</Y>
      </Punkt>
      <Rzedna>78.15</Rzedna>
    </Pikieta>
    <Pikieta rysuj="true" numer="155.02" kodTerenu="T01">
      <X>463</X>
      <Y>186</Y>
      <Punkt>
        <X>668732.28</X>
        <Y>577278.83</Y>
      </Punkt>
      <Rzedna>77.97</Rzedna>
    </Pikieta>
    <Pikieta rysuj="true" numer="155.03" kodTerenu="T01">
      <X>463</X>
      <Y>209</Y>
      <Punkt>
        <X>668732.31</X>
        <Y>577279.43</Y>
      </Punkt>
      <Rzedna>77.6</Rzedna>
    </Pikieta>
    <Pikieta rysuj="true" numer="155.04" kodTerenu="K01">
      <X>463</X>
      <Y>232</Y>
      <Punkt>
        <X>668732.23</X>
        <Y>577280.12</Y>
      </Punkt>
      <Rzedna>76.79</Rzedna>
    </Pikieta>
    <Pikieta rysuj="true" numer="155.05" kodTerenu="K01">
      <X>463</X>
      <Y>255</Y>
      <Punkt>
        <X>668732.16</X>
        <Y>577280.99</Y>
      </Punkt>
      <Rzedna>76.35</Rzedna>
    </Pikieta>
    <Pikieta rysuj="true" numer="155.06" kodTerenu="K01">
      <X>463</X>
      <Y>278</Y>
      <Punkt>
        <X>668732.3</X>
        <Y>577282.24</Y>
      </Punkt>
      <Rzedna>76.43</Rzedna>
    </Pikieta>
    <Pikieta rysuj="true" numer="155.07" kodTerenu="K01">
      <X>463</X>
      <Y>301</Y>
      <Punkt>
        <X>668732.47</X>
        <Y>577283.59</Y>
      </Punkt>
      <Rzedna>76.33</Rzedna>
    </Pikieta>
    <Pikieta rysuj="true" numer="155.08" kodTerenu="K01">
      <X>463</X>
      <Y>324</Y>
      <Punkt>
        <X>668732.56</X>
        <Y>577285.48</Y>
      </Punkt>
      <Rzedna>76.35</Rzedna>
    </Pikieta>
    <Pikieta rysuj="true" numer="155.09" kodTerenu="K01">
      <X>463</X>
      <Y>347</Y>
      <Punkt>
        <X>668732.85</X>
        <Y>577287.45</Y>
      </Punkt>
      <Rzedna>76.29</Rzedna>
    </Pikieta>
    <Pikieta rysuj="true" numer="155.10" kodTerenu="K01">
      <X>463</X>
      <Y>370</Y>
      <Punkt>
        <X>668732.97</X>
        <Y>577288.6</Y>
      </Punkt>
      <Rzedna>77.04</Rzedna>
    </Pikieta>
    <Pikieta rysuj="true" numer="155.11" kodTerenu="K01">
      <X>463</X>
      <Y>393</Y>
      <Punkt>
        <X>668733.12</X>
        <Y>577289.01</Y>
      </Punkt>
      <Rzedna>77.6</Rzedna>
    </Pikieta>
    <Pikieta rysuj="true" numer="155.12" kodTerenu="T02">
      <X>463</X>
      <Y>416</Y>
      <Punkt>
        <X>668733.13</X>
        <Y>577289.55</Y>
      </Punkt>
      <Rzedna>77.99</Rzedna>
    </Pikieta>
    <Pikieta rysuj="true" numer="155.13" kodTerenu="T02">
      <X>463</X>
      <Y>439</Y>
      <Punkt>
        <X>668733.31</X>
        <Y>577293.87</Y>
      </Punkt>
      <Rzedna>78.52</Rzedna>
    </Pikieta>
    <Pikieta rysuj="true" numer="155.14" kodTerenu="T02">
      <X>463</X>
      <Y>462</Y>
      <Punkt>
        <X>668734.34</X>
        <Y>577299.36</Y>
      </Punkt>
      <Rzedna>78.58</Rzedna>
    </Pikieta>
  </Pikiety>
  <Fotografie>
    <Fotografia rysuj="true" numer="155" rotacja="270">
      <X>499</X>
      <Y>101</Y>
    </Fotografia>
  </Fotografie>
  <Skarpy>
    <Skarpa rysuj="true" startPikieta="2" endPikieta="3" brzeg="true" />
    <Skarpa rysuj="true" startPikieta="11" endPikieta="12" brzeg="true" />
  </Skarpy>
  <Drogi />
  <Zabudowy />
  <Teksty />
</SzkicPrzekroju>