<?xml version="1.0" encoding="utf-8"?>
<SzkicPrzekroju xmlns:xsi="http://www.w3.org/2001/XMLSchema-instance" xmlns:xsd="http://www.w3.org/2001/XMLSchema" nazwaCieku="Pasłęka" numerObiektu="156" numerPrzekroju="156" dataPomiaru="7.03.2012">
  <Koryto rysuj="true" startPikieta="3" endPikieta="10" />
  <Pikiety>
    <Pikieta rysuj="true" numer="156.01" kodTerenu="">
      <X>463</X>
      <Y>163</Y>
      <Punkt>
        <X>667973.55</X>
        <Y>577120.08</Y>
      </Punkt>
      <Rzedna>78.48</Rzedna>
    </Pikieta>
    <Pikieta rysuj="true" numer="156.02" kodTerenu="T02">
      <X>463</X>
      <Y>190</Y>
      <Punkt>
        <X>667971.86</X>
        <Y>577128.01</Y>
      </Punkt>
      <Rzedna>78.33</Rzedna>
    </Pikieta>
    <Pikieta rysuj="true" numer="156.03" kodTerenu="T02">
      <X>463</X>
      <Y>217</Y>
      <Punkt>
        <X>667971.49</X>
        <Y>577129.15</Y>
      </Punkt>
      <Rzedna>77.76</Rzedna>
    </Pikieta>
    <Pikieta rysuj="true" numer="156.04" kodTerenu="K01">
      <X>463</X>
      <Y>244</Y>
      <Punkt>
        <X>667971.24</X>
        <Y>577129.59</Y>
      </Punkt>
      <Rzedna>76.64</Rzedna>
    </Pikieta>
    <Pikieta rysuj="true" numer="156.05" kodTerenu="K01">
      <X>463</X>
      <Y>271</Y>
      <Punkt>
        <X>667970.62</X>
        <Y>577130.77</Y>
      </Punkt>
      <Rzedna>76.6</Rzedna>
    </Pikieta>
    <Pikieta rysuj="true" numer="156.06" kodTerenu="K01">
      <X>463</X>
      <Y>298</Y>
      <Punkt>
        <X>667969.78</X>
        <Y>577132.63</Y>
      </Punkt>
      <Rzedna>76.52</Rzedna>
    </Pikieta>
    <Pikieta rysuj="true" numer="156.07" kodTerenu="K01">
      <X>463</X>
      <Y>325</Y>
      <Punkt>
        <X>667973.41</X>
        <Y>577138.25</Y>
      </Punkt>
      <Rzedna>76.24</Rzedna>
    </Pikieta>
    <Pikieta rysuj="true" numer="156.08" kodTerenu="K01">
      <X>463</X>
      <Y>352</Y>
      <Punkt>
        <X>667967.29</X>
        <Y>577134.35</Y>
      </Punkt>
      <Rzedna>76.56</Rzedna>
    </Pikieta>
    <Pikieta rysuj="true" numer="156.09" kodTerenu="K01">
      <X>463</X>
      <Y>379</Y>
      <Punkt>
        <X>667966.88</X>
        <Y>577135.75</Y>
      </Punkt>
      <Rzedna>76.7</Rzedna>
    </Pikieta>
    <Pikieta rysuj="true" numer="156.10" kodTerenu="K01">
      <X>463</X>
      <Y>406</Y>
      <Punkt>
        <X>667966.4</X>
        <Y>577137.21</Y>
      </Punkt>
      <Rzedna>77.76</Rzedna>
    </Pikieta>
    <Pikieta rysuj="true" numer="156.11" kodTerenu="T02">
      <X>463</X>
      <Y>433</Y>
      <Punkt>
        <X>667965.88</X>
        <Y>577138.66</Y>
      </Punkt>
      <Rzedna>78.19</Rzedna>
    </Pikieta>
    <Pikieta rysuj="true" numer="156.12" kodTerenu="T02">
      <X>463</X>
      <Y>460</Y>
      <Punkt>
        <X>667964.43</X>
        <Y>577144.46</Y>
      </Punkt>
      <Rzedna>78.58</Rzedna>
    </Pikieta>
  </Pikiety>
  <Fotografie>
    <Fotografia rysuj="true" numer="156" rotacja="290">
      <X>424</X>
      <Y>100</Y>
    </Fotografia>
  </Fotografie>
  <Skarpy>
    <Skarpa rysuj="true" startPikieta="2" endPikieta="3" brzeg="true" />
    <Skarpa rysuj="true" startPikieta="10" endPikieta="11" brzeg="true" />
  </Skarpy>
  <Drogi />
  <Zabudowy />
  <Teksty />
</SzkicPrzekroju>