<?xml version="1.0" encoding="utf-8"?>
<SzkicPrzekroju xmlns:xsi="http://www.w3.org/2001/XMLSchema-instance" xmlns:xsd="http://www.w3.org/2001/XMLSchema" nazwaCieku="Pasłęka" numerObiektu="157" numerPrzekroju="157" dataPomiaru="7.03.2012">
  <Koryto rysuj="true" startPikieta="3" endPikieta="10" />
  <Pikiety>
    <Pikieta rysuj="true" numer="157.01" kodTerenu="">
      <X>463</X>
      <Y>163</Y>
      <Punkt>
        <X>667395.01</X>
        <Y>577193.22</Y>
      </Punkt>
      <Rzedna>79.15</Rzedna>
    </Pikieta>
    <Pikieta rysuj="true" numer="157.02" kodTerenu="T01">
      <X>463</X>
      <Y>190</Y>
      <Punkt>
        <X>667394.28</X>
        <Y>577201.91</Y>
      </Punkt>
      <Rzedna>79.1</Rzedna>
    </Pikieta>
    <Pikieta rysuj="true" numer="157.03" kodTerenu="T04">
      <X>463</X>
      <Y>217</Y>
      <Punkt>
        <X>667393.92</X>
        <Y>577203.22</Y>
      </Punkt>
      <Rzedna>78.03</Rzedna>
    </Pikieta>
    <Pikieta rysuj="true" numer="157.04" kodTerenu="K01">
      <X>463</X>
      <Y>244</Y>
      <Punkt>
        <X>667393.91</X>
        <Y>577204.14</Y>
      </Punkt>
      <Rzedna>77.41</Rzedna>
    </Pikieta>
    <Pikieta rysuj="true" numer="157.05" kodTerenu="K01">
      <X>463</X>
      <Y>271</Y>
      <Punkt>
        <X>667393.62</X>
        <Y>577206.04</Y>
      </Punkt>
      <Rzedna>77.04</Rzedna>
    </Pikieta>
    <Pikieta rysuj="true" numer="157.06" kodTerenu="K02">
      <X>463</X>
      <Y>298</Y>
      <Punkt>
        <X>667393.73</X>
        <Y>577207.66</Y>
      </Punkt>
      <Rzedna>76.94</Rzedna>
    </Pikieta>
    <Pikieta rysuj="true" numer="157.07" kodTerenu="K02">
      <X>463</X>
      <Y>325</Y>
      <Punkt>
        <X>667394.12</X>
        <Y>577209.95</Y>
      </Punkt>
      <Rzedna>77.01</Rzedna>
    </Pikieta>
    <Pikieta rysuj="true" numer="157.08" kodTerenu="K02">
      <X>463</X>
      <Y>352</Y>
      <Punkt>
        <X>667394.31</X>
        <Y>577212.07</Y>
      </Punkt>
      <Rzedna>77.17</Rzedna>
    </Pikieta>
    <Pikieta rysuj="true" numer="157.09" kodTerenu="K01">
      <X>463</X>
      <Y>379</Y>
      <Punkt>
        <X>667394.56</X>
        <Y>577213.76</Y>
      </Punkt>
      <Rzedna>77.53</Rzedna>
    </Pikieta>
    <Pikieta rysuj="true" numer="157.10" kodTerenu="K01">
      <X>463</X>
      <Y>406</Y>
      <Punkt>
        <X>667394.52</X>
        <Y>577214.19</Y>
      </Punkt>
      <Rzedna>78.03</Rzedna>
    </Pikieta>
    <Pikieta rysuj="true" numer="157.11" kodTerenu="T04">
      <X>463</X>
      <Y>433</Y>
      <Punkt>
        <X>667394.62</X>
        <Y>577218.83</Y>
      </Punkt>
      <Rzedna>80.12</Rzedna>
    </Pikieta>
    <Pikieta rysuj="true" numer="157.12" kodTerenu="T01">
      <X>463</X>
      <Y>460</Y>
      <Punkt>
        <X>667395.05</X>
        <Y>577227.24</Y>
      </Punkt>
      <Rzedna>79.94</Rzedna>
    </Pikieta>
  </Pikiety>
  <Fotografie>
    <Fotografia rysuj="true" numer="157" rotacja="290">
      <X>431</X>
      <Y>107</Y>
    </Fotografia>
  </Fotografie>
  <Skarpy>
    <Skarpa rysuj="true" startPikieta="2" endPikieta="3" brzeg="true" />
    <Skarpa rysuj="true" startPikieta="10" endPikieta="11" brzeg="true" />
  </Skarpy>
  <Drogi />
  <Zabudowy />
  <Teksty />
</SzkicPrzekroju>