<?xml version="1.0" encoding="utf-8"?>
<SzkicPrzekroju xmlns:xsi="http://www.w3.org/2001/XMLSchema-instance" xmlns:xsd="http://www.w3.org/2001/XMLSchema" nazwaCieku="Pasłęka" numerObiektu="158" numerPrzekroju="158" dataPomiaru="7.03.2012">
  <Koryto rysuj="true" startPikieta="3" endPikieta="9" />
  <Pikiety>
    <Pikieta rysuj="true" numer="158.01" kodTerenu="">
      <X>463</X>
      <Y>163</Y>
      <Punkt>
        <X>666953.22</X>
        <Y>576886.42</Y>
      </Punkt>
      <Rzedna>79.48</Rzedna>
    </Pikieta>
    <Pikieta rysuj="true" numer="158.02" kodTerenu="T02">
      <X>463</X>
      <Y>193</Y>
      <Punkt>
        <X>666949.02</X>
        <Y>576884.73</Y>
      </Punkt>
      <Rzedna>79.57</Rzedna>
    </Pikieta>
    <Pikieta rysuj="true" numer="158.03" kodTerenu="T02">
      <X>463</X>
      <Y>223</Y>
      <Punkt>
        <X>666947.6</X>
        <Y>576883.97</Y>
      </Punkt>
      <Rzedna>78.35</Rzedna>
    </Pikieta>
    <Pikieta rysuj="true" numer="158.04" kodTerenu="K01">
      <X>463</X>
      <Y>253</Y>
      <Punkt>
        <X>666945.64</X>
        <Y>576884.27</Y>
      </Punkt>
      <Rzedna>77.21</Rzedna>
    </Pikieta>
    <Pikieta rysuj="true" numer="158.05" kodTerenu="K01">
      <X>463</X>
      <Y>283</Y>
      <Punkt>
        <X>666942.34</X>
        <Y>576884.07</Y>
      </Punkt>
      <Rzedna>77.04</Rzedna>
    </Pikieta>
    <Pikieta rysuj="true" numer="158.06" kodTerenu="K02">
      <X>463</X>
      <Y>313</Y>
      <Punkt>
        <X>666940.08</X>
        <Y>576882.12</Y>
      </Punkt>
      <Rzedna>77.27</Rzedna>
    </Pikieta>
    <Pikieta rysuj="true" numer="158.07" kodTerenu="K02">
      <X>463</X>
      <Y>343</Y>
      <Punkt>
        <X>666937.15</X>
        <Y>576882.02</Y>
      </Punkt>
      <Rzedna>77.45</Rzedna>
    </Pikieta>
    <Pikieta rysuj="true" numer="158.08" kodTerenu="K01">
      <X>463</X>
      <Y>373</Y>
      <Punkt>
        <X>666935.37</X>
        <Y>576881.35</Y>
      </Punkt>
      <Rzedna>77.83</Rzedna>
    </Pikieta>
    <Pikieta rysuj="true" numer="158.09" kodTerenu="K01">
      <X>463</X>
      <Y>403</Y>
      <Punkt>
        <X>666934.7</X>
        <Y>576880.73</Y>
      </Punkt>
      <Rzedna>78.35</Rzedna>
    </Pikieta>
    <Pikieta rysuj="true" numer="158.10" kodTerenu="T02">
      <X>463</X>
      <Y>433</Y>
      <Punkt>
        <X>666933.97</X>
        <Y>576880.46</Y>
      </Punkt>
      <Rzedna>78.81</Rzedna>
    </Pikieta>
    <Pikieta rysuj="true" numer="158.11" kodTerenu="T02">
      <X>463</X>
      <Y>463</Y>
      <Punkt>
        <X>666928.13</X>
        <Y>576878.23</Y>
      </Punkt>
      <Rzedna>79.09</Rzedna>
    </Pikieta>
  </Pikiety>
  <Fotografie>
    <Fotografia rysuj="true" numer="158" rotacja="260">
      <X>524</X>
      <Y>81</Y>
    </Fotografia>
  </Fotografie>
  <Skarpy>
    <Skarpa rysuj="true" startPikieta="2" endPikieta="3" brzeg="true" />
    <Skarpa rysuj="true" startPikieta="9" endPikieta="10" brzeg="true" />
  </Skarpy>
  <Drogi />
  <Zabudowy />
  <Teksty />
</SzkicPrzekroju>