<?xml version="1.0" encoding="utf-8"?>
<SzkicPrzekroju xmlns:xsi="http://www.w3.org/2001/XMLSchema-instance" xmlns:xsd="http://www.w3.org/2001/XMLSchema" nazwaCieku="Pasłęka" numerObiektu="159" numerPrzekroju="159" dataPomiaru="7.03.2012">
  <Koryto rysuj="true" startPikieta="4" endPikieta="12" />
  <Pikiety>
    <Pikieta rysuj="true" numer="159.01" kodTerenu="">
      <X>463</X>
      <Y>163</Y>
      <Punkt>
        <X>666531.52</X>
        <Y>576094.95</Y>
      </Punkt>
      <Rzedna>79.82</Rzedna>
    </Pikieta>
    <Pikieta rysuj="true" numer="159.02" kodTerenu="T02">
      <X>463</X>
      <Y>183</Y>
      <Punkt>
        <X>666527.18</X>
        <Y>576097.24</Y>
      </Punkt>
      <Rzedna>80.19</Rzedna>
    </Pikieta>
    <Pikieta rysuj="true" numer="159.03" kodTerenu="T02">
      <X>463</X>
      <Y>203</Y>
      <Punkt>
        <X>666524.31</X>
        <Y>576098.52</Y>
      </Punkt>
      <Rzedna>79.99</Rzedna>
    </Pikieta>
    <Pikieta rysuj="true" numer="159.04" kodTerenu="T02">
      <X>463</X>
      <Y>223</Y>
      <Punkt>
        <X>666522.82</X>
        <Y>576099.02</Y>
      </Punkt>
      <Rzedna>78.83</Rzedna>
    </Pikieta>
    <Pikieta rysuj="true" numer="159.05" kodTerenu="K01">
      <X>463</X>
      <Y>243</Y>
      <Punkt>
        <X>666521.99</X>
        <Y>576099.34</Y>
      </Punkt>
      <Rzedna>78.25</Rzedna>
    </Pikieta>
    <Pikieta rysuj="true" numer="159.06" kodTerenu="K01">
      <X>463</X>
      <Y>263</Y>
      <Punkt>
        <X>666521.17</X>
        <Y>576099.55</Y>
      </Punkt>
      <Rzedna>77.59</Rzedna>
    </Pikieta>
    <Pikieta rysuj="true" numer="159.07" kodTerenu="K02">
      <X>463</X>
      <Y>283</Y>
      <Punkt>
        <X>666519.78</X>
        <Y>576100.46</Y>
      </Punkt>
      <Rzedna>77.6</Rzedna>
    </Pikieta>
    <Pikieta rysuj="true" numer="159.08" kodTerenu="K02">
      <X>463</X>
      <Y>303</Y>
      <Punkt>
        <X>666518.76</X>
        <Y>576101.32</Y>
      </Punkt>
      <Rzedna>77.59</Rzedna>
    </Pikieta>
    <Pikieta rysuj="true" numer="159.09" kodTerenu="K02">
      <X>463</X>
      <Y>323</Y>
      <Punkt>
        <X>666516.45</X>
        <Y>576101.64</Y>
      </Punkt>
      <Rzedna>77.63</Rzedna>
    </Pikieta>
    <Pikieta rysuj="true" numer="159.10" kodTerenu="K02">
      <X>463</X>
      <Y>343</Y>
      <Punkt>
        <X>666514.38</X>
        <Y>576102.42</Y>
      </Punkt>
      <Rzedna>77.7</Rzedna>
    </Pikieta>
    <Pikieta rysuj="true" numer="159.11" kodTerenu="K01">
      <X>463</X>
      <Y>363</Y>
      <Punkt>
        <X>666513.37</X>
        <Y>576103.15</Y>
      </Punkt>
      <Rzedna>78.2</Rzedna>
    </Pikieta>
    <Pikieta rysuj="true" numer="159.12" kodTerenu="K01">
      <X>463</X>
      <Y>383</Y>
      <Punkt>
        <X>666513.12</X>
        <Y>576103.27</Y>
      </Punkt>
      <Rzedna>78.83</Rzedna>
    </Pikieta>
    <Pikieta rysuj="true" numer="159.13" kodTerenu="T02">
      <X>463</X>
      <Y>403</Y>
      <Punkt>
        <X>666512.93</X>
        <Y>576103.45</Y>
      </Punkt>
      <Rzedna>79.03</Rzedna>
    </Pikieta>
    <Pikieta rysuj="true" numer="159.14" kodTerenu="T02">
      <X>463</X>
      <Y>423</Y>
      <Punkt>
        <X>666509.1</X>
        <Y>576106.6</Y>
      </Punkt>
      <Rzedna>78.87</Rzedna>
    </Pikieta>
    <Pikieta rysuj="true" numer="159.15" kodTerenu="T02">
      <X>463</X>
      <Y>443</Y>
      <Punkt>
        <X>666500.92</X>
        <Y>576112.08</Y>
      </Punkt>
      <Rzedna>81.87</Rzedna>
    </Pikieta>
    <Pikieta rysuj="true" numer="159.16" kodTerenu="T03">
      <X>463</X>
      <Y>463</Y>
      <Punkt>
        <X>666495.71</X>
        <Y>576115.8</Y>
      </Punkt>
      <Rzedna>82.4</Rzedna>
    </Pikieta>
  </Pikiety>
  <Fotografie>
    <Fotografia rysuj="true" numer="159" rotacja="90">
      <X>511</X>
      <Y>501</Y>
    </Fotografia>
  </Fotografie>
  <Skarpy>
    <Skarpa rysuj="true" startPikieta="3" endPikieta="4" brzeg="true" />
    <Skarpa rysuj="true" startPikieta="12" endPikieta="13" brzeg="true" />
    <Skarpa rysuj="true" startPikieta="14" endPikieta="15" brzeg="false" />
  </Skarpy>
  <Drogi />
  <Zabudowy />
  <Teksty />
</SzkicPrzekroju>