<?xml version="1.0" encoding="utf-8"?>
<SzkicPrzekroju xmlns:xsi="http://www.w3.org/2001/XMLSchema-instance" xmlns:xsd="http://www.w3.org/2001/XMLSchema" nazwaCieku="Pasłęka" numerObiektu="160" numerPrzekroju="160" dataPomiaru="7.03.2012">
  <Koryto rysuj="true" startPikieta="4" endPikieta="13" />
  <Pikiety>
    <Pikieta rysuj="true" numer="160.01" kodTerenu="">
      <X>463</X>
      <Y>163</Y>
      <Punkt>
        <X>666400.16</X>
        <Y>575318.3</Y>
      </Punkt>
      <Rzedna>80.24</Rzedna>
    </Pikieta>
    <Pikieta rysuj="true" numer="160.02" kodTerenu="T02">
      <X>463</X>
      <Y>184</Y>
      <Punkt>
        <X>666395.61</X>
        <Y>575319.76</Y>
      </Punkt>
      <Rzedna>80.19</Rzedna>
    </Pikieta>
    <Pikieta rysuj="true" numer="160.03" kodTerenu="T02">
      <X>463</X>
      <Y>205</Y>
      <Punkt>
        <X>666392.58</X>
        <Y>575320.59</Y>
      </Punkt>
      <Rzedna>79.79</Rzedna>
    </Pikieta>
    <Pikieta rysuj="true" numer="160.04" kodTerenu="T01">
      <X>463</X>
      <Y>226</Y>
      <Punkt>
        <X>666392.13</X>
        <Y>575320.52</Y>
      </Punkt>
      <Rzedna>79.2</Rzedna>
    </Pikieta>
    <Pikieta rysuj="true" numer="160.05" kodTerenu="K02">
      <X>463</X>
      <Y>247</Y>
      <Punkt>
        <X>666391.64</X>
        <Y>575320.68</Y>
      </Punkt>
      <Rzedna>78.76</Rzedna>
    </Pikieta>
    <Pikieta rysuj="true" numer="160.06" kodTerenu="K02">
      <X>463</X>
      <Y>268</Y>
      <Punkt>
        <X>666390.15</X>
        <Y>575320.87</Y>
      </Punkt>
      <Rzedna>78.6</Rzedna>
    </Pikieta>
    <Pikieta rysuj="true" numer="160.07" kodTerenu="K02">
      <X>463</X>
      <Y>289</Y>
      <Punkt>
        <X>666388.63</X>
        <Y>575321.27</Y>
      </Punkt>
      <Rzedna>78.13</Rzedna>
    </Pikieta>
    <Pikieta rysuj="true" numer="160.08" kodTerenu="K02">
      <X>463</X>
      <Y>310</Y>
      <Punkt>
        <X>666387.43</X>
        <Y>575322.11</Y>
      </Punkt>
      <Rzedna>78.11</Rzedna>
    </Pikieta>
    <Pikieta rysuj="true" numer="160.09" kodTerenu="K02">
      <X>463</X>
      <Y>331</Y>
      <Punkt>
        <X>666386.2</X>
        <Y>575322.57</Y>
      </Punkt>
      <Rzedna>78.01</Rzedna>
    </Pikieta>
    <Pikieta rysuj="true" numer="160.10" kodTerenu="K02">
      <X>463</X>
      <Y>352</Y>
      <Punkt>
        <X>666384.43</X>
        <Y>575322.55</Y>
      </Punkt>
      <Rzedna>78.16</Rzedna>
    </Pikieta>
    <Pikieta rysuj="true" numer="160.11" kodTerenu="K02">
      <X>463</X>
      <Y>373</Y>
      <Punkt>
        <X>666382.71</X>
        <Y>575322.89</Y>
      </Punkt>
      <Rzedna>78.31</Rzedna>
    </Pikieta>
    <Pikieta rysuj="true" numer="160.12" kodTerenu="K02">
      <X>463</X>
      <Y>394</Y>
      <Punkt>
        <X>666381.76</X>
        <Y>575323.29</Y>
      </Punkt>
      <Rzedna>78.73</Rzedna>
    </Pikieta>
    <Pikieta rysuj="true" numer="160.13" kodTerenu="K02">
      <X>463</X>
      <Y>415</Y>
      <Punkt>
        <X>666381.33</X>
        <Y>575323.52</Y>
      </Punkt>
      <Rzedna>79.2</Rzedna>
    </Pikieta>
    <Pikieta rysuj="true" numer="160.14" kodTerenu="T01">
      <X>463</X>
      <Y>436</Y>
      <Punkt>
        <X>666380.99</X>
        <Y>575323.56</Y>
      </Punkt>
      <Rzedna>79.95</Rzedna>
    </Pikieta>
    <Pikieta rysuj="true" numer="160.15" kodTerenu="T02">
      <X>463</X>
      <Y>457</Y>
      <Punkt>
        <X>666373.89</X>
        <Y>575325.65</Y>
      </Punkt>
      <Rzedna>80.19</Rzedna>
    </Pikieta>
  </Pikiety>
  <Fotografie>
    <Fotografia rysuj="true" numer="160" rotacja="260">
      <X>507</X>
      <Y>83</Y>
    </Fotografia>
  </Fotografie>
  <Skarpy>
    <Skarpa rysuj="true" startPikieta="3" endPikieta="4" brzeg="true" />
    <Skarpa rysuj="true" startPikieta="13" endPikieta="14" brzeg="true" />
  </Skarpy>
  <Drogi />
  <Zabudowy />
  <Teksty />
</SzkicPrzekroju>