<?xml version="1.0" encoding="utf-8"?>
<SzkicPrzekroju xmlns:xsi="http://www.w3.org/2001/XMLSchema-instance" xmlns:xsd="http://www.w3.org/2001/XMLSchema" nazwaCieku="Pasłęka" numerObiektu="161" numerPrzekroju="161" dataPomiaru="7.03.2012">
  <Koryto rysuj="true" startPikieta="4" endPikieta="12" />
  <Pikiety>
    <Pikieta rysuj="true" numer="161.01" kodTerenu="">
      <X>463</X>
      <Y>163</Y>
      <Punkt>
        <X>666106.7</X>
        <Y>574774.05</Y>
      </Punkt>
      <Rzedna>80.71</Rzedna>
    </Pikieta>
    <Pikieta rysuj="true" numer="161.02" kodTerenu="T01">
      <X>463</X>
      <Y>186</Y>
      <Punkt>
        <X>666105.16</X>
        <Y>574780.97</Y>
      </Punkt>
      <Rzedna>80.68</Rzedna>
    </Pikieta>
    <Pikieta rysuj="true" numer="161.03" kodTerenu="T01">
      <X>463</X>
      <Y>209</Y>
      <Punkt>
        <X>666104.54</X>
        <Y>574783.78</Y>
      </Punkt>
      <Rzedna>80.21</Rzedna>
    </Pikieta>
    <Pikieta rysuj="true" numer="161.04" kodTerenu="T01">
      <X>463</X>
      <Y>232</Y>
      <Punkt>
        <X>666104.35</X>
        <Y>574784.42</Y>
      </Punkt>
      <Rzedna>79.46</Rzedna>
    </Pikieta>
    <Pikieta rysuj="true" numer="161.05" kodTerenu="K02">
      <X>463</X>
      <Y>255</Y>
      <Punkt>
        <X>666104.17</X>
        <Y>574784.88</Y>
      </Punkt>
      <Rzedna>78.89</Rzedna>
    </Pikieta>
    <Pikieta rysuj="true" numer="161.06" kodTerenu="K02">
      <X>463</X>
      <Y>278</Y>
      <Punkt>
        <X>666103.72</X>
        <Y>574786.31</Y>
      </Punkt>
      <Rzedna>78.52</Rzedna>
    </Pikieta>
    <Pikieta rysuj="true" numer="161.07" kodTerenu="K02">
      <X>463</X>
      <Y>301</Y>
      <Punkt>
        <X>666103.09</X>
        <Y>574788.39</Y>
      </Punkt>
      <Rzedna>78.45</Rzedna>
    </Pikieta>
    <Pikieta rysuj="true" numer="161.08" kodTerenu="K02">
      <X>463</X>
      <Y>324</Y>
      <Punkt>
        <X>666102.79</X>
        <Y>574789.78</Y>
      </Punkt>
      <Rzedna>78.39</Rzedna>
    </Pikieta>
    <Pikieta rysuj="true" numer="161.09" kodTerenu="K02">
      <X>463</X>
      <Y>347</Y>
      <Punkt>
        <X>666102.19</X>
        <Y>574791.89</Y>
      </Punkt>
      <Rzedna>78.48</Rzedna>
    </Pikieta>
    <Pikieta rysuj="true" numer="161.10" kodTerenu="K02">
      <X>463</X>
      <Y>370</Y>
      <Punkt>
        <X>666101.6</X>
        <Y>574794.32</Y>
      </Punkt>
      <Rzedna>78.42</Rzedna>
    </Pikieta>
    <Pikieta rysuj="true" numer="161.11" kodTerenu="K02">
      <X>463</X>
      <Y>393</Y>
      <Punkt>
        <X>666101.19</X>
        <Y>574796.23</Y>
      </Punkt>
      <Rzedna>78.93</Rzedna>
    </Pikieta>
    <Pikieta rysuj="true" numer="161.12" kodTerenu="K02">
      <X>463</X>
      <Y>416</Y>
      <Punkt>
        <X>666101.03</X>
        <Y>574796.48</Y>
      </Punkt>
      <Rzedna>79.46</Rzedna>
    </Pikieta>
    <Pikieta rysuj="true" numer="161.13" kodTerenu="T01">
      <X>463</X>
      <Y>439</Y>
      <Punkt>
        <X>666100.8</X>
        <Y>574797.71</Y>
      </Punkt>
      <Rzedna>80.65</Rzedna>
    </Pikieta>
    <Pikieta rysuj="true" numer="161.14" kodTerenu="T01">
      <X>463</X>
      <Y>462</Y>
      <Punkt>
        <X>666098.89</X>
        <Y>574803.69</Y>
      </Punkt>
      <Rzedna>80.68</Rzedna>
    </Pikieta>
  </Pikiety>
  <Fotografie>
    <Fotografia rysuj="true" numer="161" rotacja="270">
      <X>494</X>
      <Y>96</Y>
    </Fotografia>
  </Fotografie>
  <Skarpy>
    <Skarpa rysuj="true" startPikieta="3" endPikieta="4" brzeg="true" />
    <Skarpa rysuj="true" startPikieta="12" endPikieta="13" brzeg="true" />
  </Skarpy>
  <Drogi />
  <Zabudowy />
  <Teksty />
</SzkicPrzekroju>