<?xml version="1.0" encoding="utf-8"?>
<SzkicPrzekroju xmlns:xsi="http://www.w3.org/2001/XMLSchema-instance" xmlns:xsd="http://www.w3.org/2001/XMLSchema" nazwaCieku="Pasłęka" numerObiektu="162" numerPrzekroju="162" dataPomiaru="7.03.2012">
  <Koryto rysuj="true" startPikieta="4" endPikieta="11" />
  <Pikiety>
    <Pikieta rysuj="true" numer="162.01" kodTerenu="">
      <X>463</X>
      <Y>163</Y>
      <Punkt>
        <X>665824.39</X>
        <Y>574420.11</Y>
      </Punkt>
      <Rzedna>80.47</Rzedna>
    </Pikieta>
    <Pikieta rysuj="true" numer="162.02" kodTerenu="T01">
      <X>463</X>
      <Y>186</Y>
      <Punkt>
        <X>665818.06</X>
        <Y>574421.8</Y>
      </Punkt>
      <Rzedna>80.58</Rzedna>
    </Pikieta>
    <Pikieta rysuj="true" numer="162.03" kodTerenu="T01">
      <X>463</X>
      <Y>209</Y>
      <Punkt>
        <X>665813.99</X>
        <Y>574422.66</Y>
      </Punkt>
      <Rzedna>80.43</Rzedna>
    </Pikieta>
    <Pikieta rysuj="true" numer="162.04" kodTerenu="T01">
      <X>463</X>
      <Y>232</Y>
      <Punkt>
        <X>665813.04</X>
        <Y>574423.21</Y>
      </Punkt>
      <Rzedna>79.63</Rzedna>
    </Pikieta>
    <Pikieta rysuj="true" numer="162.05" kodTerenu="K02">
      <X>463</X>
      <Y>255</Y>
      <Punkt>
        <X>665812.19</X>
        <Y>574423.13</Y>
      </Punkt>
      <Rzedna>78.78</Rzedna>
    </Pikieta>
    <Pikieta rysuj="true" numer="162.06" kodTerenu="K02">
      <X>463</X>
      <Y>278</Y>
      <Punkt>
        <X>665810.42</X>
        <Y>574423.23</Y>
      </Punkt>
      <Rzedna>78.57</Rzedna>
    </Pikieta>
    <Pikieta rysuj="true" numer="162.07" kodTerenu="K02">
      <X>463</X>
      <Y>301</Y>
      <Punkt>
        <X>665806.94</X>
        <Y>574423.44</Y>
      </Punkt>
      <Rzedna>78.62</Rzedna>
    </Pikieta>
    <Pikieta rysuj="true" numer="162.08" kodTerenu="K02">
      <X>463</X>
      <Y>324</Y>
      <Punkt>
        <X>665804.5</X>
        <Y>574423.85</Y>
      </Punkt>
      <Rzedna>78.73</Rzedna>
    </Pikieta>
    <Pikieta rysuj="true" numer="162.09" kodTerenu="K02">
      <X>463</X>
      <Y>347</Y>
      <Punkt>
        <X>665801.49</X>
        <Y>574424.49</Y>
      </Punkt>
      <Rzedna>78.71</Rzedna>
    </Pikieta>
    <Pikieta rysuj="true" numer="162.10" kodTerenu="K02">
      <X>463</X>
      <Y>370</Y>
      <Punkt>
        <X>665800.8</X>
        <Y>574424.61</Y>
      </Punkt>
      <Rzedna>78.92</Rzedna>
    </Pikieta>
    <Pikieta rysuj="true" numer="162.11" kodTerenu="K02">
      <X>463</X>
      <Y>393</Y>
      <Punkt>
        <X>665800.65</X>
        <Y>574424.75</Y>
      </Punkt>
      <Rzedna>79.63</Rzedna>
    </Pikieta>
    <Pikieta rysuj="true" numer="162.12" kodTerenu="T02">
      <X>463</X>
      <Y>416</Y>
      <Punkt>
        <X>665799.06</X>
        <Y>574425.03</Y>
      </Punkt>
      <Rzedna>80.32</Rzedna>
    </Pikieta>
    <Pikieta rysuj="true" numer="162.13" kodTerenu="T02">
      <X>463</X>
      <Y>439</Y>
      <Punkt>
        <X>665796.34</X>
        <Y>574425.69</Y>
      </Punkt>
      <Rzedna>80.63</Rzedna>
    </Pikieta>
    <Pikieta rysuj="true" numer="162.14" kodTerenu="T02">
      <X>463</X>
      <Y>462</Y>
      <Punkt>
        <X>665791.34</X>
        <Y>574426.58</Y>
      </Punkt>
      <Rzedna>80.81</Rzedna>
    </Pikieta>
  </Pikiety>
  <Fotografie>
    <Fotografia rysuj="true" numer="162" rotacja="270">
      <X>496</X>
      <Y>100</Y>
    </Fotografia>
  </Fotografie>
  <Skarpy>
    <Skarpa rysuj="true" startPikieta="3" endPikieta="4" brzeg="true" />
    <Skarpa rysuj="true" startPikieta="11" endPikieta="12" brzeg="true" />
  </Skarpy>
  <Drogi />
  <Zabudowy />
  <Teksty />
</SzkicPrzekroju>