<?xml version="1.0" encoding="utf-8"?>
<SzkicPrzekroju xmlns:xsi="http://www.w3.org/2001/XMLSchema-instance" xmlns:xsd="http://www.w3.org/2001/XMLSchema" nazwaCieku="Pasłęka" numerObiektu="56" numerPrzekroju="163" dataPomiaru="6.03.2012">
  <Koryto rysuj="true" startPikieta="4" endPikieta="10" />
  <Pikiety>
    <Pikieta rysuj="true" numer="163.01" kodTerenu="">
      <X>463</X>
      <Y>163</Y>
      <Punkt>
        <X>665537.8</X>
        <Y>574322.96</Y>
      </Punkt>
      <Rzedna>80.88</Rzedna>
    </Pikieta>
    <Pikieta rysuj="true" numer="163.02" kodTerenu="T02">
      <X>463</X>
      <Y>188</Y>
      <Punkt>
        <X>665536.83</X>
        <Y>574331.81</Y>
      </Punkt>
      <Rzedna>80.83</Rzedna>
    </Pikieta>
    <Pikieta rysuj="true" numer="163.03" kodTerenu="T02">
      <X>463</X>
      <Y>213</Y>
      <Punkt>
        <X>665536.23</X>
        <Y>574335.92</Y>
      </Punkt>
      <Rzedna>80.33</Rzedna>
    </Pikieta>
    <Pikieta rysuj="true" numer="163.04" kodTerenu="T02">
      <X>463</X>
      <Y>238</Y>
      <Punkt>
        <X>665536.17</X>
        <Y>574336.19</Y>
      </Punkt>
      <Rzedna>79.79</Rzedna>
    </Pikieta>
    <Pikieta rysuj="true" numer="163.05" kodTerenu="K01">
      <X>463</X>
      <Y>263</Y>
      <Punkt>
        <X>665536.21</X>
        <Y>574336.89</Y>
      </Punkt>
      <Rzedna>79.37</Rzedna>
    </Pikieta>
    <Pikieta rysuj="true" numer="163.06" kodTerenu="K02">
      <X>463</X>
      <Y>288</Y>
      <Punkt>
        <X>665536.09</X>
        <Y>574339.2</Y>
      </Punkt>
      <Rzedna>78.93</Rzedna>
    </Pikieta>
    <Pikieta rysuj="true" numer="163.07" kodTerenu="K02">
      <X>463</X>
      <Y>313</Y>
      <Punkt>
        <X>665535.81</X>
        <Y>574342.24</Y>
      </Punkt>
      <Rzedna>78.89</Rzedna>
    </Pikieta>
    <Pikieta rysuj="true" numer="163.08" kodTerenu="K02">
      <X>463</X>
      <Y>338</Y>
      <Punkt>
        <X>665535.08</X>
        <Y>574345.47</Y>
      </Punkt>
      <Rzedna>78.75</Rzedna>
    </Pikieta>
    <Pikieta rysuj="true" numer="163.09" kodTerenu="K01">
      <X>463</X>
      <Y>363</Y>
      <Punkt>
        <X>665534.16</X>
        <Y>574347.79</Y>
      </Punkt>
      <Rzedna>78.96</Rzedna>
    </Pikieta>
    <Pikieta rysuj="true" numer="163.10" kodTerenu="K01">
      <X>463</X>
      <Y>388</Y>
      <Punkt>
        <X>665533.61</X>
        <Y>574350.07</Y>
      </Punkt>
      <Rzedna>79.79</Rzedna>
    </Pikieta>
    <Pikieta rysuj="true" numer="163.11" kodTerenu="T02">
      <X>463</X>
      <Y>413</Y>
      <Punkt>
        <X>665533.53</X>
        <Y>574350.51</Y>
      </Punkt>
      <Rzedna>80.28</Rzedna>
    </Pikieta>
    <Pikieta rysuj="true" numer="163.12" kodTerenu="T02">
      <X>463</X>
      <Y>438</Y>
      <Punkt>
        <X>665533</X>
        <Y>574355.07</Y>
      </Punkt>
      <Rzedna>80.86</Rzedna>
    </Pikieta>
    <Pikieta rysuj="true" numer="163.13" kodTerenu="T02">
      <X>463</X>
      <Y>463</Y>
      <Punkt>
        <X>665532.28</X>
        <Y>574360.64</Y>
      </Punkt>
      <Rzedna>81</Rzedna>
    </Pikieta>
  </Pikiety>
  <Fotografie>
    <Fotografia rysuj="true" numer="163" rotacja="90">
      <X>463</X>
      <Y>493</Y>
    </Fotografia>
  </Fotografie>
  <Skarpy>
    <Skarpa rysuj="true" startPikieta="3" endPikieta="4" brzeg="true" />
    <Skarpa rysuj="true" startPikieta="10" endPikieta="11" brzeg="true" />
  </Skarpy>
  <Drogi />
  <Zabudowy />
  <Teksty />
</SzkicPrzekroju>