<?xml version="1.0" encoding="utf-8"?>
<SzkicPrzekroju xmlns:xsi="http://www.w3.org/2001/XMLSchema-instance" xmlns:xsd="http://www.w3.org/2001/XMLSchema" nazwaCieku="Pasłęka" numerObiektu="56" numerPrzekroju="164" dataPomiaru="6.03.2012">
  <Koryto rysuj="true" startPikieta="3" endPikieta="10" />
  <Pikiety>
    <Pikieta rysuj="true" numer="164.01" kodTerenu="">
      <X>463</X>
      <Y>163</Y>
      <Punkt>
        <X>665285.92</X>
        <Y>574159.55</Y>
      </Punkt>
      <Rzedna>80.98</Rzedna>
    </Pikieta>
    <Pikieta rysuj="true" numer="164.02" kodTerenu="T02">
      <X>463</X>
      <Y>188</Y>
      <Punkt>
        <X>665285.44</X>
        <Y>574168.67</Y>
      </Punkt>
      <Rzedna>80.54</Rzedna>
    </Pikieta>
    <Pikieta rysuj="true" numer="164.03" kodTerenu="T01">
      <X>463</X>
      <Y>213</Y>
      <Punkt>
        <X>665285.42</X>
        <Y>574169.35</Y>
      </Punkt>
      <Rzedna>79.82</Rzedna>
    </Pikieta>
    <Pikieta rysuj="true" numer="164.04" kodTerenu="K04">
      <X>463</X>
      <Y>238</Y>
      <Punkt>
        <X>665286.13</X>
        <Y>574171.04</Y>
      </Punkt>
      <Rzedna>78.76</Rzedna>
    </Pikieta>
    <Pikieta rysuj="true" numer="164.05" kodTerenu="K02">
      <X>463</X>
      <Y>263</Y>
      <Punkt>
        <X>665286.16</X>
        <Y>574173.04</Y>
      </Punkt>
      <Rzedna>78.55</Rzedna>
    </Pikieta>
    <Pikieta rysuj="true" numer="164.06" kodTerenu="K02">
      <X>463</X>
      <Y>288</Y>
      <Punkt>
        <X>665287.07</X>
        <Y>574175.3</Y>
      </Punkt>
      <Rzedna>78.57</Rzedna>
    </Pikieta>
    <Pikieta rysuj="true" numer="164.07" kodTerenu="K02">
      <X>463</X>
      <Y>313</Y>
      <Punkt>
        <X>665286.95</X>
        <Y>574176.61</Y>
      </Punkt>
      <Rzedna>78.85</Rzedna>
    </Pikieta>
    <Pikieta rysuj="true" numer="164.08" kodTerenu="K02">
      <X>463</X>
      <Y>338</Y>
      <Punkt>
        <X>665286.66</X>
        <Y>574178.35</Y>
      </Punkt>
      <Rzedna>79.09</Rzedna>
    </Pikieta>
    <Pikieta rysuj="true" numer="164.09" kodTerenu="K02">
      <X>463</X>
      <Y>363</Y>
      <Punkt>
        <X>665286.78</X>
        <Y>574179.78</Y>
      </Punkt>
      <Rzedna>79.44</Rzedna>
    </Pikieta>
    <Pikieta rysuj="true" numer="164.10" kodTerenu="K02">
      <X>463</X>
      <Y>388</Y>
      <Punkt>
        <X>665286.93</X>
        <Y>574180.28</Y>
      </Punkt>
      <Rzedna>79.82</Rzedna>
    </Pikieta>
    <Pikieta rysuj="true" numer="164.11" kodTerenu="T01">
      <X>463</X>
      <Y>413</Y>
      <Punkt>
        <X>665286.93</X>
        <Y>574182.5</Y>
      </Punkt>
      <Rzedna>80.84</Rzedna>
    </Pikieta>
    <Pikieta rysuj="true" numer="164.12" kodTerenu="T01">
      <X>463</X>
      <Y>438</Y>
      <Punkt>
        <X>665286.75</X>
        <Y>574184.97</Y>
      </Punkt>
      <Rzedna>81.25</Rzedna>
    </Pikieta>
    <Pikieta rysuj="true" numer="164.13" kodTerenu="T01">
      <X>463</X>
      <Y>463</Y>
      <Punkt>
        <X>665286.48</X>
        <Y>574191.01</Y>
      </Punkt>
      <Rzedna>81.57</Rzedna>
    </Pikieta>
  </Pikiety>
  <Fotografie>
    <Fotografia rysuj="true" numer="164" rotacja="110">
      <X>535</X>
      <Y>513</Y>
    </Fotografia>
  </Fotografie>
  <Skarpy>
    <Skarpa rysuj="true" startPikieta="2" endPikieta="3" brzeg="true" />
    <Skarpa rysuj="true" startPikieta="10" endPikieta="11" brzeg="true" />
  </Skarpy>
  <Drogi />
  <Zabudowy />
  <Teksty />
</SzkicPrzekroju>