<?xml version="1.0" encoding="utf-8"?>
<SzkicPrzekroju xmlns:xsi="http://www.w3.org/2001/XMLSchema-instance" xmlns:xsd="http://www.w3.org/2001/XMLSchema" nazwaCieku="Pasłęka" numerObiektu="56" numerPrzekroju="165" dataPomiaru="6.03.2012">
  <Koryto rysuj="true" startPikieta="3" endPikieta="9" />
  <Pikiety>
    <Pikieta rysuj="true" numer="165.01" kodTerenu="">
      <X>463</X>
      <Y>163</Y>
      <Punkt>
        <X>664921.71</X>
        <Y>574118.62</Y>
      </Punkt>
      <Rzedna>81.73</Rzedna>
    </Pikieta>
    <Pikieta rysuj="true" numer="165.02" kodTerenu="T02">
      <X>463</X>
      <Y>190</Y>
      <Punkt>
        <X>664921.69</X>
        <Y>574128.18</Y>
      </Punkt>
      <Rzedna>81.25</Rzedna>
    </Pikieta>
    <Pikieta rysuj="true" numer="165.03" kodTerenu="T02">
      <X>463</X>
      <Y>217</Y>
      <Punkt>
        <X>664921.63</X>
        <Y>574130.4</Y>
      </Punkt>
      <Rzedna>80.16</Rzedna>
    </Pikieta>
    <Pikieta rysuj="true" numer="165.04" kodTerenu="K01">
      <X>463</X>
      <Y>244</Y>
      <Punkt>
        <X>664921.74</X>
        <Y>574130.98</Y>
      </Punkt>
      <Rzedna>79.29</Rzedna>
    </Pikieta>
    <Pikieta rysuj="true" numer="165.05" kodTerenu="K02">
      <X>463</X>
      <Y>271</Y>
      <Punkt>
        <X>664921.81</X>
        <Y>574133.12</Y>
      </Punkt>
      <Rzedna>79.18</Rzedna>
    </Pikieta>
    <Pikieta rysuj="true" numer="165.06" kodTerenu="K02">
      <X>463</X>
      <Y>298</Y>
      <Punkt>
        <X>664922.06</X>
        <Y>574135.16</Y>
      </Punkt>
      <Rzedna>79.06</Rzedna>
    </Pikieta>
    <Pikieta rysuj="true" numer="165.07" kodTerenu="K02">
      <X>463</X>
      <Y>325</Y>
      <Punkt>
        <X>664921.98</X>
        <Y>574137.99</Y>
      </Punkt>
      <Rzedna>79.09</Rzedna>
    </Pikieta>
    <Pikieta rysuj="true" numer="165.08" kodTerenu="K01">
      <X>463</X>
      <Y>352</Y>
      <Punkt>
        <X>664922</X>
        <Y>574140.56</Y>
      </Punkt>
      <Rzedna>79.32</Rzedna>
    </Pikieta>
    <Pikieta rysuj="true" numer="165.09" kodTerenu="K01">
      <X>463</X>
      <Y>379</Y>
      <Punkt>
        <X>664923.54</X>
        <Y>574141.81</Y>
      </Punkt>
      <Rzedna>80.16</Rzedna>
    </Pikieta>
    <Pikieta rysuj="true" numer="165.10" kodTerenu="T02">
      <X>463</X>
      <Y>406</Y>
      <Punkt>
        <X>664923.54</X>
        <Y>574143.48</Y>
      </Punkt>
      <Rzedna>80.58</Rzedna>
    </Pikieta>
    <Pikieta rysuj="true" numer="165.11" kodTerenu="T02">
      <X>463</X>
      <Y>433</Y>
      <Punkt>
        <X>664923.75</X>
        <Y>574147.14</Y>
      </Punkt>
      <Rzedna>81.56</Rzedna>
    </Pikieta>
    <Pikieta rysuj="true" numer="165.12" kodTerenu="T02">
      <X>463</X>
      <Y>460</Y>
      <Punkt>
        <X>664923.78</X>
        <Y>574153.34</Y>
      </Punkt>
      <Rzedna>81.66</Rzedna>
    </Pikieta>
  </Pikiety>
  <Fotografie>
    <Fotografia rysuj="true" numer="165" rotacja="90">
      <X>463</X>
      <Y>493</Y>
    </Fotografia>
  </Fotografie>
  <Skarpy>
    <Skarpa rysuj="true" startPikieta="2" endPikieta="3" brzeg="true" />
    <Skarpa rysuj="true" startPikieta="9" endPikieta="10" brzeg="true" />
  </Skarpy>
  <Drogi />
  <Zabudowy />
  <Teksty />
</SzkicPrzekroju>