<?xml version="1.0" encoding="utf-8"?>
<SzkicPrzekroju xmlns:xsi="http://www.w3.org/2001/XMLSchema-instance" xmlns:xsd="http://www.w3.org/2001/XMLSchema" nazwaCieku="Pasłęka" numerObiektu="56" numerPrzekroju="166" dataPomiaru="6.03.2012">
  <Koryto rysuj="true" startPikieta="3" endPikieta="10" />
  <Pikiety>
    <Pikieta rysuj="true" numer="166.01" kodTerenu="">
      <X>463</X>
      <Y>163</Y>
      <Punkt>
        <X>664403.13</X>
        <Y>573830.44</Y>
      </Punkt>
      <Rzedna>81.57</Rzedna>
    </Pikieta>
    <Pikieta rysuj="true" numer="166.02" kodTerenu="T01">
      <X>463</X>
      <Y>190</Y>
      <Punkt>
        <X>664396.6</X>
        <Y>573837.92</Y>
      </Punkt>
      <Rzedna>81.34</Rzedna>
    </Pikieta>
    <Pikieta rysuj="true" numer="166.03" kodTerenu="T01">
      <X>463</X>
      <Y>217</Y>
      <Punkt>
        <X>664395.52</X>
        <Y>573838.69</Y>
      </Punkt>
      <Rzedna>80.44</Rzedna>
    </Pikieta>
    <Pikieta rysuj="true" numer="166.04" kodTerenu="K01">
      <X>463</X>
      <Y>244</Y>
      <Punkt>
        <X>664395.2</X>
        <Y>573839.22</Y>
      </Punkt>
      <Rzedna>79.54</Rzedna>
    </Pikieta>
    <Pikieta rysuj="true" numer="166.05" kodTerenu="K02">
      <X>463</X>
      <Y>271</Y>
      <Punkt>
        <X>664393.65</X>
        <Y>573840.18</Y>
      </Punkt>
      <Rzedna>79.32</Rzedna>
    </Pikieta>
    <Pikieta rysuj="true" numer="166.06" kodTerenu="K02">
      <X>463</X>
      <Y>298</Y>
      <Punkt>
        <X>664391.54</X>
        <Y>573840.91</Y>
      </Punkt>
      <Rzedna>79.37</Rzedna>
    </Pikieta>
    <Pikieta rysuj="true" numer="166.07" kodTerenu="K02">
      <X>463</X>
      <Y>325</Y>
      <Punkt>
        <X>664389.92</X>
        <Y>573842.18</Y>
      </Punkt>
      <Rzedna>79.36</Rzedna>
    </Pikieta>
    <Pikieta rysuj="true" numer="166.08" kodTerenu="K02">
      <X>463</X>
      <Y>352</Y>
      <Punkt>
        <X>664388.64</X>
        <Y>573843.16</Y>
      </Punkt>
      <Rzedna>79.43</Rzedna>
    </Pikieta>
    <Pikieta rysuj="true" numer="166.09" kodTerenu="K01">
      <X>463</X>
      <Y>379</Y>
      <Punkt>
        <X>664387.46</X>
        <Y>573844.12</Y>
      </Punkt>
      <Rzedna>79.34</Rzedna>
    </Pikieta>
    <Pikieta rysuj="true" numer="166.10" kodTerenu="K01">
      <X>463</X>
      <Y>406</Y>
      <Punkt>
        <X>664385.97</X>
        <Y>573845.07</Y>
      </Punkt>
      <Rzedna>80.44</Rzedna>
    </Pikieta>
    <Pikieta rysuj="true" numer="166.11" kodTerenu="T01">
      <X>463</X>
      <Y>433</Y>
      <Punkt>
        <X>664383.66</X>
        <Y>573847.13</Y>
      </Punkt>
      <Rzedna>81.86</Rzedna>
    </Pikieta>
    <Pikieta rysuj="true" numer="166.12" kodTerenu="T01">
      <X>463</X>
      <Y>460</Y>
      <Punkt>
        <X>664379.3</X>
        <Y>573852.5</Y>
      </Punkt>
      <Rzedna>81.95</Rzedna>
    </Pikieta>
  </Pikiety>
  <Fotografie>
    <Fotografia rysuj="true" numer="166" rotacja="260">
      <X>507</X>
      <Y>97</Y>
    </Fotografia>
  </Fotografie>
  <Skarpy>
    <Skarpa rysuj="true" startPikieta="2" endPikieta="3" brzeg="true" />
    <Skarpa rysuj="true" startPikieta="10" endPikieta="11" brzeg="true" />
  </Skarpy>
  <Drogi />
  <Zabudowy />
  <Teksty />
</SzkicPrzekroju>