<?xml version="1.0" encoding="utf-8"?>
<SzkicPrzekroju xmlns:xsi="http://www.w3.org/2001/XMLSchema-instance" xmlns:xsd="http://www.w3.org/2001/XMLSchema" nazwaCieku="Pasłęka" numerObiektu="167" numerPrzekroju="167" dataPomiaru="2.03.2012">
  <Koryto rysuj="true" startPikieta="3" endPikieta="13" />
  <Pikiety>
    <Pikieta rysuj="true" numer="167.01" kodTerenu="">
      <X>463</X>
      <Y>163</Y>
      <Punkt>
        <X>663478.36</X>
        <Y>574517.22</Y>
      </Punkt>
      <Rzedna>83.72</Rzedna>
    </Pikieta>
    <Pikieta rysuj="true" numer="167.02" kodTerenu="T05">
      <X>463</X>
      <Y>184</Y>
      <Punkt>
        <X>663481.64</X>
        <Y>574522.36</Y>
      </Punkt>
      <Rzedna>83.15</Rzedna>
    </Pikieta>
    <Pikieta rysuj="true" numer="167.03" kodTerenu="T05">
      <X>463</X>
      <Y>205</Y>
      <Punkt>
        <X>663481.85</X>
        <Y>574522.86</Y>
      </Punkt>
      <Rzedna>82.71</Rzedna>
    </Pikieta>
    <Pikieta rysuj="true" numer="167.04" kodTerenu="K02">
      <X>463</X>
      <Y>226</Y>
      <Punkt>
        <X>663482.17</X>
        <Y>574523.33</Y>
      </Punkt>
      <Rzedna>82.3</Rzedna>
    </Pikieta>
    <Pikieta rysuj="true" numer="167.05" kodTerenu="K02">
      <X>463</X>
      <Y>247</Y>
      <Punkt>
        <X>663483.82</X>
        <Y>574524.53</Y>
      </Punkt>
      <Rzedna>82.29</Rzedna>
    </Pikieta>
    <Pikieta rysuj="true" numer="167.06" kodTerenu="K03">
      <X>463</X>
      <Y>268</Y>
      <Punkt>
        <X>663485.04</X>
        <Y>574525.96</Y>
      </Punkt>
      <Rzedna>82.24</Rzedna>
    </Pikieta>
    <Pikieta rysuj="true" numer="167.07" kodTerenu="K03">
      <X>463</X>
      <Y>289</Y>
      <Punkt>
        <X>663485.83</X>
        <Y>574526.92</Y>
      </Punkt>
      <Rzedna>82.19</Rzedna>
    </Pikieta>
    <Pikieta rysuj="true" numer="167.08" kodTerenu="K03">
      <X>463</X>
      <Y>310</Y>
      <Punkt>
        <X>663486.84</X>
        <Y>574528.04</Y>
      </Punkt>
      <Rzedna>81.98</Rzedna>
    </Pikieta>
    <Pikieta rysuj="true" numer="167.09" kodTerenu="K03">
      <X>463</X>
      <Y>331</Y>
      <Punkt>
        <X>663487.63</X>
        <Y>574529.18</Y>
      </Punkt>
      <Rzedna>81.93</Rzedna>
    </Pikieta>
    <Pikieta rysuj="true" numer="167.01" kodTerenu="K03">
      <X>463</X>
      <Y>352</Y>
      <Punkt>
        <X>663488.43</X>
        <Y>574530.48</Y>
      </Punkt>
      <Rzedna>82.05</Rzedna>
    </Pikieta>
    <Pikieta rysuj="true" numer="167.11" kodTerenu="K03">
      <X>463</X>
      <Y>373</Y>
      <Punkt>
        <X>663489.39</X>
        <Y>574531.65</Y>
      </Punkt>
      <Rzedna>82.16</Rzedna>
    </Pikieta>
    <Pikieta rysuj="true" numer="167.12" kodTerenu="K03">
      <X>463</X>
      <Y>394</Y>
      <Punkt>
        <X>663490.16</X>
        <Y>574532.88</Y>
      </Punkt>
      <Rzedna>82.31</Rzedna>
    </Pikieta>
    <Pikieta rysuj="true" numer="167.13" kodTerenu="K02">
      <X>463</X>
      <Y>415</Y>
      <Punkt>
        <X>663490.66</X>
        <Y>574533.43</Y>
      </Punkt>
      <Rzedna>82.71</Rzedna>
    </Pikieta>
    <Pikieta rysuj="true" numer="167.14" kodTerenu="T05">
      <X>463</X>
      <Y>436</Y>
      <Punkt>
        <X>663493.27</X>
        <Y>574536.75</Y>
      </Punkt>
      <Rzedna>85.22</Rzedna>
    </Pikieta>
    <Pikieta rysuj="true" numer="167.15" kodTerenu="T05">
      <X>463</X>
      <Y>457</Y>
      <Punkt>
        <X>663499.31</X>
        <Y>574543.33</Y>
      </Punkt>
      <Rzedna>85.51</Rzedna>
    </Pikieta>
  </Pikiety>
  <Fotografie>
    <Fotografia rysuj="true" numer="167" rotacja="90">
      <X>463</X>
      <Y>493</Y>
    </Fotografia>
  </Fotografie>
  <Skarpy>
    <Skarpa rysuj="true" startPikieta="2" endPikieta="3" brzeg="true" />
    <Skarpa rysuj="true" startPikieta="13" endPikieta="14" brzeg="true" />
  </Skarpy>
  <Drogi />
  <Zabudowy />
  <Teksty />
</SzkicPrzekroju>