<?xml version="1.0" encoding="utf-8"?>
<SzkicPrzekroju xmlns:xsi="http://www.w3.org/2001/XMLSchema-instance" xmlns:xsd="http://www.w3.org/2001/XMLSchema" nazwaCieku="Pasłęka" numerObiektu="56" numerPrzekroju="168" dataPomiaru="6.03.2012">
  <Koryto rysuj="true" startPikieta="3" endPikieta="11" />
  <Pikiety>
    <Pikieta rysuj="true" numer="168.01" kodTerenu="">
      <X>463</X>
      <Y>163</Y>
      <Punkt>
        <X>663024.39</X>
        <Y>574464.71</Y>
      </Punkt>
      <Rzedna>84.72</Rzedna>
    </Pikieta>
    <Pikieta rysuj="true" numer="168.02" kodTerenu="T04">
      <X>463</X>
      <Y>188</Y>
      <Punkt>
        <X>663012.2</X>
        <Y>574468.45</Y>
      </Punkt>
      <Rzedna>84.25</Rzedna>
    </Pikieta>
    <Pikieta rysuj="true" numer="168.03" kodTerenu="T04">
      <X>463</X>
      <Y>213</Y>
      <Punkt>
        <X>663011.49</X>
        <Y>574468.71</Y>
      </Punkt>
      <Rzedna>83.56</Rzedna>
    </Pikieta>
    <Pikieta rysuj="true" numer="168.04" kodTerenu="K02">
      <X>463</X>
      <Y>238</Y>
      <Punkt>
        <X>663009.47</X>
        <Y>574468.51</Y>
      </Punkt>
      <Rzedna>82.24</Rzedna>
    </Pikieta>
    <Pikieta rysuj="true" numer="168.05" kodTerenu="K02">
      <X>463</X>
      <Y>263</Y>
      <Punkt>
        <X>663008.44</X>
        <Y>574469.37</Y>
      </Punkt>
      <Rzedna>82.18</Rzedna>
    </Pikieta>
    <Pikieta rysuj="true" numer="168.06" kodTerenu="K02">
      <X>463</X>
      <Y>288</Y>
      <Punkt>
        <X>663006.94</X>
        <Y>574469.68</Y>
      </Punkt>
      <Rzedna>82.27</Rzedna>
    </Pikieta>
    <Pikieta rysuj="true" numer="168.07" kodTerenu="K02">
      <X>463</X>
      <Y>313</Y>
      <Punkt>
        <X>663005.54</X>
        <Y>574469.97</Y>
      </Punkt>
      <Rzedna>82.36</Rzedna>
    </Pikieta>
    <Pikieta rysuj="true" numer="168.08" kodTerenu="K02">
      <X>463</X>
      <Y>338</Y>
      <Punkt>
        <X>663004.48</X>
        <Y>574470.16</Y>
      </Punkt>
      <Rzedna>82.42</Rzedna>
    </Pikieta>
    <Pikieta rysuj="true" numer="168.09" kodTerenu="K02">
      <X>463</X>
      <Y>363</Y>
      <Punkt>
        <X>663001.87</X>
        <Y>574470.83</Y>
      </Punkt>
      <Rzedna>82.78</Rzedna>
    </Pikieta>
    <Pikieta rysuj="true" numer="168.10" kodTerenu="K02">
      <X>463</X>
      <Y>388</Y>
      <Punkt>
        <X>663000.83</X>
        <Y>574471.14</Y>
      </Punkt>
      <Rzedna>82.95</Rzedna>
    </Pikieta>
    <Pikieta rysuj="true" numer="168.11" kodTerenu="K02">
      <X>463</X>
      <Y>413</Y>
      <Punkt>
        <X>662998.75</X>
        <Y>574471.76</Y>
      </Punkt>
      <Rzedna>83.56</Rzedna>
    </Pikieta>
    <Pikieta rysuj="true" numer="168.12" kodTerenu="T04">
      <X>463</X>
      <Y>438</Y>
      <Punkt>
        <X>662993.75</X>
        <Y>574474.02</Y>
      </Punkt>
      <Rzedna>88.02</Rzedna>
    </Pikieta>
    <Pikieta rysuj="true" numer="168.13" kodTerenu="T05">
      <X>463</X>
      <Y>463</Y>
      <Punkt>
        <X>662989.78</X>
        <Y>574476.33</Y>
      </Punkt>
      <Rzedna>88.7</Rzedna>
    </Pikieta>
  </Pikiety>
  <Fotografie>
    <Fotografia rysuj="true" numer="168" rotacja="70">
      <X>409</X>
      <Y>506</Y>
    </Fotografia>
  </Fotografie>
  <Skarpy>
    <Skarpa rysuj="true" startPikieta="2" endPikieta="3" brzeg="true" />
    <Skarpa rysuj="true" startPikieta="11" endPikieta="12" brzeg="true" />
  </Skarpy>
  <Drogi />
  <Zabudowy />
  <Teksty />
</SzkicPrzekroju>