<?xml version="1.0" encoding="utf-8"?>
<SzkicPrzekroju xmlns:xsi="http://www.w3.org/2001/XMLSchema-instance" xmlns:xsd="http://www.w3.org/2001/XMLSchema" nazwaCieku="Pasłęka" numerObiektu="56" numerPrzekroju="169" dataPomiaru="5.03.2012">
  <Koryto rysuj="true" startPikieta="3" endPikieta="9" />
  <Pikiety>
    <Pikieta rysuj="true" numer="169.01" kodTerenu="">
      <X>463</X>
      <Y>163</Y>
      <Punkt>
        <X>662431.16</X>
        <Y>574741.34</Y>
      </Punkt>
      <Rzedna>85.47</Rzedna>
    </Pikieta>
    <Pikieta rysuj="true" numer="169.02" kodTerenu="T01">
      <X>463</X>
      <Y>186</Y>
      <Punkt>
        <X>662432.59</X>
        <Y>574745.07</Y>
      </Punkt>
      <Rzedna>85.45</Rzedna>
    </Pikieta>
    <Pikieta rysuj="true" numer="169.03" kodTerenu="T04">
      <X>463</X>
      <Y>209</Y>
      <Punkt>
        <X>662432.61</X>
        <Y>574746.3</Y>
      </Punkt>
      <Rzedna>84.89</Rzedna>
    </Pikieta>
    <Pikieta rysuj="true" numer="169.04" kodTerenu="K02">
      <X>463</X>
      <Y>232</Y>
      <Punkt>
        <X>662432.62</X>
        <Y>574746.96</Y>
      </Punkt>
      <Rzedna>84.41</Rzedna>
    </Pikieta>
    <Pikieta rysuj="true" numer="169.05" kodTerenu="K02">
      <X>463</X>
      <Y>255</Y>
      <Punkt>
        <X>662433.07</X>
        <Y>574748.29</Y>
      </Punkt>
      <Rzedna>83.54</Rzedna>
    </Pikieta>
    <Pikieta rysuj="true" numer="169.06" kodTerenu="K02">
      <X>463</X>
      <Y>278</Y>
      <Punkt>
        <X>662433.9</X>
        <Y>574749.57</Y>
      </Punkt>
      <Rzedna>83.42</Rzedna>
    </Pikieta>
    <Pikieta rysuj="true" numer="169.07" kodTerenu="K02">
      <X>463</X>
      <Y>301</Y>
      <Punkt>
        <X>662434.41</X>
        <Y>574751.39</Y>
      </Punkt>
      <Rzedna>83.5</Rzedna>
    </Pikieta>
    <Pikieta rysuj="true" numer="169.08" kodTerenu="K02">
      <X>463</X>
      <Y>324</Y>
      <Punkt>
        <X>662435.33</X>
        <Y>574753.39</Y>
      </Punkt>
      <Rzedna>83.88</Rzedna>
    </Pikieta>
    <Pikieta rysuj="true" numer="169.09" kodTerenu="K02">
      <X>463</X>
      <Y>347</Y>
      <Punkt>
        <X>662435.3</X>
        <Y>574754.01</Y>
      </Punkt>
      <Rzedna>84.89</Rzedna>
    </Pikieta>
    <Pikieta rysuj="true" numer="169.10" kodTerenu="T04">
      <X>463</X>
      <Y>370</Y>
      <Punkt>
        <X>662435.43</X>
        <Y>574754.55</Y>
      </Punkt>
      <Rzedna>85.33</Rzedna>
    </Pikieta>
    <Pikieta rysuj="true" numer="169.11" kodTerenu="T04">
      <X>463</X>
      <Y>393</Y>
      <Punkt>
        <X>662438.32</X>
        <Y>574760.66</Y>
      </Punkt>
      <Rzedna>85.63</Rzedna>
    </Pikieta>
    <Pikieta rysuj="true" numer="169.12" kodTerenu="T04">
      <X>463</X>
      <Y>416</Y>
      <Punkt>
        <X>662439.15</X>
        <Y>574764.21</Y>
      </Punkt>
      <Rzedna>87.57</Rzedna>
    </Pikieta>
    <Pikieta rysuj="true" numer="169.13" kodTerenu="T12">
      <X>463</X>
      <Y>439</Y>
      <Punkt>
        <X>662440.07</X>
        <Y>574766.36</Y>
      </Punkt>
      <Rzedna>87.77</Rzedna>
    </Pikieta>
    <Pikieta rysuj="true" numer="169.14" kodTerenu="T04">
      <X>463</X>
      <Y>462</Y>
      <Punkt>
        <X>662441.65</X>
        <Y>574770.18</Y>
      </Punkt>
      <Rzedna>89.99</Rzedna>
    </Pikieta>
  </Pikiety>
  <Fotografie>
    <Fotografia rysuj="true" numer="169" rotacja="80">
      <X>434</X>
      <Y>470</Y>
    </Fotografia>
  </Fotografie>
  <Skarpy>
    <Skarpa rysuj="true" startPikieta="2" endPikieta="3" brzeg="true" />
    <Skarpa rysuj="true" startPikieta="9" endPikieta="10" brzeg="true" />
    <Skarpa rysuj="true" startPikieta="14" endPikieta="15" brzeg="false" />
    <Skarpa rysuj="true" startPikieta="14" endPikieta="15" brzeg="false" />
    <Skarpa rysuj="true" startPikieta="13" endPikieta="14" brzeg="false" />
    <Skarpa rysuj="true" startPikieta="13" endPikieta="14" brzeg="false" />
    <Skarpa rysuj="true" startPikieta="13" endPikieta="14" brzeg="false" />
    <Skarpa rysuj="true" startPikieta="11" endPikieta="12" brzeg="false" />
  </Skarpy>
  <Drogi>
    <Droga rysuj="true" startPikieta="12" endPikieta="13" />
  </Drogi>
  <Zabudowy />
  <Teksty />
</SzkicPrzekroju>