<?xml version="1.0" encoding="utf-8"?>
<SzkicPrzekroju xmlns:xsi="http://www.w3.org/2001/XMLSchema-instance" xmlns:xsd="http://www.w3.org/2001/XMLSchema" nazwaCieku="Pasłęka" numerObiektu="56" numerPrzekroju="170" dataPomiaru="5.03.2012">
  <Koryto rysuj="true" startPikieta="3" endPikieta="11" />
  <Pikiety>
    <Pikieta rysuj="true" numer="170.01" kodTerenu="">
      <X>463</X>
      <Y>163</Y>
      <Punkt>
        <X>661628.17</X>
        <Y>574994.64</Y>
      </Punkt>
      <Rzedna>86.15</Rzedna>
    </Pikieta>
    <Pikieta rysuj="true" numer="170.02" kodTerenu="T01">
      <X>463</X>
      <Y>188</Y>
      <Punkt>
        <X>661619.67</X>
        <Y>574994.83</Y>
      </Punkt>
      <Rzedna>86.12</Rzedna>
    </Pikieta>
    <Pikieta rysuj="true" numer="170.03" kodTerenu="T01">
      <X>463</X>
      <Y>213</Y>
      <Punkt>
        <X>661618.61</X>
        <Y>574994.76</Y>
      </Punkt>
      <Rzedna>85.97</Rzedna>
    </Pikieta>
    <Pikieta rysuj="true" numer="170.04" kodTerenu="K02">
      <X>463</X>
      <Y>238</Y>
      <Punkt>
        <X>661618.19</X>
        <Y>574994.72</Y>
      </Punkt>
      <Rzedna>85.07</Rzedna>
    </Pikieta>
    <Pikieta rysuj="true" numer="170.05" kodTerenu="K03">
      <X>463</X>
      <Y>263</Y>
      <Punkt>
        <X>661616.05</X>
        <Y>574994.53</Y>
      </Punkt>
      <Rzedna>84.84</Rzedna>
    </Pikieta>
    <Pikieta rysuj="true" numer="170.06" kodTerenu="K03">
      <X>463</X>
      <Y>288</Y>
      <Punkt>
        <X>661613.91</X>
        <Y>574994.52</Y>
      </Punkt>
      <Rzedna>84.7</Rzedna>
    </Pikieta>
    <Pikieta rysuj="true" numer="170.07" kodTerenu="K03">
      <X>463</X>
      <Y>313</Y>
      <Punkt>
        <X>661612.63</X>
        <Y>574994.72</Y>
      </Punkt>
      <Rzedna>84.75</Rzedna>
    </Pikieta>
    <Pikieta rysuj="true" numer="170.08" kodTerenu="K03">
      <X>463</X>
      <Y>338</Y>
      <Punkt>
        <X>661611.85</X>
        <Y>574994.77</Y>
      </Punkt>
      <Rzedna>84.91</Rzedna>
    </Pikieta>
    <Pikieta rysuj="true" numer="170.09" kodTerenu="K03">
      <X>463</X>
      <Y>363</Y>
      <Punkt>
        <X>661610.32</X>
        <Y>574994.54</Y>
      </Punkt>
      <Rzedna>85.42</Rzedna>
    </Pikieta>
    <Pikieta rysuj="true" numer="170.10" kodTerenu="K02">
      <X>463</X>
      <Y>388</Y>
      <Punkt>
        <X>661608.75</X>
        <Y>574994.88</Y>
      </Punkt>
      <Rzedna>85.64</Rzedna>
    </Pikieta>
    <Pikieta rysuj="true" numer="170.11" kodTerenu="K02">
      <X>463</X>
      <Y>413</Y>
      <Punkt>
        <X>661608.08</X>
        <Y>574995</Y>
      </Punkt>
      <Rzedna>85.97</Rzedna>
    </Pikieta>
    <Pikieta rysuj="true" numer="170.12" kodTerenu="T01">
      <X>463</X>
      <Y>438</Y>
      <Punkt>
        <X>661607.6</X>
        <Y>574995.11</Y>
      </Punkt>
      <Rzedna>86.09</Rzedna>
    </Pikieta>
    <Pikieta rysuj="true" numer="170.13" kodTerenu="T04">
      <X>463</X>
      <Y>463</Y>
      <Punkt>
        <X>661597.58</X>
        <Y>574996.37</Y>
      </Punkt>
      <Rzedna>86.08</Rzedna>
    </Pikieta>
  </Pikiety>
  <Fotografie>
    <Fotografia rysuj="true" numer="170" rotacja="90">
      <X>495</X>
      <Y>493</Y>
    </Fotografia>
  </Fotografie>
  <Skarpy>
    <Skarpa rysuj="true" startPikieta="2" endPikieta="3" brzeg="true" />
    <Skarpa rysuj="true" startPikieta="11" endPikieta="12" brzeg="true" />
  </Skarpy>
  <Drogi />
  <Zabudowy />
  <Teksty />
</SzkicPrzekroju>