<?xml version="1.0" encoding="utf-8"?>
<SzkicPrzekroju xmlns:xsi="http://www.w3.org/2001/XMLSchema-instance" xmlns:xsd="http://www.w3.org/2001/XMLSchema" nazwaCieku="Pasłęka" numerObiektu="56" numerPrzekroju="171" dataPomiaru="2.03.2012">
  <Koryto rysuj="true" startPikieta="3" endPikieta="11" />
  <Pikiety>
    <Pikieta rysuj="true" numer="171.01" kodTerenu="">
      <X>463</X>
      <Y>163</Y>
      <Punkt>
        <X>661243.26</X>
        <Y>575067.28</Y>
      </Punkt>
      <Rzedna>87.11</Rzedna>
    </Pikieta>
    <Pikieta rysuj="true" numer="171.02" kodTerenu="T02">
      <X>463</X>
      <Y>188</Y>
      <Punkt>
        <X>661237.6</X>
        <Y>575073.12</Y>
      </Punkt>
      <Rzedna>87.11</Rzedna>
    </Pikieta>
    <Pikieta rysuj="true" numer="171.03" kodTerenu="T02">
      <X>463</X>
      <Y>213</Y>
      <Punkt>
        <X>661236.79</X>
        <Y>575073.51</Y>
      </Punkt>
      <Rzedna>86.77</Rzedna>
    </Pikieta>
    <Pikieta rysuj="true" numer="171.04" kodTerenu="K01">
      <X>463</X>
      <Y>238</Y>
      <Punkt>
        <X>661236.37</X>
        <Y>575074.07</Y>
      </Punkt>
      <Rzedna>86.05</Rzedna>
    </Pikieta>
    <Pikieta rysuj="true" numer="171.05" kodTerenu="K01">
      <X>463</X>
      <Y>263</Y>
      <Punkt>
        <X>661235.44</X>
        <Y>575074.93</Y>
      </Punkt>
      <Rzedna>86.14</Rzedna>
    </Pikieta>
    <Pikieta rysuj="true" numer="171.06" kodTerenu="K01">
      <X>463</X>
      <Y>288</Y>
      <Punkt>
        <X>661234.07</X>
        <Y>575076.26</Y>
      </Punkt>
      <Rzedna>85.36</Rzedna>
    </Pikieta>
    <Pikieta rysuj="true" numer="171.07" kodTerenu="K02">
      <X>463</X>
      <Y>313</Y>
      <Punkt>
        <X>661232.8</X>
        <Y>575076.98</Y>
      </Punkt>
      <Rzedna>85.17</Rzedna>
    </Pikieta>
    <Pikieta rysuj="true" numer="171.08" kodTerenu="K02">
      <X>463</X>
      <Y>338</Y>
      <Punkt>
        <X>661231.76</X>
        <Y>575078.17</Y>
      </Punkt>
      <Rzedna>85.17</Rzedna>
    </Pikieta>
    <Pikieta rysuj="true" numer="171.09" kodTerenu="K01">
      <X>463</X>
      <Y>363</Y>
      <Punkt>
        <X>661229.93</X>
        <Y>575079.68</Y>
      </Punkt>
      <Rzedna>85.67</Rzedna>
    </Pikieta>
    <Pikieta rysuj="true" numer="171.10" kodTerenu="K01">
      <X>463</X>
      <Y>388</Y>
      <Punkt>
        <X>661228.87</X>
        <Y>575080.54</Y>
      </Punkt>
      <Rzedna>85.47</Rzedna>
    </Pikieta>
    <Pikieta rysuj="true" numer="171.11" kodTerenu="K01">
      <X>463</X>
      <Y>413</Y>
      <Punkt>
        <X>661227.92</X>
        <Y>575081.31</Y>
      </Punkt>
      <Rzedna>86.77</Rzedna>
    </Pikieta>
    <Pikieta rysuj="true" numer="171.12" kodTerenu="T01">
      <X>463</X>
      <Y>438</Y>
      <Punkt>
        <X>661227.66</X>
        <Y>575081.55</Y>
      </Punkt>
      <Rzedna>86.96</Rzedna>
    </Pikieta>
    <Pikieta rysuj="true" numer="171.13" kodTerenu="T02">
      <X>463</X>
      <Y>463</Y>
      <Punkt>
        <X>661222.58</X>
        <Y>575086.18</Y>
      </Punkt>
      <Rzedna>87.12</Rzedna>
    </Pikieta>
  </Pikiety>
  <Fotografie>
    <Fotografia rysuj="true" numer="171" rotacja="90">
      <X>463</X>
      <Y>493</Y>
    </Fotografia>
  </Fotografie>
  <Skarpy>
    <Skarpa rysuj="true" startPikieta="2" endPikieta="3" brzeg="true" />
    <Skarpa rysuj="true" startPikieta="11" endPikieta="12" brzeg="true" />
  </Skarpy>
  <Drogi />
  <Zabudowy />
  <Teksty />
</SzkicPrzekroju>