<?xml version="1.0" encoding="utf-8"?>
<SzkicPrzekroju xmlns:xsi="http://www.w3.org/2001/XMLSchema-instance" xmlns:xsd="http://www.w3.org/2001/XMLSchema" nazwaCieku="Pasłęka" numerObiektu="56" numerPrzekroju="172" dataPomiaru="2.03.2012">
  <Koryto rysuj="true" startPikieta="3" endPikieta="12" />
  <Pikiety>
    <Pikieta rysuj="true" numer="172.01" kodTerenu="">
      <X>463</X>
      <Y>163</Y>
      <Punkt>
        <X>660769.06</X>
        <Y>575007.11</Y>
      </Punkt>
      <Rzedna>87.74</Rzedna>
    </Pikieta>
    <Pikieta rysuj="true" numer="172.02" kodTerenu="T02">
      <X>463</X>
      <Y>186</Y>
      <Punkt>
        <X>660773.28</X>
        <Y>575000.28</Y>
      </Punkt>
      <Rzedna>87.77</Rzedna>
    </Pikieta>
    <Pikieta rysuj="true" numer="172.03" kodTerenu="T02">
      <X>463</X>
      <Y>209</Y>
      <Punkt>
        <X>660774.09</X>
        <Y>574999.05</Y>
      </Punkt>
      <Rzedna>87.69</Rzedna>
    </Pikieta>
    <Pikieta rysuj="true" numer="172.04" kodTerenu="K02">
      <X>463</X>
      <Y>232</Y>
      <Punkt>
        <X>660775.43</X>
        <Y>574996.12</Y>
      </Punkt>
      <Rzedna>87.32</Rzedna>
    </Pikieta>
    <Pikieta rysuj="true" numer="172.05" kodTerenu="K02">
      <X>463</X>
      <Y>255</Y>
      <Punkt>
        <X>660775.91</X>
        <Y>574994.6</Y>
      </Punkt>
      <Rzedna>86.94</Rzedna>
    </Pikieta>
    <Pikieta rysuj="true" numer="172.06" kodTerenu="K01">
      <X>463</X>
      <Y>278</Y>
      <Punkt>
        <X>660776.54</X>
        <Y>574993.12</Y>
      </Punkt>
      <Rzedna>86.23</Rzedna>
    </Pikieta>
    <Pikieta rysuj="true" numer="172.07" kodTerenu="K01">
      <X>463</X>
      <Y>301</Y>
      <Punkt>
        <X>660777.06</X>
        <Y>574991.71</Y>
      </Punkt>
      <Rzedna>86.27</Rzedna>
    </Pikieta>
    <Pikieta rysuj="true" numer="172.08" kodTerenu="K01">
      <X>463</X>
      <Y>324</Y>
      <Punkt>
        <X>660777.64</X>
        <Y>574990.09</Y>
      </Punkt>
      <Rzedna>86.37</Rzedna>
    </Pikieta>
    <Pikieta rysuj="true" numer="172.09" kodTerenu="K01">
      <X>463</X>
      <Y>347</Y>
      <Punkt>
        <X>660778.13</X>
        <Y>574988.77</Y>
      </Punkt>
      <Rzedna>86.3</Rzedna>
    </Pikieta>
    <Pikieta rysuj="true" numer="172.10" kodTerenu="K01">
      <X>463</X>
      <Y>370</Y>
      <Punkt>
        <X>660778.73</X>
        <Y>574987.03</Y>
      </Punkt>
      <Rzedna>86.33</Rzedna>
    </Pikieta>
    <Pikieta rysuj="true" numer="172.11" kodTerenu="K01">
      <X>463</X>
      <Y>393</Y>
      <Punkt>
        <X>660779.17</X>
        <Y>574985.51</Y>
      </Punkt>
      <Rzedna>86.96</Rzedna>
    </Pikieta>
    <Pikieta rysuj="true" numer="172.12" kodTerenu="K01">
      <X>463</X>
      <Y>416</Y>
      <Punkt>
        <X>660779.48</X>
        <Y>574984.03</Y>
      </Punkt>
      <Rzedna>87.69</Rzedna>
    </Pikieta>
    <Pikieta rysuj="true" numer="172.13" kodTerenu="T02">
      <X>463</X>
      <Y>439</Y>
      <Punkt>
        <X>660781.31</X>
        <Y>574982.18</Y>
      </Punkt>
      <Rzedna>89.04</Rzedna>
    </Pikieta>
    <Pikieta rysuj="true" numer="172.14" kodTerenu="T05">
      <X>463</X>
      <Y>462</Y>
      <Punkt>
        <X>660785.39</X>
        <Y>574978.28</Y>
      </Punkt>
      <Rzedna>88.77</Rzedna>
    </Pikieta>
  </Pikiety>
  <Fotografie>
    <Fotografia rysuj="true" numer="172" rotacja="270">
      <X>485</X>
      <Y>97</Y>
    </Fotografia>
  </Fotografie>
  <Skarpy>
    <Skarpa rysuj="true" startPikieta="2" endPikieta="3" brzeg="true" />
    <Skarpa rysuj="true" startPikieta="12" endPikieta="13" brzeg="true" />
  </Skarpy>
  <Drogi />
  <Zabudowy />
  <Teksty />
</SzkicPrzekroju>