<?xml version="1.0" encoding="utf-8"?>
<SzkicPrzekroju xmlns:xsi="http://www.w3.org/2001/XMLSchema-instance" xmlns:xsd="http://www.w3.org/2001/XMLSchema" nazwaCieku="Pasłęka" numerObiektu="56" numerPrzekroju="173" dataPomiaru="2.03.2012">
  <Koryto rysuj="true" startPikieta="5" endPikieta="15" />
  <Pikiety>
    <Pikieta rysuj="true" numer="173.01" kodTerenu="">
      <X>463</X>
      <Y>163</Y>
      <Punkt>
        <X>660371.49</X>
        <Y>575364.51</Y>
      </Punkt>
      <Rzedna>90.44</Rzedna>
    </Pikieta>
    <Pikieta rysuj="true" numer="173.02" kodTerenu="T05">
      <X>463</X>
      <Y>179</Y>
      <Punkt>
        <X>660368.25</X>
        <Y>575369.21</Y>
      </Punkt>
      <Rzedna>89.06</Rzedna>
    </Pikieta>
    <Pikieta rysuj="true" numer="173.03" kodTerenu="T02">
      <X>463</X>
      <Y>195</Y>
      <Punkt>
        <X>660367.92</X>
        <Y>575369.54</Y>
      </Punkt>
      <Rzedna>88.76</Rzedna>
    </Pikieta>
    <Pikieta rysuj="true" numer="173.04" kodTerenu="T02">
      <X>463</X>
      <Y>211</Y>
      <Punkt>
        <X>660364.28</X>
        <Y>575372.49</Y>
      </Punkt>
      <Rzedna>88.78</Rzedna>
    </Pikieta>
    <Pikieta rysuj="true" numer="173.05" kodTerenu="T02">
      <X>463</X>
      <Y>227</Y>
      <Punkt>
        <X>660361.02</X>
        <Y>575375.99</Y>
      </Punkt>
      <Rzedna>88.81</Rzedna>
    </Pikieta>
    <Pikieta rysuj="true" numer="173.06" kodTerenu="K01">
      <X>463</X>
      <Y>243</Y>
      <Punkt>
        <X>660359.65</X>
        <Y>575377.13</Y>
      </Punkt>
      <Rzedna>88.79</Rzedna>
    </Pikieta>
    <Pikieta rysuj="true" numer="173.07" kodTerenu="K01">
      <X>463</X>
      <Y>259</Y>
      <Punkt>
        <X>660358.94</X>
        <Y>575378.16</Y>
      </Punkt>
      <Rzedna>86.9</Rzedna>
    </Pikieta>
    <Pikieta rysuj="true" numer="173.08" kodTerenu="K01">
      <X>463</X>
      <Y>275</Y>
      <Punkt>
        <X>660357.66</X>
        <Y>575379.42</Y>
      </Punkt>
      <Rzedna>86.89</Rzedna>
    </Pikieta>
    <Pikieta rysuj="true" numer="173.09" kodTerenu="K02">
      <X>463</X>
      <Y>291</Y>
      <Punkt>
        <X>660356.4</X>
        <Y>575380.1</Y>
      </Punkt>
      <Rzedna>87.25</Rzedna>
    </Pikieta>
    <Pikieta rysuj="true" numer="173.10" kodTerenu="K02">
      <X>463</X>
      <Y>307</Y>
      <Punkt>
        <X>660355.37</X>
        <Y>575381.06</Y>
      </Punkt>
      <Rzedna>87.18</Rzedna>
    </Pikieta>
    <Pikieta rysuj="true" numer="173.11" kodTerenu="K02">
      <X>463</X>
      <Y>323</Y>
      <Punkt>
        <X>660354.45</X>
        <Y>575381.88</Y>
      </Punkt>
      <Rzedna>87.11</Rzedna>
    </Pikieta>
    <Pikieta rysuj="true" numer="173.12" kodTerenu="K02">
      <X>463</X>
      <Y>339</Y>
      <Punkt>
        <X>660353.88</X>
        <Y>575383.31</Y>
      </Punkt>
      <Rzedna>87.23</Rzedna>
    </Pikieta>
    <Pikieta rysuj="true" numer="173.13" kodTerenu="K01">
      <X>463</X>
      <Y>355</Y>
      <Punkt>
        <X>660352.43</X>
        <Y>575384.55</Y>
      </Punkt>
      <Rzedna>87.63</Rzedna>
    </Pikieta>
    <Pikieta rysuj="true" numer="173.14" kodTerenu="K01">
      <X>463</X>
      <Y>371</Y>
      <Punkt>
        <X>660351.5</X>
        <Y>575386.78</Y>
      </Punkt>
      <Rzedna>88.49</Rzedna>
    </Pikieta>
    <Pikieta rysuj="true" numer="173.15" kodTerenu="K01">
      <X>463</X>
      <Y>387</Y>
      <Punkt>
        <X>660351.09</X>
        <Y>575386.98</Y>
      </Punkt>
      <Rzedna>88.81</Rzedna>
    </Pikieta>
    <Pikieta rysuj="true" numer="173.16" kodTerenu="T02">
      <X>463</X>
      <Y>403</Y>
      <Punkt>
        <X>660348.9</X>
        <Y>575388.58</Y>
      </Punkt>
      <Rzedna>88.82</Rzedna>
    </Pikieta>
    <Pikieta rysuj="true" numer="173.17" kodTerenu="T05">
      <X>463</X>
      <Y>419</Y>
      <Punkt>
        <X>660346.66</X>
        <Y>575391.57</Y>
      </Punkt>
      <Rzedna>88.81</Rzedna>
    </Pikieta>
    <Pikieta rysuj="true" numer="173.18" kodTerenu="T05">
      <X>463</X>
      <Y>435</Y>
      <Punkt>
        <X>660345.83</X>
        <Y>575392.07</Y>
      </Punkt>
      <Rzedna>89.32</Rzedna>
    </Pikieta>
    <Pikieta rysuj="true" numer="173.19" kodTerenu="T05">
      <X>463</X>
      <Y>451</Y>
      <Punkt>
        <X>660340.43</X>
        <Y>575395.73</Y>
      </Punkt>
      <Rzedna>90.1</Rzedna>
    </Pikieta>
  </Pikiety>
  <Fotografie>
    <Fotografia rysuj="true" numer="173" rotacja="260">
      <X>506</X>
      <Y>102</Y>
    </Fotografia>
  </Fotografie>
  <Skarpy>
    <Skarpa rysuj="false" startPikieta="4" endPikieta="5" brzeg="true" />
    <Skarpa rysuj="false" startPikieta="17" endPikieta="18" brzeg="true" />
    <Skarpa rysuj="true" startPikieta="17" endPikieta="18" brzeg="false" />
    <Skarpa rysuj="true" startPikieta="2" endPikieta="3" brzeg="false" />
  </Skarpy>
  <Drogi />
  <Zabudowy />
  <Teksty />
</SzkicPrzekroju>