<?xml version="1.0" encoding="utf-8"?>
<SzkicPrzekroju xmlns:xsi="http://www.w3.org/2001/XMLSchema-instance" xmlns:xsd="http://www.w3.org/2001/XMLSchema" nazwaCieku="Pasłęka" numerObiektu="56" numerPrzekroju="174" dataPomiaru="2.03.2012">
  <Koryto rysuj="true" startPikieta="4" endPikieta="12" />
  <Pikiety>
    <Pikieta rysuj="true" numer="174.01" kodTerenu="">
      <X>463</X>
      <Y>163</Y>
      <Punkt>
        <X>659699.69</X>
        <Y>575590.79</Y>
      </Punkt>
      <Rzedna>91.21</Rzedna>
    </Pikieta>
    <Pikieta rysuj="true" numer="174.02" kodTerenu="T05">
      <X>463</X>
      <Y>186</Y>
      <Punkt>
        <X>659698.2</X>
        <Y>575595.42</Y>
      </Punkt>
      <Rzedna>91.02</Rzedna>
    </Pikieta>
    <Pikieta rysuj="true" numer="174.03" kodTerenu="T05">
      <X>463</X>
      <Y>209</Y>
      <Punkt>
        <X>659697.54</X>
        <Y>575598.48</Y>
      </Punkt>
      <Rzedna>90.2</Rzedna>
    </Pikieta>
    <Pikieta rysuj="true" numer="174.04" kodTerenu="T05">
      <X>463</X>
      <Y>232</Y>
      <Punkt>
        <X>659696.82</X>
        <Y>575600.43</Y>
      </Punkt>
      <Rzedna>89.47</Rzedna>
    </Pikieta>
    <Pikieta rysuj="true" numer="174.05" kodTerenu="K02">
      <X>463</X>
      <Y>255</Y>
      <Punkt>
        <X>659696.56</X>
        <Y>575601.06</Y>
      </Punkt>
      <Rzedna>88.66</Rzedna>
    </Pikieta>
    <Pikieta rysuj="true" numer="174.06" kodTerenu="K02">
      <X>463</X>
      <Y>278</Y>
      <Punkt>
        <X>659695.96</X>
        <Y>575602.75</Y>
      </Punkt>
      <Rzedna>88.13</Rzedna>
    </Pikieta>
    <Pikieta rysuj="true" numer="174.07" kodTerenu="K02">
      <X>463</X>
      <Y>301</Y>
      <Punkt>
        <X>659695.36</X>
        <Y>575603.8</Y>
      </Punkt>
      <Rzedna>88.23</Rzedna>
    </Pikieta>
    <Pikieta rysuj="true" numer="174.08" kodTerenu="K02">
      <X>463</X>
      <Y>324</Y>
      <Punkt>
        <X>659694.68</X>
        <Y>575605.53</Y>
      </Punkt>
      <Rzedna>88.25</Rzedna>
    </Pikieta>
    <Pikieta rysuj="true" numer="174.09" kodTerenu="K01">
      <X>463</X>
      <Y>347</Y>
      <Punkt>
        <X>659694.33</X>
        <Y>575606.84</Y>
      </Punkt>
      <Rzedna>88.23</Rzedna>
    </Pikieta>
    <Pikieta rysuj="true" numer="174.10" kodTerenu="K01">
      <X>463</X>
      <Y>370</Y>
      <Punkt>
        <X>659693.44</X>
        <Y>575607.88</Y>
      </Punkt>
      <Rzedna>88.35</Rzedna>
    </Pikieta>
    <Pikieta rysuj="true" numer="174.11" kodTerenu="K01">
      <X>463</X>
      <Y>393</Y>
      <Punkt>
        <X>659692.56</X>
        <Y>575609.18</Y>
      </Punkt>
      <Rzedna>88.84</Rzedna>
    </Pikieta>
    <Pikieta rysuj="true" numer="174.12" kodTerenu="K01">
      <X>463</X>
      <Y>416</Y>
      <Punkt>
        <X>659692.22</X>
        <Y>575609.86</Y>
      </Punkt>
      <Rzedna>89.47</Rzedna>
    </Pikieta>
    <Pikieta rysuj="true" numer="174.13" kodTerenu="T05">
      <X>463</X>
      <Y>439</Y>
      <Punkt>
        <X>659691.63</X>
        <Y>575611.18</Y>
      </Punkt>
      <Rzedna>89.63</Rzedna>
    </Pikieta>
    <Pikieta rysuj="true" numer="174.14" kodTerenu="T05">
      <X>463</X>
      <Y>462</Y>
      <Punkt>
        <X>659689.54</X>
        <Y>575617.12</Y>
      </Punkt>
      <Rzedna>89.42</Rzedna>
    </Pikieta>
  </Pikiety>
  <Fotografie>
    <Fotografia rysuj="true" numer="174" rotacja="280">
      <X>471</X>
      <Y>112</Y>
    </Fotografia>
  </Fotografie>
  <Skarpy>
    <Skarpa rysuj="true" startPikieta="3" endPikieta="4" brzeg="true" />
    <Skarpa rysuj="true" startPikieta="12" endPikieta="13" brzeg="true" />
  </Skarpy>
  <Drogi />
  <Zabudowy />
  <Teksty />
</SzkicPrzekroju>