<?xml version="1.0" encoding="utf-8"?>
<SzkicPrzekroju xmlns:xsi="http://www.w3.org/2001/XMLSchema-instance" xmlns:xsd="http://www.w3.org/2001/XMLSchema" nazwaCieku="Pasłęka" numerObiektu="56" numerPrzekroju="175" dataPomiaru="29.02.2012">
  <Koryto rysuj="true" startPikieta="3" endPikieta="10" />
  <Pikiety>
    <Pikieta rysuj="true" numer="175.01" kodTerenu="">
      <X>463</X>
      <Y>163</Y>
      <Punkt>
        <X>659230.08</X>
        <Y>575984.12</Y>
      </Punkt>
      <Rzedna>90.86</Rzedna>
    </Pikieta>
    <Pikieta rysuj="true" numer="175.02" kodTerenu="T05">
      <X>463</X>
      <Y>190</Y>
      <Punkt>
        <X>659226.57</X>
        <Y>575989.3</Y>
      </Punkt>
      <Rzedna>90.52</Rzedna>
    </Pikieta>
    <Pikieta rysuj="true" numer="175.03" kodTerenu="T05">
      <X>463</X>
      <Y>217</Y>
      <Punkt>
        <X>659226.3</X>
        <Y>575989.37</Y>
      </Punkt>
      <Rzedna>90.18</Rzedna>
    </Pikieta>
    <Pikieta rysuj="true" numer="175.04" kodTerenu="K01">
      <X>463</X>
      <Y>244</Y>
      <Punkt>
        <X>659225.91</X>
        <Y>575989.87</Y>
      </Punkt>
      <Rzedna>89.45</Rzedna>
    </Pikieta>
    <Pikieta rysuj="true" numer="175.05" kodTerenu="K01">
      <X>463</X>
      <Y>271</Y>
      <Punkt>
        <X>659224.27</X>
        <Y>575991.56</Y>
      </Punkt>
      <Rzedna>89.46</Rzedna>
    </Pikieta>
    <Pikieta rysuj="true" numer="175.06" kodTerenu="K01">
      <X>463</X>
      <Y>298</Y>
      <Punkt>
        <X>659222.12</X>
        <Y>575993.21</Y>
      </Punkt>
      <Rzedna>89.35</Rzedna>
    </Pikieta>
    <Pikieta rysuj="true" numer="175.07" kodTerenu="K01">
      <X>463</X>
      <Y>325</Y>
      <Punkt>
        <X>659221.01</X>
        <Y>575994.75</Y>
      </Punkt>
      <Rzedna>89.27</Rzedna>
    </Pikieta>
    <Pikieta rysuj="true" numer="175.08" kodTerenu="K01">
      <X>463</X>
      <Y>352</Y>
      <Punkt>
        <X>659219.59</X>
        <Y>575995.87</Y>
      </Punkt>
      <Rzedna>89.34</Rzedna>
    </Pikieta>
    <Pikieta rysuj="true" numer="175.09" kodTerenu="K01">
      <X>463</X>
      <Y>379</Y>
      <Punkt>
        <X>659218.27</X>
        <Y>575997.09</Y>
      </Punkt>
      <Rzedna>89.56</Rzedna>
    </Pikieta>
    <Pikieta rysuj="true" numer="175.10" kodTerenu="K01">
      <X>463</X>
      <Y>406</Y>
      <Punkt>
        <X>659218.07</X>
        <Y>575997.49</Y>
      </Punkt>
      <Rzedna>90.18</Rzedna>
    </Pikieta>
    <Pikieta rysuj="true" numer="175.11" kodTerenu="T02">
      <X>463</X>
      <Y>433</Y>
      <Punkt>
        <X>659217.83</X>
        <Y>575998.03</Y>
      </Punkt>
      <Rzedna>90.29</Rzedna>
    </Pikieta>
    <Pikieta rysuj="true" numer="175.12" kodTerenu="T05">
      <X>463</X>
      <Y>460</Y>
      <Punkt>
        <X>659213.31</X>
        <Y>576003.47</Y>
      </Punkt>
      <Rzedna>90.3</Rzedna>
    </Pikieta>
  </Pikiety>
  <Fotografie>
    <Fotografia rysuj="true" numer="175" rotacja="80">
      <X>463</X>
      <Y>493</Y>
    </Fotografia>
  </Fotografie>
  <Skarpy>
    <Skarpa rysuj="true" startPikieta="2" endPikieta="3" brzeg="true" />
    <Skarpa rysuj="true" startPikieta="10" endPikieta="11" brzeg="true" />
  </Skarpy>
  <Drogi />
  <Zabudowy />
  <Teksty />
</SzkicPrzekroju>