<?xml version="1.0" encoding="utf-8"?>
<SzkicPrzekroju xmlns:xsi="http://www.w3.org/2001/XMLSchema-instance" xmlns:xsd="http://www.w3.org/2001/XMLSchema" nazwaCieku="Pasłęka" numerObiektu="56" numerPrzekroju="176" dataPomiaru="29.02.2012">
  <Koryto rysuj="true" startPikieta="3" endPikieta="10" />
  <Pikiety>
    <Pikieta rysuj="true" numer="176.01" kodTerenu="">
      <X>463</X>
      <Y>163</Y>
      <Punkt>
        <X>659037.5</X>
        <Y>576361.63</Y>
      </Punkt>
      <Rzedna>91.05</Rzedna>
    </Pikieta>
    <Pikieta rysuj="true" numer="176.02" kodTerenu="T02">
      <X>463</X>
      <Y>190</Y>
      <Punkt>
        <X>659045.16</X>
        <Y>576361.31</Y>
      </Punkt>
      <Rzedna>91.01</Rzedna>
    </Pikieta>
    <Pikieta rysuj="true" numer="176.03" kodTerenu="T02">
      <X>463</X>
      <Y>217</Y>
      <Punkt>
        <X>659046.01</X>
        <Y>576361.16</Y>
      </Punkt>
      <Rzedna>90.95</Rzedna>
    </Pikieta>
    <Pikieta rysuj="true" numer="176.04" kodTerenu="K02">
      <X>463</X>
      <Y>244</Y>
      <Punkt>
        <X>659046.43</X>
        <Y>576360.96</Y>
      </Punkt>
      <Rzedna>90.34</Rzedna>
    </Pikieta>
    <Pikieta rysuj="true" numer="176.05" kodTerenu="K02">
      <X>463</X>
      <Y>271</Y>
      <Punkt>
        <X>659048.47</X>
        <Y>576361.14</Y>
      </Punkt>
      <Rzedna>90.05</Rzedna>
    </Pikieta>
    <Pikieta rysuj="true" numer="176.06" kodTerenu="K02">
      <X>463</X>
      <Y>298</Y>
      <Punkt>
        <X>659049.97</X>
        <Y>576361.07</Y>
      </Punkt>
      <Rzedna>89.71</Rzedna>
    </Pikieta>
    <Pikieta rysuj="true" numer="176.07" kodTerenu="K02">
      <X>463</X>
      <Y>325</Y>
      <Punkt>
        <X>659051.97</X>
        <Y>576360.98</Y>
      </Punkt>
      <Rzedna>89.45</Rzedna>
    </Pikieta>
    <Pikieta rysuj="true" numer="176.08" kodTerenu="K02">
      <X>463</X>
      <Y>352</Y>
      <Punkt>
        <X>659052.97</X>
        <Y>576360.92</Y>
      </Punkt>
      <Rzedna>89.49</Rzedna>
    </Pikieta>
    <Pikieta rysuj="true" numer="176.09" kodTerenu="K02">
      <X>463</X>
      <Y>379</Y>
      <Punkt>
        <X>659054.98</X>
        <Y>576361.06</Y>
      </Punkt>
      <Rzedna>89.97</Rzedna>
    </Pikieta>
    <Pikieta rysuj="true" numer="176.10" kodTerenu="K02">
      <X>463</X>
      <Y>406</Y>
      <Punkt>
        <X>659055.96</X>
        <Y>576360.77</Y>
      </Punkt>
      <Rzedna>90.95</Rzedna>
    </Pikieta>
    <Pikieta rysuj="true" numer="176.11" kodTerenu="T05">
      <X>463</X>
      <Y>433</Y>
      <Punkt>
        <X>659059.19</X>
        <Y>576360.39</Y>
      </Punkt>
      <Rzedna>93.56</Rzedna>
    </Pikieta>
    <Pikieta rysuj="true" numer="176.12" kodTerenu="T05">
      <X>463</X>
      <Y>460</Y>
      <Punkt>
        <X>659066.81</X>
        <Y>576360.33</Y>
      </Punkt>
      <Rzedna>93.58</Rzedna>
    </Pikieta>
  </Pikiety>
  <Fotografie>
    <Fotografia rysuj="true" numer="176" rotacja="0">
      <X>90</X>
      <Y>300</Y>
    </Fotografia>
  </Fotografie>
  <Skarpy>
    <Skarpa rysuj="true" startPikieta="2" endPikieta="3" brzeg="true" />
    <Skarpa rysuj="true" startPikieta="10" endPikieta="11" brzeg="true" />
  </Skarpy>
  <Drogi />
  <Zabudowy />
  <Teksty />
</SzkicPrzekroju>