<?xml version="1.0" encoding="utf-8"?>
<SzkicPrzekroju xmlns:xsi="http://www.w3.org/2001/XMLSchema-instance" xmlns:xsd="http://www.w3.org/2001/XMLSchema" nazwaCieku="Pasłęka" numerObiektu="56" numerPrzekroju="177" dataPomiaru="29.02.2012">
  <Koryto rysuj="true" startPikieta="5" endPikieta="17" />
  <Pikiety>
    <Pikieta rysuj="true" numer="177.01" kodTerenu="">
      <X>463</X>
      <Y>163</Y>
      <Punkt>
        <X>658565.12</X>
        <Y>576771.47</Y>
      </Punkt>
      <Rzedna>101.92</Rzedna>
    </Pikieta>
    <Pikieta rysuj="true" numer="177.02" kodTerenu="T05">
      <X>463</X>
      <Y>179</Y>
      <Punkt>
        <X>658569.88</X>
        <Y>576783.95</Y>
      </Punkt>
      <Rzedna>94.49</Rzedna>
    </Pikieta>
    <Pikieta rysuj="true" numer="177.03" kodTerenu="T05">
      <X>463</X>
      <Y>195</Y>
      <Punkt>
        <X>658570.97</X>
        <Y>576788.36</Y>
      </Punkt>
      <Rzedna>92.22</Rzedna>
    </Pikieta>
    <Pikieta rysuj="true" numer="177.04" kodTerenu="T05">
      <X>463</X>
      <Y>211</Y>
      <Punkt>
        <X>658574.15</X>
        <Y>576796.21</Y>
      </Punkt>
      <Rzedna>91.89</Rzedna>
    </Pikieta>
    <Pikieta rysuj="true" numer="177.05" kodTerenu="T05">
      <X>463</X>
      <Y>227</Y>
      <Punkt>
        <X>658574.11</X>
        <Y>576797.18</Y>
      </Punkt>
      <Rzedna>91.59</Rzedna>
    </Pikieta>
    <Pikieta rysuj="true" numer="177.06" kodTerenu="K02">
      <X>463</X>
      <Y>243</Y>
      <Punkt>
        <X>658574.95</X>
        <Y>576798.09</Y>
      </Punkt>
      <Rzedna>90.78</Rzedna>
    </Pikieta>
    <Pikieta rysuj="true" numer="177.07" kodTerenu="K02">
      <X>463</X>
      <Y>259</Y>
      <Punkt>
        <X>658575.94</X>
        <Y>576800.86</Y>
      </Punkt>
      <Rzedna>90.67</Rzedna>
    </Pikieta>
    <Pikieta rysuj="true" numer="177.08" kodTerenu="K02">
      <X>463</X>
      <Y>275</Y>
      <Punkt>
        <X>658576.57</X>
        <Y>576802.74</Y>
      </Punkt>
      <Rzedna>90.74</Rzedna>
    </Pikieta>
    <Pikieta rysuj="true" numer="177.09" kodTerenu="K02">
      <X>463</X>
      <Y>291</Y>
      <Punkt>
        <X>658577.08</X>
        <Y>576804.68</Y>
      </Punkt>
      <Rzedna>90.87</Rzedna>
    </Pikieta>
    <Pikieta rysuj="true" numer="177.10" kodTerenu="K01">
      <X>463</X>
      <Y>307</Y>
      <Punkt>
        <X>658577.64</X>
        <Y>576805.98</Y>
      </Punkt>
      <Rzedna>90.59</Rzedna>
    </Pikieta>
    <Pikieta rysuj="true" numer="177.11" kodTerenu="K01">
      <X>463</X>
      <Y>323</Y>
      <Punkt>
        <X>658578.1</X>
        <Y>576808.09</Y>
      </Punkt>
      <Rzedna>90.59</Rzedna>
    </Pikieta>
    <Pikieta rysuj="true" numer="177.12" kodTerenu="K01">
      <X>463</X>
      <Y>339</Y>
      <Punkt>
        <X>658578.65</X>
        <Y>576809.71</Y>
      </Punkt>
      <Rzedna>90.78</Rzedna>
    </Pikieta>
    <Pikieta rysuj="true" numer="177.13" kodTerenu="K01">
      <X>463</X>
      <Y>355</Y>
      <Punkt>
        <X>658578.94</X>
        <Y>576810.96</Y>
      </Punkt>
      <Rzedna>90.92</Rzedna>
    </Pikieta>
    <Pikieta rysuj="true" numer="177.14" kodTerenu="K01">
      <X>463</X>
      <Y>371</Y>
      <Punkt>
        <X>658579.41</X>
        <Y>576812.37</Y>
      </Punkt>
      <Rzedna>91.31</Rzedna>
    </Pikieta>
    <Pikieta rysuj="true" numer="177.15" kodTerenu="K01">
      <X>463</X>
      <Y>387</Y>
      <Punkt>
        <X>658580.25</X>
        <Y>576814.72</Y>
      </Punkt>
      <Rzedna>91.5</Rzedna>
    </Pikieta>
    <Pikieta rysuj="true" numer="177.16" kodTerenu="K01">
      <X>463</X>
      <Y>403</Y>
      <Punkt>
        <X>658581.08</X>
        <Y>576817.76</Y>
      </Punkt>
      <Rzedna>91.27</Rzedna>
    </Pikieta>
    <Pikieta rysuj="true" numer="177.17" kodTerenu="K01">
      <X>463</X>
      <Y>419</Y>
      <Punkt>
        <X>658581.61</X>
        <Y>576818.88</Y>
      </Punkt>
      <Rzedna>91.59</Rzedna>
    </Pikieta>
    <Pikieta rysuj="true" numer="177.18" kodTerenu="T05">
      <X>463</X>
      <Y>435</Y>
      <Punkt>
        <X>658582.32</X>
        <Y>576820.9</Y>
      </Punkt>
      <Rzedna>91.88</Rzedna>
    </Pikieta>
    <Pikieta rysuj="true" numer="177.19" kodTerenu="T05">
      <X>463</X>
      <Y>451</Y>
      <Punkt>
        <X>658585.61</X>
        <Y>576830.15</Y>
      </Punkt>
      <Rzedna>92.05</Rzedna>
    </Pikieta>
  </Pikiety>
  <Fotografie>
    <Fotografia rysuj="true" numer="177" rotacja="255">
      <X>526</X>
      <Y>81</Y>
    </Fotografia>
  </Fotografie>
  <Skarpy>
    <Skarpa rysuj="true" startPikieta="4" endPikieta="5" brzeg="true" />
    <Skarpa rysuj="true" startPikieta="17" endPikieta="18" brzeg="true" />
    <Skarpa rysuj="true" startPikieta="1" endPikieta="3" brzeg="false" />
  </Skarpy>
  <Drogi />
  <Zabudowy />
  <Teksty />
</SzkicPrzekroju>