<?xml version="1.0" encoding="utf-8"?>
<SzkicPrzekroju xmlns:xsi="http://www.w3.org/2001/XMLSchema-instance" xmlns:xsd="http://www.w3.org/2001/XMLSchema" nazwaCieku="Pasłęka" numerObiektu="56" numerPrzekroju="178" dataPomiaru="29.02.2012">
  <Koryto rysuj="true" startPikieta="3" endPikieta="10" />
  <Pikiety>
    <Pikieta rysuj="true" numer="178.01" kodTerenu="">
      <X>463</X>
      <Y>163</Y>
      <Punkt>
        <X>658439.3</X>
        <Y>576527.58</Y>
      </Punkt>
      <Rzedna>93.17</Rzedna>
    </Pikieta>
    <Pikieta rysuj="true" numer="178.02" kodTerenu="T05">
      <X>463</X>
      <Y>186</Y>
      <Punkt>
        <X>658431.08</X>
        <Y>576527.16</Y>
      </Punkt>
      <Rzedna>92.24</Rzedna>
    </Pikieta>
    <Pikieta rysuj="true" numer="178.03" kodTerenu="T05">
      <X>463</X>
      <Y>209</Y>
      <Punkt>
        <X>658430.08</X>
        <Y>576527.02</Y>
      </Punkt>
      <Rzedna>91.97</Rzedna>
    </Pikieta>
    <Pikieta rysuj="true" numer="178.04" kodTerenu="K01">
      <X>463</X>
      <Y>232</Y>
      <Punkt>
        <X>658429.07</X>
        <Y>576526.86</Y>
      </Punkt>
      <Rzedna>91.35</Rzedna>
    </Pikieta>
    <Pikieta rysuj="true" numer="178.05" kodTerenu="K01">
      <X>463</X>
      <Y>255</Y>
      <Punkt>
        <X>658427.16</X>
        <Y>576526.92</Y>
      </Punkt>
      <Rzedna>91.15</Rzedna>
    </Pikieta>
    <Pikieta rysuj="true" numer="178.06" kodTerenu="K01">
      <X>463</X>
      <Y>278</Y>
      <Punkt>
        <X>658425.58</X>
        <Y>576526.78</Y>
      </Punkt>
      <Rzedna>90.92</Rzedna>
    </Pikieta>
    <Pikieta rysuj="true" numer="178.07" kodTerenu="K01">
      <X>463</X>
      <Y>301</Y>
      <Punkt>
        <X>658424.1</X>
        <Y>576526.56</Y>
      </Punkt>
      <Rzedna>90.93</Rzedna>
    </Pikieta>
    <Pikieta rysuj="true" numer="178.08" kodTerenu="K01">
      <X>463</X>
      <Y>324</Y>
      <Punkt>
        <X>658421.83</X>
        <Y>576526.41</Y>
      </Punkt>
      <Rzedna>91.32</Rzedna>
    </Pikieta>
    <Pikieta rysuj="true" numer="178.09" kodTerenu="K01">
      <X>463</X>
      <Y>347</Y>
      <Punkt>
        <X>658420.67</X>
        <Y>576525.98</Y>
      </Punkt>
      <Rzedna>91.29</Rzedna>
    </Pikieta>
    <Pikieta rysuj="true" numer="178.10" kodTerenu="K01">
      <X>463</X>
      <Y>370</Y>
      <Punkt>
        <X>658420.06</X>
        <Y>576525.91</Y>
      </Punkt>
      <Rzedna>91.97</Rzedna>
    </Pikieta>
    <Pikieta rysuj="true" numer="178.11" kodTerenu="T05">
      <X>463</X>
      <Y>393</Y>
      <Punkt>
        <X>658419.14</X>
        <Y>576526.11</Y>
      </Punkt>
      <Rzedna>92.39</Rzedna>
    </Pikieta>
    <Pikieta rysuj="true" numer="178.12" kodTerenu="T05">
      <X>463</X>
      <Y>416</Y>
      <Punkt>
        <X>658418.12</X>
        <Y>576526.18</Y>
      </Punkt>
      <Rzedna>92.7</Rzedna>
    </Pikieta>
    <Pikieta rysuj="true" numer="178.13" kodTerenu="T05">
      <X>463</X>
      <Y>439</Y>
      <Punkt>
        <X>658416.07</X>
        <Y>576526.3</Y>
      </Punkt>
      <Rzedna>93.82</Rzedna>
    </Pikieta>
    <Pikieta rysuj="true" numer="178.14" kodTerenu="T05">
      <X>463</X>
      <Y>462</Y>
      <Punkt>
        <X>658410.12</X>
        <Y>576526.52</Y>
      </Punkt>
      <Rzedna>93.93</Rzedna>
    </Pikieta>
  </Pikiety>
  <Fotografie>
    <Fotografia rysuj="true" numer="178" rotacja="100">
      <X>499</X>
      <Y>508</Y>
    </Fotografia>
  </Fotografie>
  <Skarpy>
    <Skarpa rysuj="true" startPikieta="2" endPikieta="3" brzeg="true" />
    <Skarpa rysuj="true" startPikieta="10" endPikieta="11" brzeg="true" />
    <Skarpa rysuj="true" startPikieta="12" endPikieta="13" brzeg="false" />
  </Skarpy>
  <Drogi />
  <Zabudowy />
  <Teksty />
</SzkicPrzekroju>