<?xml version="1.0" encoding="utf-8"?>
<SzkicPrzekroju xmlns:xsi="http://www.w3.org/2001/XMLSchema-instance" xmlns:xsd="http://www.w3.org/2001/XMLSchema" nazwaCieku="Pasłęka" numerObiektu="56" numerPrzekroju="179" dataPomiaru="28.02.2012">
  <Koryto rysuj="true" startPikieta="3" endPikieta="11" />
  <Pikiety>
    <Pikieta rysuj="true" numer="179.01" kodTerenu="">
      <X>463</X>
      <Y>163</Y>
      <Punkt>
        <X>658338.13</X>
        <Y>575738.19</Y>
      </Punkt>
      <Rzedna>92.86</Rzedna>
    </Pikieta>
    <Pikieta rysuj="true" numer="179.02" kodTerenu="T05">
      <X>463</X>
      <Y>188</Y>
      <Punkt>
        <X>658331.16</X>
        <Y>575739.25</Y>
      </Punkt>
      <Rzedna>92.62</Rzedna>
    </Pikieta>
    <Pikieta rysuj="true" numer="179.03" kodTerenu="T05">
      <X>463</X>
      <Y>213</Y>
      <Punkt>
        <X>658330.54</X>
        <Y>575739.3</Y>
      </Punkt>
      <Rzedna>92.56</Rzedna>
    </Pikieta>
    <Pikieta rysuj="true" numer="179.04" kodTerenu="K01">
      <X>463</X>
      <Y>238</Y>
      <Punkt>
        <X>658328.1</X>
        <Y>575739.75</Y>
      </Punkt>
      <Rzedna>91.63</Rzedna>
    </Pikieta>
    <Pikieta rysuj="true" numer="179.05" kodTerenu="K01">
      <X>463</X>
      <Y>263</Y>
      <Punkt>
        <X>658325.69</X>
        <Y>575740.1</Y>
      </Punkt>
      <Rzedna>91.39</Rzedna>
    </Pikieta>
    <Pikieta rysuj="true" numer="179.06" kodTerenu="K01">
      <X>463</X>
      <Y>288</Y>
      <Punkt>
        <X>658323.12</X>
        <Y>575740.82</Y>
      </Punkt>
      <Rzedna>91.4</Rzedna>
    </Pikieta>
    <Pikieta rysuj="true" numer="179.07" kodTerenu="K01">
      <X>463</X>
      <Y>313</Y>
      <Punkt>
        <X>658320.69</X>
        <Y>575741.05</Y>
      </Punkt>
      <Rzedna>91.3</Rzedna>
    </Pikieta>
    <Pikieta rysuj="true" numer="179.08" kodTerenu="K01">
      <X>463</X>
      <Y>338</Y>
      <Punkt>
        <X>658317.52</X>
        <Y>575741.22</Y>
      </Punkt>
      <Rzedna>91.34</Rzedna>
    </Pikieta>
    <Pikieta rysuj="true" numer="179.09" kodTerenu="K01">
      <X>463</X>
      <Y>363</Y>
      <Punkt>
        <X>658314.14</X>
        <Y>575741.54</Y>
      </Punkt>
      <Rzedna>91.51</Rzedna>
    </Pikieta>
    <Pikieta rysuj="true" numer="179.10" kodTerenu="K01">
      <X>463</X>
      <Y>388</Y>
      <Punkt>
        <X>658311.44</X>
        <Y>575741.65</Y>
      </Punkt>
      <Rzedna>91.95</Rzedna>
    </Pikieta>
    <Pikieta rysuj="true" numer="179.11" kodTerenu="K01">
      <X>463</X>
      <Y>413</Y>
      <Punkt>
        <X>658310.69</X>
        <Y>575742.2</Y>
      </Punkt>
      <Rzedna>92.56</Rzedna>
    </Pikieta>
    <Pikieta rysuj="true" numer="179.12" kodTerenu="T02">
      <X>463</X>
      <Y>438</Y>
      <Punkt>
        <X>658307.38</X>
        <Y>575742.79</Y>
      </Punkt>
      <Rzedna>92.9</Rzedna>
    </Pikieta>
    <Pikieta rysuj="true" numer="179.13" kodTerenu="T02">
      <X>463</X>
      <Y>463</Y>
      <Punkt>
        <X>658301.22</X>
        <Y>575744.47</Y>
      </Punkt>
      <Rzedna>92.8</Rzedna>
    </Pikieta>
  </Pikiety>
  <Fotografie>
    <Fotografia rysuj="true" numer="179" rotacja="255">
      <X>516</X>
      <Y>98</Y>
    </Fotografia>
  </Fotografie>
  <Skarpy>
    <Skarpa rysuj="true" startPikieta="2" endPikieta="3" brzeg="true" />
    <Skarpa rysuj="true" startPikieta="11" endPikieta="12" brzeg="true" />
  </Skarpy>
  <Drogi />
  <Zabudowy />
  <Teksty />
</SzkicPrzekroju>