<?xml version="1.0" encoding="utf-8"?>
<SzkicPrzekroju xmlns:xsi="http://www.w3.org/2001/XMLSchema-instance" xmlns:xsd="http://www.w3.org/2001/XMLSchema" nazwaCieku="Pasłęka" numerObiektu="56" numerPrzekroju="180" dataPomiaru="28.02.2012">
  <Koryto rysuj="true" startPikieta="3" endPikieta="12" />
  <Pikiety>
    <Pikieta rysuj="true" numer="180.01" kodTerenu="">
      <X>463</X>
      <Y>163</Y>
      <Punkt>
        <X>656283.05</X>
        <Y>576034.65</Y>
      </Punkt>
      <Rzedna>93.14</Rzedna>
    </Pikieta>
    <Pikieta rysuj="true" numer="180.02" kodTerenu="T04">
      <X>463</X>
      <Y>186</Y>
      <Punkt>
        <X>656287.4</X>
        <Y>576039.7</Y>
      </Punkt>
      <Rzedna>93.07</Rzedna>
    </Pikieta>
    <Pikieta rysuj="true" numer="180.03" kodTerenu="T04">
      <X>463</X>
      <Y>209</Y>
      <Punkt>
        <X>656287.66</X>
        <Y>576040.28</Y>
      </Punkt>
      <Rzedna>92.64</Rzedna>
    </Pikieta>
    <Pikieta rysuj="true" numer="180.04" kodTerenu="K01">
      <X>463</X>
      <Y>232</Y>
      <Punkt>
        <X>656288.1</X>
        <Y>576041.29</Y>
      </Punkt>
      <Rzedna>91.61</Rzedna>
    </Pikieta>
    <Pikieta rysuj="true" numer="180.05" kodTerenu="K02">
      <X>463</X>
      <Y>255</Y>
      <Punkt>
        <X>656289.4</X>
        <Y>576042.58</Y>
      </Punkt>
      <Rzedna>91.73</Rzedna>
    </Pikieta>
    <Pikieta rysuj="true" numer="180.06" kodTerenu="K02">
      <X>463</X>
      <Y>278</Y>
      <Punkt>
        <X>656290.54</X>
        <Y>576043.86</Y>
      </Punkt>
      <Rzedna>91.73</Rzedna>
    </Pikieta>
    <Pikieta rysuj="true" numer="180.07" kodTerenu="K02">
      <X>463</X>
      <Y>301</Y>
      <Punkt>
        <X>656292.01</X>
        <Y>576045.58</Y>
      </Punkt>
      <Rzedna>91.94</Rzedna>
    </Pikieta>
    <Pikieta rysuj="true" numer="180.08" kodTerenu="K02">
      <X>463</X>
      <Y>324</Y>
      <Punkt>
        <X>656293.84</X>
        <Y>576047.44</Y>
      </Punkt>
      <Rzedna>92.19</Rzedna>
    </Pikieta>
    <Pikieta rysuj="true" numer="180.09" kodTerenu="K02">
      <X>463</X>
      <Y>347</Y>
      <Punkt>
        <X>656295.7</X>
        <Y>576049.38</Y>
      </Punkt>
      <Rzedna>92.17</Rzedna>
    </Pikieta>
    <Pikieta rysuj="true" numer="180.10" kodTerenu="K02">
      <X>463</X>
      <Y>370</Y>
      <Punkt>
        <X>656298.19</X>
        <Y>576051.7</Y>
      </Punkt>
      <Rzedna>92.11</Rzedna>
    </Pikieta>
    <Pikieta rysuj="true" numer="180.11" kodTerenu="K02">
      <X>463</X>
      <Y>393</Y>
      <Punkt>
        <X>656299.15</X>
        <Y>576052.96</Y>
      </Punkt>
      <Rzedna>92.11</Rzedna>
    </Pikieta>
    <Pikieta rysuj="true" numer="180.12" kodTerenu="K01">
      <X>463</X>
      <Y>416</Y>
      <Punkt>
        <X>656299.39</X>
        <Y>576053.44</Y>
      </Punkt>
      <Rzedna>92.64</Rzedna>
    </Pikieta>
    <Pikieta rysuj="true" numer="180.13" kodTerenu="T04">
      <X>463</X>
      <Y>439</Y>
      <Punkt>
        <X>656300.14</X>
        <Y>576054.44</Y>
      </Punkt>
      <Rzedna>93.13</Rzedna>
    </Pikieta>
    <Pikieta rysuj="true" numer="180.14" kodTerenu="T04">
      <X>463</X>
      <Y>462</Y>
      <Punkt>
        <X>656304.28</X>
        <Y>576059.71</Y>
      </Punkt>
      <Rzedna>93.1</Rzedna>
    </Pikieta>
  </Pikiety>
  <Fotografie>
    <Fotografia rysuj="true" numer="180" rotacja="100">
      <X>502</X>
      <Y>501</Y>
    </Fotografia>
  </Fotografie>
  <Skarpy>
    <Skarpa rysuj="true" startPikieta="2" endPikieta="3" brzeg="true" />
    <Skarpa rysuj="true" startPikieta="12" endPikieta="13" brzeg="true" />
  </Skarpy>
  <Drogi />
  <Zabudowy />
  <Teksty />
</SzkicPrzekroju>