<?xml version="1.0" encoding="utf-8"?>
<SzkicPrzekroju xmlns:xsi="http://www.w3.org/2001/XMLSchema-instance" xmlns:xsd="http://www.w3.org/2001/XMLSchema" nazwaCieku="Pasłęka" numerObiektu="56" numerPrzekroju="181" dataPomiaru="28.02.2012">
  <Koryto rysuj="true" startPikieta="3" endPikieta="12" />
  <Pikiety>
    <Pikieta rysuj="true" numer="181.01" kodTerenu="">
      <X>463</X>
      <Y>163</Y>
      <Punkt>
        <X>656201.45</X>
        <Y>576079.83</Y>
      </Punkt>
      <Rzedna>93.67</Rzedna>
    </Pikieta>
    <Pikieta rysuj="true" numer="181.02" kodTerenu="T04">
      <X>463</X>
      <Y>186</Y>
      <Punkt>
        <X>656202.27</X>
        <Y>576087.72</Y>
      </Punkt>
      <Rzedna>93.2</Rzedna>
    </Pikieta>
    <Pikieta rysuj="true" numer="181.03" kodTerenu="T04">
      <X>463</X>
      <Y>209</Y>
      <Punkt>
        <X>656202.37</X>
        <Y>576088.17</Y>
      </Punkt>
      <Rzedna>92.77</Rzedna>
    </Pikieta>
    <Pikieta rysuj="true" numer="181.04" kodTerenu="K01">
      <X>463</X>
      <Y>232</Y>
      <Punkt>
        <X>656202.38</X>
        <Y>576089.36</Y>
      </Punkt>
      <Rzedna>92.37</Rzedna>
    </Pikieta>
    <Pikieta rysuj="true" numer="181.05" kodTerenu="K02">
      <X>463</X>
      <Y>255</Y>
      <Punkt>
        <X>656202.45</X>
        <Y>576091</Y>
      </Punkt>
      <Rzedna>92.45</Rzedna>
    </Pikieta>
    <Pikieta rysuj="true" numer="181.06" kodTerenu="K02">
      <X>463</X>
      <Y>278</Y>
      <Punkt>
        <X>656202.3</X>
        <Y>576092.68</Y>
      </Punkt>
      <Rzedna>92.39</Rzedna>
    </Pikieta>
    <Pikieta rysuj="true" numer="181.07" kodTerenu="K02">
      <X>463</X>
      <Y>301</Y>
      <Punkt>
        <X>656202.16</X>
        <Y>576094.23</Y>
      </Punkt>
      <Rzedna>92.19</Rzedna>
    </Pikieta>
    <Pikieta rysuj="true" numer="181.08" kodTerenu="K02">
      <X>463</X>
      <Y>324</Y>
      <Punkt>
        <X>656201.97</X>
        <Y>576095.54</Y>
      </Punkt>
      <Rzedna>92.17</Rzedna>
    </Pikieta>
    <Pikieta rysuj="true" numer="181.09" kodTerenu="K02">
      <X>463</X>
      <Y>347</Y>
      <Punkt>
        <X>656201.74</X>
        <Y>576097.07</Y>
      </Punkt>
      <Rzedna>91.93</Rzedna>
    </Pikieta>
    <Pikieta rysuj="true" numer="181.10" kodTerenu="K02">
      <X>463</X>
      <Y>370</Y>
      <Punkt>
        <X>656201.72</X>
        <Y>576098.78</Y>
      </Punkt>
      <Rzedna>91.89</Rzedna>
    </Pikieta>
    <Pikieta rysuj="true" numer="181.11" kodTerenu="K02">
      <X>463</X>
      <Y>393</Y>
      <Punkt>
        <X>656201.75</X>
        <Y>576100.62</Y>
      </Punkt>
      <Rzedna>92.32</Rzedna>
    </Pikieta>
    <Pikieta rysuj="true" numer="181.12" kodTerenu="K02">
      <X>463</X>
      <Y>416</Y>
      <Punkt>
        <X>656201.46</X>
        <Y>576101.67</Y>
      </Punkt>
      <Rzedna>92.77</Rzedna>
    </Pikieta>
    <Pikieta rysuj="true" numer="181.13" kodTerenu="T04">
      <X>463</X>
      <Y>439</Y>
      <Punkt>
        <X>656201.64</X>
        <Y>576103.12</Y>
      </Punkt>
      <Rzedna>93.48</Rzedna>
    </Pikieta>
    <Pikieta rysuj="true" numer="181.14" kodTerenu="T04">
      <X>463</X>
      <Y>462</Y>
      <Punkt>
        <X>656202.08</X>
        <Y>576108.3</Y>
      </Punkt>
      <Rzedna>93.66</Rzedna>
    </Pikieta>
  </Pikiety>
  <Fotografie>
    <Fotografia rysuj="true" numer="181" rotacja="100">
      <X>515</X>
      <Y>500</Y>
    </Fotografia>
  </Fotografie>
  <Skarpy>
    <Skarpa rysuj="true" startPikieta="2" endPikieta="3" brzeg="true" />
    <Skarpa rysuj="true" startPikieta="12" endPikieta="13" brzeg="true" />
  </Skarpy>
  <Drogi />
  <Zabudowy />
  <Teksty />
</SzkicPrzekroju>