<?xml version="1.0" encoding="utf-8"?>
<SzkicPrzekroju xmlns:xsi="http://www.w3.org/2001/XMLSchema-instance" xmlns:xsd="http://www.w3.org/2001/XMLSchema" nazwaCieku="Pasłęka" numerObiektu="56" numerPrzekroju="182" dataPomiaru="28.02.2012">
  <Koryto rysuj="true" startPikieta="5" endPikieta="11" />
  <Pikiety>
    <Pikieta rysuj="true" numer="182.01" kodTerenu="">
      <X>463</X>
      <Y>163</Y>
      <Punkt>
        <X>655991.1</X>
        <Y>575979.16</Y>
      </Punkt>
      <Rzedna>99.33</Rzedna>
    </Pikieta>
    <Pikieta rysuj="true" numer="182.02" kodTerenu="T05">
      <X>463</X>
      <Y>186</Y>
      <Punkt>
        <X>655987.84</X>
        <Y>575983.62</Y>
      </Punkt>
      <Rzedna>98.55</Rzedna>
    </Pikieta>
    <Pikieta rysuj="true" numer="182.03" kodTerenu="T05">
      <X>463</X>
      <Y>209</Y>
      <Punkt>
        <X>655984.1</X>
        <Y>575989.02</Y>
      </Punkt>
      <Rzedna>95.07</Rzedna>
    </Pikieta>
    <Pikieta rysuj="true" numer="182.04" kodTerenu="T05">
      <X>463</X>
      <Y>232</Y>
      <Punkt>
        <X>655982.3</X>
        <Y>575991.46</Y>
      </Punkt>
      <Rzedna>94.24</Rzedna>
    </Pikieta>
    <Pikieta rysuj="true" numer="182.05" kodTerenu="T05">
      <X>463</X>
      <Y>255</Y>
      <Punkt>
        <X>655981.44</X>
        <Y>575992.13</Y>
      </Punkt>
      <Rzedna>93.21</Rzedna>
    </Pikieta>
    <Pikieta rysuj="true" numer="182.06" kodTerenu="K03">
      <X>463</X>
      <Y>278</Y>
      <Punkt>
        <X>655980.5</X>
        <Y>575993.52</Y>
      </Punkt>
      <Rzedna>92.82</Rzedna>
    </Pikieta>
    <Pikieta rysuj="true" numer="182.07" kodTerenu="K03">
      <X>463</X>
      <Y>301</Y>
      <Punkt>
        <X>655979.37</X>
        <Y>575994.4</Y>
      </Punkt>
      <Rzedna>92.46</Rzedna>
    </Pikieta>
    <Pikieta rysuj="true" numer="182.08" kodTerenu="K03">
      <X>463</X>
      <Y>324</Y>
      <Punkt>
        <X>655978.72</X>
        <Y>575995.59</Y>
      </Punkt>
      <Rzedna>92.41</Rzedna>
    </Pikieta>
    <Pikieta rysuj="true" numer="182.09" kodTerenu="K03">
      <X>463</X>
      <Y>347</Y>
      <Punkt>
        <X>655977.86</X>
        <Y>575996.94</Y>
      </Punkt>
      <Rzedna>92.48</Rzedna>
    </Pikieta>
    <Pikieta rysuj="true" numer="182.10" kodTerenu="K03">
      <X>463</X>
      <Y>370</Y>
      <Punkt>
        <X>655977.05</X>
        <Y>575998.1</Y>
      </Punkt>
      <Rzedna>92.73</Rzedna>
    </Pikieta>
    <Pikieta rysuj="true" numer="182.11" kodTerenu="K03">
      <X>463</X>
      <Y>393</Y>
      <Punkt>
        <X>655977.18</X>
        <Y>575998.67</Y>
      </Punkt>
      <Rzedna>93.21</Rzedna>
    </Pikieta>
    <Pikieta rysuj="true" numer="182.12" kodTerenu="T05">
      <X>463</X>
      <Y>416</Y>
      <Punkt>
        <X>655974.66</X>
        <Y>575999.63</Y>
      </Punkt>
      <Rzedna>94.97</Rzedna>
    </Pikieta>
    <Pikieta rysuj="true" numer="182.13" kodTerenu="T05">
      <X>463</X>
      <Y>439</Y>
      <Punkt>
        <X>655971.32</X>
        <Y>576002</Y>
      </Punkt>
      <Rzedna>95.73</Rzedna>
    </Pikieta>
    <Pikieta rysuj="true" numer="182.14" kodTerenu="T05">
      <X>463</X>
      <Y>462</Y>
      <Punkt>
        <X>655963.64</X>
        <Y>576009</Y>
      </Punkt>
      <Rzedna>98.78</Rzedna>
    </Pikieta>
  </Pikiety>
  <Fotografie>
    <Fotografia rysuj="true" numer="182" rotacja="280">
      <X>452</X>
      <Y>105</Y>
    </Fotografia>
  </Fotografie>
  <Skarpy>
    <Skarpa rysuj="true" startPikieta="4" endPikieta="5" brzeg="true" />
    <Skarpa rysuj="true" startPikieta="11" endPikieta="12" brzeg="true" />
    <Skarpa rysuj="true" startPikieta="2" endPikieta="3" brzeg="false" />
    <Skarpa rysuj="true" startPikieta="13" endPikieta="14" brzeg="false" />
  </Skarpy>
  <Drogi />
  <Zabudowy />
  <Teksty />
</SzkicPrzekroju>