<?xml version="1.0" encoding="utf-8"?>
<SzkicPrzekroju xmlns:xsi="http://www.w3.org/2001/XMLSchema-instance" xmlns:xsd="http://www.w3.org/2001/XMLSchema" nazwaCieku="Pasłęka" numerObiektu="56" numerPrzekroju="183" dataPomiaru="28.02.2012">
  <Koryto rysuj="true" startPikieta="3" endPikieta="11" />
  <Pikiety>
    <Pikieta rysuj="true" numer="183.01" kodTerenu="">
      <X>463</X>
      <Y>163</Y>
      <Punkt>
        <X>655833.72</X>
        <Y>575798.84</Y>
      </Punkt>
      <Rzedna>97.15</Rzedna>
    </Pikieta>
    <Pikieta rysuj="true" numer="183.02" kodTerenu="T05">
      <X>463</X>
      <Y>188</Y>
      <Punkt>
        <X>655828.58</X>
        <Y>575803.26</Y>
      </Punkt>
      <Rzedna>96.77</Rzedna>
    </Pikieta>
    <Pikieta rysuj="true" numer="183.03" kodTerenu="T05">
      <X>463</X>
      <Y>213</Y>
      <Punkt>
        <X>655827.69</X>
        <Y>575803.88</Y>
      </Punkt>
      <Rzedna>96.07</Rzedna>
    </Pikieta>
    <Pikieta rysuj="true" numer="183.04" kodTerenu="K01">
      <X>463</X>
      <Y>238</Y>
      <Punkt>
        <X>655826.49</X>
        <Y>575805.73</Y>
      </Punkt>
      <Rzedna>94.77</Rzedna>
    </Pikieta>
    <Pikieta rysuj="true" numer="183.05" kodTerenu="K01">
      <X>463</X>
      <Y>263</Y>
      <Punkt>
        <X>655824.62</X>
        <Y>575806.84</Y>
      </Punkt>
      <Rzedna>94.16</Rzedna>
    </Pikieta>
    <Pikieta rysuj="true" numer="183.06" kodTerenu="K01">
      <X>463</X>
      <Y>288</Y>
      <Punkt>
        <X>655822.73</X>
        <Y>575808.37</Y>
      </Punkt>
      <Rzedna>93.72</Rzedna>
    </Pikieta>
    <Pikieta rysuj="true" numer="183.07" kodTerenu="K01">
      <X>463</X>
      <Y>313</Y>
      <Punkt>
        <X>655821.26</X>
        <Y>575809.5</Y>
      </Punkt>
      <Rzedna>93.54</Rzedna>
    </Pikieta>
    <Pikieta rysuj="true" numer="183.08" kodTerenu="K01">
      <X>463</X>
      <Y>338</Y>
      <Punkt>
        <X>655819.23</X>
        <Y>575811.56</Y>
      </Punkt>
      <Rzedna>94.1</Rzedna>
    </Pikieta>
    <Pikieta rysuj="true" numer="183.09" kodTerenu="K01">
      <X>463</X>
      <Y>363</Y>
      <Punkt>
        <X>655817.23</X>
        <Y>575812.64</Y>
      </Punkt>
      <Rzedna>94.75</Rzedna>
    </Pikieta>
    <Pikieta rysuj="true" numer="183.10" kodTerenu="K01">
      <X>463</X>
      <Y>388</Y>
      <Punkt>
        <X>655816.27</X>
        <Y>575813.77</Y>
      </Punkt>
      <Rzedna>94.1</Rzedna>
    </Pikieta>
    <Pikieta rysuj="true" numer="183.11" kodTerenu="K01">
      <X>463</X>
      <Y>413</Y>
      <Punkt>
        <X>655814.32</X>
        <Y>575815.13</Y>
      </Punkt>
      <Rzedna>96.07</Rzedna>
    </Pikieta>
    <Pikieta rysuj="true" numer="183.12" kodTerenu="T05">
      <X>463</X>
      <Y>438</Y>
      <Punkt>
        <X>655813.64</X>
        <Y>575815.59</Y>
      </Punkt>
      <Rzedna>96.86</Rzedna>
    </Pikieta>
    <Pikieta rysuj="true" numer="183.13" kodTerenu="T05">
      <X>463</X>
      <Y>463</Y>
      <Punkt>
        <X>655807.73</X>
        <Y>575820.26</Y>
      </Punkt>
      <Rzedna>96.93</Rzedna>
    </Pikieta>
  </Pikiety>
  <Fotografie>
    <Fotografia rysuj="true" numer="183" rotacja="255">
      <X>530</X>
      <Y>114</Y>
    </Fotografia>
  </Fotografie>
  <Skarpy>
    <Skarpa rysuj="true" startPikieta="2" endPikieta="3" brzeg="true" />
    <Skarpa rysuj="true" startPikieta="11" endPikieta="12" brzeg="true" />
  </Skarpy>
  <Drogi />
  <Zabudowy />
  <Teksty />
</SzkicPrzekroju>