<?xml version="1.0" encoding="utf-8"?>
<SzkicPrzekroju xmlns:xsi="http://www.w3.org/2001/XMLSchema-instance" xmlns:xsd="http://www.w3.org/2001/XMLSchema" nazwaCieku="Pasłęka" numerObiektu="56" numerPrzekroju="184" dataPomiaru="27.02.2012">
  <Koryto rysuj="true" startPikieta="3" endPikieta="9" />
  <Pikiety>
    <Pikieta rysuj="true" numer="184.01" kodTerenu="">
      <X>463</X>
      <Y>163</Y>
      <Punkt>
        <X>655079.19</X>
        <Y>576029.04</Y>
      </Punkt>
      <Rzedna>98.33</Rzedna>
    </Pikieta>
    <Pikieta rysuj="true" numer="184.02" kodTerenu="T02">
      <X>463</X>
      <Y>193</Y>
      <Punkt>
        <X>655085.82</X>
        <Y>576027.87</Y>
      </Punkt>
      <Rzedna>97.45</Rzedna>
    </Pikieta>
    <Pikieta rysuj="true" numer="184.03" kodTerenu="T02">
      <X>463</X>
      <Y>223</Y>
      <Punkt>
        <X>655089</X>
        <Y>576026.88</Y>
      </Punkt>
      <Rzedna>96.08</Rzedna>
    </Pikieta>
    <Pikieta rysuj="true" numer="184.04" kodTerenu="K01">
      <X>463</X>
      <Y>253</Y>
      <Punkt>
        <X>655090.06</X>
        <Y>576026.45</Y>
      </Punkt>
      <Rzedna>95.42</Rzedna>
    </Pikieta>
    <Pikieta rysuj="true" numer="184.05" kodTerenu="K01">
      <X>463</X>
      <Y>283</Y>
      <Punkt>
        <X>655091.45</X>
        <Y>576026.1</Y>
      </Punkt>
      <Rzedna>94.61</Rzedna>
    </Pikieta>
    <Pikieta rysuj="true" numer="184.06" kodTerenu="K01">
      <X>463</X>
      <Y>313</Y>
      <Punkt>
        <X>655093.41</X>
        <Y>576026.41</Y>
      </Punkt>
      <Rzedna>94.4</Rzedna>
    </Pikieta>
    <Pikieta rysuj="true" numer="184.07" kodTerenu="K01">
      <X>463</X>
      <Y>343</Y>
      <Punkt>
        <X>655095.87</X>
        <Y>576025.16</Y>
      </Punkt>
      <Rzedna>94.68</Rzedna>
    </Pikieta>
    <Pikieta rysuj="true" numer="184.08" kodTerenu="K01">
      <X>463</X>
      <Y>373</Y>
      <Punkt>
        <X>655097.01</X>
        <Y>576025.27</Y>
      </Punkt>
      <Rzedna>95.03</Rzedna>
    </Pikieta>
    <Pikieta rysuj="true" numer="184.09" kodTerenu="K01">
      <X>463</X>
      <Y>403</Y>
      <Punkt>
        <X>655097.77</X>
        <Y>576024.92</Y>
      </Punkt>
      <Rzedna>96.08</Rzedna>
    </Pikieta>
    <Pikieta rysuj="true" numer="184.10" kodTerenu="T02">
      <X>463</X>
      <Y>433</Y>
      <Punkt>
        <X>655099.35</X>
        <Y>576024.08</Y>
      </Punkt>
      <Rzedna>96.54</Rzedna>
    </Pikieta>
    <Pikieta rysuj="true" numer="184.11" kodTerenu="T02">
      <X>463</X>
      <Y>463</Y>
      <Punkt>
        <X>655105.55</X>
        <Y>576022.59</Y>
      </Punkt>
      <Rzedna>96.78</Rzedna>
    </Pikieta>
  </Pikiety>
  <Fotografie>
    <Fotografia rysuj="true" numer="184" rotacja="90">
      <X>487</X>
      <Y>507</Y>
    </Fotografia>
  </Fotografie>
  <Skarpy>
    <Skarpa rysuj="true" startPikieta="2" endPikieta="3" brzeg="true" />
    <Skarpa rysuj="true" startPikieta="9" endPikieta="10" brzeg="true" />
  </Skarpy>
  <Drogi />
  <Zabudowy />
  <Teksty />
</SzkicPrzekroju>