<?xml version="1.0" encoding="utf-8"?>
<SzkicPrzekroju xmlns:xsi="http://www.w3.org/2001/XMLSchema-instance" xmlns:xsd="http://www.w3.org/2001/XMLSchema" nazwaCieku="Pasłęka" numerObiektu="185" numerPrzekroju="185" dataPomiaru="24.02.2012">
  <Koryto rysuj="true" startPikieta="3" endPikieta="10" />
  <Pikiety>
    <Pikieta rysuj="true" numer="185.01" kodTerenu="">
      <X>463</X>
      <Y>163</Y>
      <Punkt>
        <X>655046.48</X>
        <Y>576447.7</Y>
      </Punkt>
      <Rzedna>99.19</Rzedna>
    </Pikieta>
    <Pikieta rysuj="true" numer="185.02" kodTerenu="T02">
      <X>463</X>
      <Y>190</Y>
      <Punkt>
        <X>655052.78</X>
        <Y>576448.41</Y>
      </Punkt>
      <Rzedna>98.33</Rzedna>
    </Pikieta>
    <Pikieta rysuj="true" numer="185.03" kodTerenu="T02">
      <X>463</X>
      <Y>217</Y>
      <Punkt>
        <X>655055.07</X>
        <Y>576447.69</Y>
      </Punkt>
      <Rzedna>96.46</Rzedna>
    </Pikieta>
    <Pikieta rysuj="true" numer="185.04" kodTerenu="K01">
      <X>463</X>
      <Y>244</Y>
      <Punkt>
        <X>655055.66</X>
        <Y>576447.68</Y>
      </Punkt>
      <Rzedna>95.84</Rzedna>
    </Pikieta>
    <Pikieta rysuj="true" numer="185.05" kodTerenu="K01">
      <X>463</X>
      <Y>271</Y>
      <Punkt>
        <X>655057.42</X>
        <Y>576447.95</Y>
      </Punkt>
      <Rzedna>95.62</Rzedna>
    </Pikieta>
    <Pikieta rysuj="true" numer="185.06" kodTerenu="K01">
      <X>463</X>
      <Y>298</Y>
      <Punkt>
        <X>655058.63</X>
        <Y>576447.75</Y>
      </Punkt>
      <Rzedna>95.58</Rzedna>
    </Pikieta>
    <Pikieta rysuj="true" numer="185.07" kodTerenu="K03">
      <X>463</X>
      <Y>325</Y>
      <Punkt>
        <X>655059.44</X>
        <Y>576447.62</Y>
      </Punkt>
      <Rzedna>95.43</Rzedna>
    </Pikieta>
    <Pikieta rysuj="true" numer="185.08" kodTerenu="K03">
      <X>463</X>
      <Y>352</Y>
      <Punkt>
        <X>655060.11</X>
        <Y>576447.63</Y>
      </Punkt>
      <Rzedna>95.54</Rzedna>
    </Pikieta>
    <Pikieta rysuj="true" numer="185.09" kodTerenu="K03">
      <X>463</X>
      <Y>379</Y>
      <Punkt>
        <X>655061.02</X>
        <Y>576447.71</Y>
      </Punkt>
      <Rzedna>95.62</Rzedna>
    </Pikieta>
    <Pikieta rysuj="true" numer="185.01" kodTerenu="K03">
      <X>463</X>
      <Y>406</Y>
      <Punkt>
        <X>655062.31</X>
        <Y>576447.72</Y>
      </Punkt>
      <Rzedna>96.46</Rzedna>
    </Pikieta>
    <Pikieta rysuj="true" numer="185.11" kodTerenu="T02">
      <X>463</X>
      <Y>433</Y>
      <Punkt>
        <X>655063.43</X>
        <Y>576447.98</Y>
      </Punkt>
      <Rzedna>97.44</Rzedna>
    </Pikieta>
    <Pikieta rysuj="true" numer="185.12" kodTerenu="T02">
      <X>463</X>
      <Y>460</Y>
      <Punkt>
        <X>655068.94</X>
        <Y>576447.87</Y>
      </Punkt>
      <Rzedna>97.61</Rzedna>
    </Pikieta>
  </Pikiety>
  <Fotografie>
    <Fotografia rysuj="true" numer="185" rotacja="80">
      <X>461</X>
      <Y>507</Y>
    </Fotografia>
  </Fotografie>
  <Skarpy>
    <Skarpa rysuj="true" startPikieta="2" endPikieta="3" brzeg="true" />
    <Skarpa rysuj="true" startPikieta="10" endPikieta="11" brzeg="true" />
  </Skarpy>
  <Drogi />
  <Zabudowy />
  <Teksty />
</SzkicPrzekroju>