<?xml version="1.0" encoding="utf-8"?>
<SzkicPrzekroju xmlns:xsi="http://www.w3.org/2001/XMLSchema-instance" xmlns:xsd="http://www.w3.org/2001/XMLSchema" nazwaCieku="Pasłęka" numerObiektu="186" numerPrzekroju="186" dataPomiaru="24.02.2012">
  <Koryto rysuj="true" startPikieta="3" endPikieta="11" />
  <Pikiety>
    <Pikieta rysuj="true" numer="186.01" kodTerenu="">
      <X>463</X>
      <Y>163</Y>
      <Punkt>
        <X>655042.22</X>
        <Y>576479.38</Y>
      </Punkt>
      <Rzedna>99.84</Rzedna>
    </Pikieta>
    <Pikieta rysuj="true" numer="186.02" kodTerenu="T02">
      <X>463</X>
      <Y>188</Y>
      <Punkt>
        <X>655049.15</X>
        <Y>576480.82</Y>
      </Punkt>
      <Rzedna>99.19</Rzedna>
    </Pikieta>
    <Pikieta rysuj="true" numer="186.03" kodTerenu="T02">
      <X>463</X>
      <Y>213</Y>
      <Punkt>
        <X>655050.48</X>
        <Y>576480.14</Y>
      </Punkt>
      <Rzedna>98.42</Rzedna>
    </Pikieta>
    <Pikieta rysuj="true" numer="186.04" kodTerenu="K01">
      <X>463</X>
      <Y>238</Y>
      <Punkt>
        <X>655051.03</X>
        <Y>576480.33</Y>
      </Punkt>
      <Rzedna>97.95</Rzedna>
    </Pikieta>
    <Pikieta rysuj="true" numer="186.05" kodTerenu="K01">
      <X>463</X>
      <Y>263</Y>
      <Punkt>
        <X>655052.17</X>
        <Y>576480.34</Y>
      </Punkt>
      <Rzedna>97.24</Rzedna>
    </Pikieta>
    <Pikieta rysuj="true" numer="186.06" kodTerenu="K02">
      <X>463</X>
      <Y>288</Y>
      <Punkt>
        <X>655054.01</X>
        <Y>576479.59</Y>
      </Punkt>
      <Rzedna>97.05</Rzedna>
    </Pikieta>
    <Pikieta rysuj="true" numer="186.07" kodTerenu="K02">
      <X>463</X>
      <Y>313</Y>
      <Punkt>
        <X>655055.43</X>
        <Y>576478.99</Y>
      </Punkt>
      <Rzedna>96.7</Rzedna>
    </Pikieta>
    <Pikieta rysuj="true" numer="186.08" kodTerenu="K02">
      <X>463</X>
      <Y>338</Y>
      <Punkt>
        <X>655056.33</X>
        <Y>576479.12</Y>
      </Punkt>
      <Rzedna>97.18</Rzedna>
    </Pikieta>
    <Pikieta rysuj="true" numer="186.09" kodTerenu="K02">
      <X>463</X>
      <Y>363</Y>
      <Punkt>
        <X>655057.37</X>
        <Y>576479.07</Y>
      </Punkt>
      <Rzedna>97.08</Rzedna>
    </Pikieta>
    <Pikieta rysuj="true" numer="186.01" kodTerenu="K02">
      <X>463</X>
      <Y>388</Y>
      <Punkt>
        <X>655059.01</X>
        <Y>576479.18</Y>
      </Punkt>
      <Rzedna>97.29</Rzedna>
    </Pikieta>
    <Pikieta rysuj="true" numer="186.11" kodTerenu="K02">
      <X>463</X>
      <Y>413</Y>
      <Punkt>
        <X>655059.55</X>
        <Y>576479.16</Y>
      </Punkt>
      <Rzedna>98.42</Rzedna>
    </Pikieta>
    <Pikieta rysuj="true" numer="186.12" kodTerenu="T02">
      <X>463</X>
      <Y>438</Y>
      <Punkt>
        <X>655059.86</X>
        <Y>576479.27</Y>
      </Punkt>
      <Rzedna>98.88</Rzedna>
    </Pikieta>
    <Pikieta rysuj="true" numer="186.13" kodTerenu="T02">
      <X>463</X>
      <Y>463</Y>
      <Punkt>
        <X>655065.86</X>
        <Y>576480.12</Y>
      </Punkt>
      <Rzedna>98.5</Rzedna>
    </Pikieta>
  </Pikiety>
  <Fotografie>
    <Fotografia rysuj="true" numer="186" rotacja="230">
      <X>682</X>
      <Y>105</Y>
    </Fotografia>
  </Fotografie>
  <Skarpy>
    <Skarpa rysuj="true" startPikieta="2" endPikieta="3" brzeg="true" />
    <Skarpa rysuj="true" startPikieta="11" endPikieta="12" brzeg="true" />
  </Skarpy>
  <Drogi />
  <Zabudowy />
  <Teksty />
</SzkicPrzekroju>