<?xml version="1.0" encoding="utf-8"?>
<SzkicPrzekroju xmlns:xsi="http://www.w3.org/2001/XMLSchema-instance" xmlns:xsd="http://www.w3.org/2001/XMLSchema" nazwaCieku="Pasłęka" numerObiektu="187" numerPrzekroju="187" dataPomiaru="23.02.2012">
  <Koryto rysuj="true" startPikieta="3" endPikieta="12" />
  <Pikiety>
    <Pikieta rysuj="true" numer="187.01" kodTerenu="">
      <X>463</X>
      <Y>163</Y>
      <Punkt>
        <X>655068.16</X>
        <Y>576621.4</Y>
      </Punkt>
      <Rzedna>99.93</Rzedna>
    </Pikieta>
    <Pikieta rysuj="true" numer="187.02" kodTerenu="T02">
      <X>463</X>
      <Y>186</Y>
      <Punkt>
        <X>655074.94</X>
        <Y>576617.17</Y>
      </Punkt>
      <Rzedna>99.59</Rzedna>
    </Pikieta>
    <Pikieta rysuj="true" numer="187.03" kodTerenu="T02">
      <X>463</X>
      <Y>209</Y>
      <Punkt>
        <X>655078.48</X>
        <Y>576614.98</Y>
      </Punkt>
      <Rzedna>98.5</Rzedna>
    </Pikieta>
    <Pikieta rysuj="true" numer="187.04" kodTerenu="K02">
      <X>463</X>
      <Y>232</Y>
      <Punkt>
        <X>655081.87</X>
        <Y>576613.37</Y>
      </Punkt>
      <Rzedna>98.49</Rzedna>
    </Pikieta>
    <Pikieta rysuj="true" numer="187.05" kodTerenu="K02">
      <X>463</X>
      <Y>255</Y>
      <Punkt>
        <X>655082.94</X>
        <Y>576612.59</Y>
      </Punkt>
      <Rzedna>98.26</Rzedna>
    </Pikieta>
    <Pikieta rysuj="true" numer="187.06" kodTerenu="K02">
      <X>463</X>
      <Y>278</Y>
      <Punkt>
        <X>655083.85</X>
        <Y>576611.93</Y>
      </Punkt>
      <Rzedna>98.28</Rzedna>
    </Pikieta>
    <Pikieta rysuj="true" numer="187.07" kodTerenu="K02">
      <X>463</X>
      <Y>301</Y>
      <Punkt>
        <X>655084.59</X>
        <Y>576611.55</Y>
      </Punkt>
      <Rzedna>98.33</Rzedna>
    </Pikieta>
    <Pikieta rysuj="true" numer="187.08" kodTerenu="K02">
      <X>463</X>
      <Y>324</Y>
      <Punkt>
        <X>655085.56</X>
        <Y>576610.89</Y>
      </Punkt>
      <Rzedna>98.08</Rzedna>
    </Pikieta>
    <Pikieta rysuj="true" numer="187.09" kodTerenu="K02">
      <X>463</X>
      <Y>347</Y>
      <Punkt>
        <X>655086.78</X>
        <Y>576609.8</Y>
      </Punkt>
      <Rzedna>96.96</Rzedna>
    </Pikieta>
    <Pikieta rysuj="true" numer="187.01" kodTerenu="K02">
      <X>463</X>
      <Y>370</Y>
      <Punkt>
        <X>655087.45</X>
        <Y>576609.43</Y>
      </Punkt>
      <Rzedna>97.18</Rzedna>
    </Pikieta>
    <Pikieta rysuj="true" numer="187.11" kodTerenu="K02">
      <X>463</X>
      <Y>393</Y>
      <Punkt>
        <X>655088.53</X>
        <Y>576608.36</Y>
      </Punkt>
      <Rzedna>97.62</Rzedna>
    </Pikieta>
    <Pikieta rysuj="true" numer="187.12" kodTerenu="K02">
      <X>463</X>
      <Y>416</Y>
      <Punkt>
        <X>655089.67</X>
        <Y>576607.43</Y>
      </Punkt>
      <Rzedna>98.5</Rzedna>
    </Pikieta>
    <Pikieta rysuj="true" numer="187.13" kodTerenu="T02">
      <X>463</X>
      <Y>439</Y>
      <Punkt>
        <X>655091.28</X>
        <Y>576605.91</Y>
      </Punkt>
      <Rzedna>99</Rzedna>
    </Pikieta>
    <Pikieta rysuj="true" numer="187.14" kodTerenu="T02">
      <X>463</X>
      <Y>462</Y>
      <Punkt>
        <X>655094.27</X>
        <Y>576603.18</Y>
      </Punkt>
      <Rzedna>99.06</Rzedna>
    </Pikieta>
  </Pikiety>
  <Fotografie>
    <Fotografia rysuj="true" numer="187" rotacja="260">
      <X>517</X>
      <Y>105</Y>
    </Fotografia>
  </Fotografie>
  <Skarpy>
    <Skarpa rysuj="true" startPikieta="2" endPikieta="3" brzeg="true" />
    <Skarpa rysuj="true" startPikieta="12" endPikieta="13" brzeg="true" />
  </Skarpy>
  <Drogi />
  <Zabudowy />
  <Teksty />
</SzkicPrzekroju>