<?xml version="1.0" encoding="utf-8"?>
<SzkicPrzekroju xmlns:xsi="http://www.w3.org/2001/XMLSchema-instance" xmlns:xsd="http://www.w3.org/2001/XMLSchema" nazwaCieku="Pasłęka" numerObiektu="56" numerPrzekroju="188" dataPomiaru="27.02.2012">
  <Koryto rysuj="true" startPikieta="3" endPikieta="9" />
  <Pikiety>
    <Pikieta rysuj="true" numer="188.01" kodTerenu="">
      <X>463</X>
      <Y>163</Y>
      <Punkt>
        <X>655166.59</X>
        <Y>577100.56</Y>
      </Punkt>
      <Rzedna>99</Rzedna>
    </Pikieta>
    <Pikieta rysuj="true" numer="188.02" kodTerenu="T02">
      <X>463</X>
      <Y>196</Y>
      <Punkt>
        <X>655176.1</X>
        <Y>577101.35</Y>
      </Punkt>
      <Rzedna>98.85</Rzedna>
    </Pikieta>
    <Pikieta rysuj="true" numer="188.03" kodTerenu="T02">
      <X>463</X>
      <Y>229</Y>
      <Punkt>
        <X>655176.79</X>
        <Y>577101</Y>
      </Punkt>
      <Rzedna>98.72</Rzedna>
    </Pikieta>
    <Pikieta rysuj="true" numer="188.04" kodTerenu="K01">
      <X>463</X>
      <Y>262</Y>
      <Punkt>
        <X>655177.87</X>
        <Y>577100.52</Y>
      </Punkt>
      <Rzedna>98.48</Rzedna>
    </Pikieta>
    <Pikieta rysuj="true" numer="188.05" kodTerenu="K01">
      <X>463</X>
      <Y>295</Y>
      <Punkt>
        <X>655178.4</X>
        <Y>577100.38</Y>
      </Punkt>
      <Rzedna>97.57</Rzedna>
    </Pikieta>
    <Pikieta rysuj="true" numer="188.06" kodTerenu="K01">
      <X>463</X>
      <Y>328</Y>
      <Punkt>
        <X>655180.09</X>
        <Y>577100.1</Y>
      </Punkt>
      <Rzedna>97.34</Rzedna>
    </Pikieta>
    <Pikieta rysuj="true" numer="188.07" kodTerenu="K01">
      <X>463</X>
      <Y>361</Y>
      <Punkt>
        <X>655180.54</X>
        <Y>577100.04</Y>
      </Punkt>
      <Rzedna>97.52</Rzedna>
    </Pikieta>
    <Pikieta rysuj="true" numer="188.08" kodTerenu="K01">
      <X>463</X>
      <Y>394</Y>
      <Punkt>
        <X>655182.06</X>
        <Y>577100.23</Y>
      </Punkt>
      <Rzedna>98.5</Rzedna>
    </Pikieta>
    <Pikieta rysuj="true" numer="188.09" kodTerenu="K01">
      <X>463</X>
      <Y>427</Y>
      <Punkt>
        <X>655182.18</X>
        <Y>577100.03</Y>
      </Punkt>
      <Rzedna>98.72</Rzedna>
    </Pikieta>
    <Pikieta rysuj="true" numer="188.10" kodTerenu="T02">
      <X>463</X>
      <Y>460</Y>
      <Punkt>
        <X>655185.86</X>
        <Y>577099.33</Y>
      </Punkt>
      <Rzedna>98.73</Rzedna>
    </Pikieta>
  </Pikiety>
  <Fotografie>
    <Fotografia rysuj="true" numer="188" rotacja="280">
      <X>470</X>
      <Y>85</Y>
    </Fotografia>
  </Fotografie>
  <Skarpy>
    <Skarpa rysuj="true" startPikieta="2" endPikieta="3" brzeg="true" />
    <Skarpa rysuj="true" startPikieta="9" endPikieta="10" brzeg="true" />
  </Skarpy>
  <Drogi />
  <Zabudowy />
  <Teksty />
</SzkicPrzekroju>