<?xml version="1.0" encoding="utf-8"?>
<SzkicPrzekroju xmlns:xsi="http://www.w3.org/2001/XMLSchema-instance" xmlns:xsd="http://www.w3.org/2001/XMLSchema" nazwaCieku="Pasłęka" numerObiektu="56" numerPrzekroju="189" dataPomiaru="27.02.2012">
  <Koryto rysuj="true" startPikieta="3" endPikieta="9" />
  <Pikiety>
    <Pikieta rysuj="true" numer="189.01" kodTerenu="">
      <X>463</X>
      <Y>163</Y>
      <Punkt>
        <X>655094.59</X>
        <Y>577751.69</Y>
      </Punkt>
      <Rzedna>100.09</Rzedna>
    </Pikieta>
    <Pikieta rysuj="true" numer="189.02" kodTerenu="T02">
      <X>463</X>
      <Y>193</Y>
      <Punkt>
        <X>655100.37</X>
        <Y>577752.22</Y>
      </Punkt>
      <Rzedna>99.92</Rzedna>
    </Pikieta>
    <Pikieta rysuj="true" numer="189.03" kodTerenu="T02">
      <X>463</X>
      <Y>223</Y>
      <Punkt>
        <X>655101.83</X>
        <Y>577752.56</Y>
      </Punkt>
      <Rzedna>99.49</Rzedna>
    </Pikieta>
    <Pikieta rysuj="true" numer="189.04" kodTerenu="K01">
      <X>463</X>
      <Y>253</Y>
      <Punkt>
        <X>655104.3</X>
        <Y>577752.68</Y>
      </Punkt>
      <Rzedna>98.55</Rzedna>
    </Pikieta>
    <Pikieta rysuj="true" numer="189.05" kodTerenu="K01">
      <X>463</X>
      <Y>283</Y>
      <Punkt>
        <X>655105.3</X>
        <Y>577752.7</Y>
      </Punkt>
      <Rzedna>98.3</Rzedna>
    </Pikieta>
    <Pikieta rysuj="true" numer="189.06" kodTerenu="K01">
      <X>463</X>
      <Y>313</Y>
      <Punkt>
        <X>655106.5</X>
        <Y>577752.67</Y>
      </Punkt>
      <Rzedna>98.12</Rzedna>
    </Pikieta>
    <Pikieta rysuj="true" numer="189.07" kodTerenu="K01">
      <X>463</X>
      <Y>343</Y>
      <Punkt>
        <X>655107.86</X>
        <Y>577752.9</Y>
      </Punkt>
      <Rzedna>98.11</Rzedna>
    </Pikieta>
    <Pikieta rysuj="true" numer="189.08" kodTerenu="K01">
      <X>463</X>
      <Y>373</Y>
      <Punkt>
        <X>655108.88</X>
        <Y>577752.75</Y>
      </Punkt>
      <Rzedna>98.49</Rzedna>
    </Pikieta>
    <Pikieta rysuj="true" numer="189.09" kodTerenu="K01">
      <X>463</X>
      <Y>403</Y>
      <Punkt>
        <X>655110.17</X>
        <Y>577752.51</Y>
      </Punkt>
      <Rzedna>99.49</Rzedna>
    </Pikieta>
    <Pikieta rysuj="true" numer="189.10" kodTerenu="T02">
      <X>463</X>
      <Y>433</Y>
      <Punkt>
        <X>655111.56</X>
        <Y>577752.74</Y>
      </Punkt>
      <Rzedna>99.82</Rzedna>
    </Pikieta>
    <Pikieta rysuj="true" numer="189.11" kodTerenu="T02">
      <X>463</X>
      <Y>463</Y>
      <Punkt>
        <X>655118.16</X>
        <Y>577753.72</Y>
      </Punkt>
      <Rzedna>99.85</Rzedna>
    </Pikieta>
  </Pikiety>
  <Fotografie>
    <Fotografia rysuj="true" numer="189" rotacja="90">
      <X>494</X>
      <Y>511</Y>
    </Fotografia>
  </Fotografie>
  <Skarpy>
    <Skarpa rysuj="true" startPikieta="2" endPikieta="3" brzeg="true" />
    <Skarpa rysuj="true" startPikieta="9" endPikieta="10" brzeg="true" />
  </Skarpy>
  <Drogi />
  <Zabudowy />
  <Teksty />
</SzkicPrzekroju>