<?xml version="1.0" encoding="utf-8"?>
<SzkicPrzekroju xmlns:xsi="http://www.w3.org/2001/XMLSchema-instance" xmlns:xsd="http://www.w3.org/2001/XMLSchema" nazwaCieku="Pasłęka" numerObiektu="56" numerPrzekroju="190" dataPomiaru="27.02.2012">
  <Koryto rysuj="true" startPikieta="4" endPikieta="10" />
  <Pikiety>
    <Pikieta rysuj="true" numer="190.01" kodTerenu="">
      <X>463</X>
      <Y>163</Y>
      <Punkt>
        <X>654864.46</X>
        <Y>578271.65</Y>
      </Punkt>
      <Rzedna>100.84</Rzedna>
    </Pikieta>
    <Pikieta rysuj="true" numer="190.02" kodTerenu="T02">
      <X>463</X>
      <Y>190</Y>
      <Punkt>
        <X>654868.49</X>
        <Y>578273.64</Y>
      </Punkt>
      <Rzedna>100.85</Rzedna>
    </Pikieta>
    <Pikieta rysuj="true" numer="190.03" kodTerenu="T02">
      <X>463</X>
      <Y>217</Y>
      <Punkt>
        <X>654872.87</X>
        <Y>578276.23</Y>
      </Punkt>
      <Rzedna>100.61</Rzedna>
    </Pikieta>
    <Pikieta rysuj="true" numer="190.04" kodTerenu="T02">
      <X>463</X>
      <Y>244</Y>
      <Punkt>
        <X>654873.07</X>
        <Y>578276.29</Y>
      </Punkt>
      <Rzedna>100.49</Rzedna>
    </Pikieta>
    <Pikieta rysuj="true" numer="190.05" kodTerenu="K01">
      <X>463</X>
      <Y>271</Y>
      <Punkt>
        <X>654873.59</X>
        <Y>578276.53</Y>
      </Punkt>
      <Rzedna>99.44</Rzedna>
    </Pikieta>
    <Pikieta rysuj="true" numer="190.06" kodTerenu="K01">
      <X>463</X>
      <Y>298</Y>
      <Punkt>
        <X>654874.69</X>
        <Y>578276.96</Y>
      </Punkt>
      <Rzedna>99.66</Rzedna>
    </Pikieta>
    <Pikieta rysuj="true" numer="190.07" kodTerenu="K01">
      <X>463</X>
      <Y>325</Y>
      <Punkt>
        <X>654875.56</X>
        <Y>578277.37</Y>
      </Punkt>
      <Rzedna>99.49</Rzedna>
    </Pikieta>
    <Pikieta rysuj="true" numer="190.08" kodTerenu="K02">
      <X>463</X>
      <Y>352</Y>
      <Punkt>
        <X>654876.45</X>
        <Y>578277.71</Y>
      </Punkt>
      <Rzedna>99.49</Rzedna>
    </Pikieta>
    <Pikieta rysuj="true" numer="190.09" kodTerenu="K02">
      <X>463</X>
      <Y>379</Y>
      <Punkt>
        <X>654877.51</X>
        <Y>578278.65</Y>
      </Punkt>
      <Rzedna>99.62</Rzedna>
    </Pikieta>
    <Pikieta rysuj="true" numer="190.10" kodTerenu="K02">
      <X>463</X>
      <Y>406</Y>
      <Punkt>
        <X>654877.9</X>
        <Y>578278.9</Y>
      </Punkt>
      <Rzedna>100.49</Rzedna>
    </Pikieta>
    <Pikieta rysuj="true" numer="190.11" kodTerenu="T02">
      <X>463</X>
      <Y>433</Y>
      <Punkt>
        <X>654878.38</X>
        <Y>578279.03</Y>
      </Punkt>
      <Rzedna>100.71</Rzedna>
    </Pikieta>
    <Pikieta rysuj="true" numer="190.12" kodTerenu="T02">
      <X>463</X>
      <Y>460</Y>
      <Punkt>
        <X>654883.48</X>
        <Y>578281.53</Y>
      </Punkt>
      <Rzedna>100.62</Rzedna>
    </Pikieta>
  </Pikiety>
  <Fotografie>
    <Fotografia rysuj="true" numer="190" rotacja="290">
      <X>436</X>
      <Y>97</Y>
    </Fotografia>
  </Fotografie>
  <Skarpy>
    <Skarpa rysuj="true" startPikieta="3" endPikieta="4" brzeg="true" />
    <Skarpa rysuj="true" startPikieta="10" endPikieta="11" brzeg="true" />
  </Skarpy>
  <Drogi />
  <Zabudowy />
  <Teksty />
</SzkicPrzekroju>