<?xml version="1.0" encoding="utf-8"?>
<SzkicPrzekroju xmlns:xsi="http://www.w3.org/2001/XMLSchema-instance" xmlns:xsd="http://www.w3.org/2001/XMLSchema" nazwaCieku="Pasłęka" numerObiektu="56" numerPrzekroju="191" dataPomiaru="27.02.2012">
  <Koryto rysuj="true" startPikieta="3" endPikieta="9" />
  <Pikiety>
    <Pikieta rysuj="true" numer="191.01" kodTerenu="">
      <X>463</X>
      <Y>163</Y>
      <Punkt>
        <X>654324.9</X>
        <Y>578536.14</Y>
      </Punkt>
      <Rzedna>104.12</Rzedna>
    </Pikieta>
    <Pikieta rysuj="true" numer="191.02" kodTerenu="T02">
      <X>463</X>
      <Y>193</Y>
      <Punkt>
        <X>654322.47</X>
        <Y>578541.68</Y>
      </Punkt>
      <Rzedna>103.94</Rzedna>
    </Pikieta>
    <Pikieta rysuj="true" numer="191.03" kodTerenu="T04">
      <X>463</X>
      <Y>223</Y>
      <Punkt>
        <X>654319.5</X>
        <Y>578548.61</Y>
      </Punkt>
      <Rzedna>101.25</Rzedna>
    </Pikieta>
    <Pikieta rysuj="true" numer="191.04" kodTerenu="K02">
      <X>463</X>
      <Y>253</Y>
      <Punkt>
        <X>654318.65</X>
        <Y>578550.51</Y>
      </Punkt>
      <Rzedna>100.94</Rzedna>
    </Pikieta>
    <Pikieta rysuj="true" numer="191.05" kodTerenu="K04">
      <X>463</X>
      <Y>283</Y>
      <Punkt>
        <X>654317.15</X>
        <Y>578552.64</Y>
      </Punkt>
      <Rzedna>100.79</Rzedna>
    </Pikieta>
    <Pikieta rysuj="true" numer="191.06" kodTerenu="K05">
      <X>463</X>
      <Y>313</Y>
      <Punkt>
        <X>654316.2</X>
        <Y>578554.82</Y>
      </Punkt>
      <Rzedna>101.06</Rzedna>
    </Pikieta>
    <Pikieta rysuj="true" numer="191.07" kodTerenu="K05">
      <X>463</X>
      <Y>343</Y>
      <Punkt>
        <X>654315.18</X>
        <Y>578556.81</Y>
      </Punkt>
      <Rzedna>100.95</Rzedna>
    </Pikieta>
    <Pikieta rysuj="true" numer="191.08" kodTerenu="K02">
      <X>463</X>
      <Y>373</Y>
      <Punkt>
        <X>654314.39</X>
        <Y>578558.48</Y>
      </Punkt>
      <Rzedna>100.92</Rzedna>
    </Pikieta>
    <Pikieta rysuj="true" numer="191.09" kodTerenu="K02">
      <X>463</X>
      <Y>403</Y>
      <Punkt>
        <X>654313.49</X>
        <Y>578559.77</Y>
      </Punkt>
      <Rzedna>101.25</Rzedna>
    </Pikieta>
    <Pikieta rysuj="true" numer="191.10" kodTerenu="T01">
      <X>463</X>
      <Y>433</Y>
      <Punkt>
        <X>654313.19</X>
        <Y>578560.17</Y>
      </Punkt>
      <Rzedna>101.88</Rzedna>
    </Pikieta>
    <Pikieta rysuj="true" numer="191.11" kodTerenu="T06">
      <X>463</X>
      <Y>463</Y>
      <Punkt>
        <X>654310.06</X>
        <Y>578566.15</Y>
      </Punkt>
      <Rzedna>101.98</Rzedna>
    </Pikieta>
  </Pikiety>
  <Fotografie>
    <Fotografia rysuj="true" numer="191" rotacja="260">
      <X>503</X>
      <Y>95</Y>
    </Fotografia>
  </Fotografie>
  <Skarpy>
    <Skarpa rysuj="true" startPikieta="2" endPikieta="3" brzeg="true" />
    <Skarpa rysuj="true" startPikieta="9" endPikieta="10" brzeg="true" />
  </Skarpy>
  <Drogi />
  <Zabudowy />
  <Teksty />
</SzkicPrzekroju>