<?xml version="1.0" encoding="utf-8"?>
<SzkicPrzekroju xmlns:xsi="http://www.w3.org/2001/XMLSchema-instance" xmlns:xsd="http://www.w3.org/2001/XMLSchema" nazwaCieku="Pasłęka" numerObiektu="56" numerPrzekroju="192" dataPomiaru="27.02.2012">
  <Koryto rysuj="true" startPikieta="3" endPikieta="9" />
  <Pikiety>
    <Pikieta rysuj="true" numer="192.01" kodTerenu="">
      <X>463</X>
      <Y>163</Y>
      <Punkt>
        <X>653991.81</X>
        <Y>578597.63</Y>
      </Punkt>
      <Rzedna>102.83</Rzedna>
    </Pikieta>
    <Pikieta rysuj="true" numer="192.02" kodTerenu="T04">
      <X>463</X>
      <Y>193</Y>
      <Punkt>
        <X>653998.97</X>
        <Y>578603.31</Y>
      </Punkt>
      <Rzedna>102.59</Rzedna>
    </Pikieta>
    <Pikieta rysuj="true" numer="192.03" kodTerenu="T04">
      <X>463</X>
      <Y>223</Y>
      <Punkt>
        <X>653999.26</X>
        <Y>578603.87</Y>
      </Punkt>
      <Rzedna>102.18</Rzedna>
    </Pikieta>
    <Pikieta rysuj="true" numer="192.04" kodTerenu="K04">
      <X>463</X>
      <Y>253</Y>
      <Punkt>
        <X>653999.84</X>
        <Y>578604.37</Y>
      </Punkt>
      <Rzedna>101.56</Rzedna>
    </Pikieta>
    <Pikieta rysuj="true" numer="192.05" kodTerenu="K04">
      <X>463</X>
      <Y>283</Y>
      <Punkt>
        <X>654000.8</X>
        <Y>578605.14</Y>
      </Punkt>
      <Rzedna>101.4</Rzedna>
    </Pikieta>
    <Pikieta rysuj="true" numer="192.06" kodTerenu="K04">
      <X>463</X>
      <Y>313</Y>
      <Punkt>
        <X>654001.67</X>
        <Y>578605.84</Y>
      </Punkt>
      <Rzedna>101.41</Rzedna>
    </Pikieta>
    <Pikieta rysuj="true" numer="192.07" kodTerenu="K01">
      <X>463</X>
      <Y>343</Y>
      <Punkt>
        <X>654002.37</X>
        <Y>578606.46</Y>
      </Punkt>
      <Rzedna>101.46</Rzedna>
    </Pikieta>
    <Pikieta rysuj="true" numer="192.08" kodTerenu="K01">
      <X>463</X>
      <Y>373</Y>
      <Punkt>
        <X>654003.09</X>
        <Y>578607.39</Y>
      </Punkt>
      <Rzedna>101.71</Rzedna>
    </Pikieta>
    <Pikieta rysuj="true" numer="192.09" kodTerenu="K01">
      <X>463</X>
      <Y>403</Y>
      <Punkt>
        <X>654004.23</X>
        <Y>578608.35</Y>
      </Punkt>
      <Rzedna>102.18</Rzedna>
    </Pikieta>
    <Pikieta rysuj="true" numer="192.10" kodTerenu="T02">
      <X>463</X>
      <Y>433</Y>
      <Punkt>
        <X>654005.92</X>
        <Y>578610.62</Y>
      </Punkt>
      <Rzedna>103.02</Rzedna>
    </Pikieta>
    <Pikieta rysuj="true" numer="192.11" kodTerenu="T02">
      <X>463</X>
      <Y>463</Y>
      <Punkt>
        <X>654011.79</X>
        <Y>578615.38</Y>
      </Punkt>
      <Rzedna>103.43</Rzedna>
    </Pikieta>
  </Pikiety>
  <Fotografie>
    <Fotografia rysuj="true" numer="192" rotacja="280">
      <X>463</X>
      <Y>105</Y>
    </Fotografia>
  </Fotografie>
  <Skarpy>
    <Skarpa rysuj="true" startPikieta="2" endPikieta="3" brzeg="true" />
    <Skarpa rysuj="true" startPikieta="9" endPikieta="10" brzeg="true" />
  </Skarpy>
  <Drogi />
  <Zabudowy />
  <Teksty />
</SzkicPrzekroju>