<?xml version="1.0" encoding="utf-8"?>
<SzkicPrzekroju xmlns:xsi="http://www.w3.org/2001/XMLSchema-instance" xmlns:xsd="http://www.w3.org/2001/XMLSchema" nazwaCieku="Pasłęka" numerObiektu="56" numerPrzekroju="193" dataPomiaru="27.02.2012">
  <Koryto rysuj="true" startPikieta="5" endPikieta="11" />
  <Pikiety>
    <Pikieta rysuj="true" numer="193.01" kodTerenu="">
      <X>463</X>
      <Y>163</Y>
      <Punkt>
        <X>653722.64</X>
        <Y>578783.7</Y>
      </Punkt>
      <Rzedna>104.25</Rzedna>
    </Pikieta>
    <Pikieta rysuj="true" numer="193.02" kodTerenu="T02">
      <X>463</X>
      <Y>188</Y>
      <Punkt>
        <X>653728.35</X>
        <Y>578788.39</Y>
      </Punkt>
      <Rzedna>104.37</Rzedna>
    </Pikieta>
    <Pikieta rysuj="true" numer="193.03" kodTerenu="T02">
      <X>463</X>
      <Y>213</Y>
      <Punkt>
        <X>653732.44</X>
        <Y>578791.34</Y>
      </Punkt>
      <Rzedna>103.2</Rzedna>
    </Pikieta>
    <Pikieta rysuj="true" numer="193.04" kodTerenu="T04">
      <X>463</X>
      <Y>238</Y>
      <Punkt>
        <X>653734.03</X>
        <Y>578792.54</Y>
      </Punkt>
      <Rzedna>103.16</Rzedna>
    </Pikieta>
    <Pikieta rysuj="true" numer="193.05" kodTerenu="T04">
      <X>463</X>
      <Y>263</Y>
      <Punkt>
        <X>653734.58</X>
        <Y>578792.97</Y>
      </Punkt>
      <Rzedna>102.63</Rzedna>
    </Pikieta>
    <Pikieta rysuj="true" numer="193.06" kodTerenu="K01">
      <X>463</X>
      <Y>288</Y>
      <Punkt>
        <X>653735.22</X>
        <Y>578793.4</Y>
      </Punkt>
      <Rzedna>102.11</Rzedna>
    </Pikieta>
    <Pikieta rysuj="true" numer="193.07" kodTerenu="K01">
      <X>463</X>
      <Y>313</Y>
      <Punkt>
        <X>653736.26</X>
        <Y>578794.04</Y>
      </Punkt>
      <Rzedna>102.01</Rzedna>
    </Pikieta>
    <Pikieta rysuj="true" numer="193.08" kodTerenu="K01">
      <X>463</X>
      <Y>338</Y>
      <Punkt>
        <X>653737.52</X>
        <Y>578795.07</Y>
      </Punkt>
      <Rzedna>101.91</Rzedna>
    </Pikieta>
    <Pikieta rysuj="true" numer="193.09" kodTerenu="K02">
      <X>463</X>
      <Y>363</Y>
      <Punkt>
        <X>653738.96</X>
        <Y>578796.16</Y>
      </Punkt>
      <Rzedna>102.01</Rzedna>
    </Pikieta>
    <Pikieta rysuj="true" numer="193.10" kodTerenu="K02">
      <X>463</X>
      <Y>388</Y>
      <Punkt>
        <X>653739.64</X>
        <Y>578796.94</Y>
      </Punkt>
      <Rzedna>102</Rzedna>
    </Pikieta>
    <Pikieta rysuj="true" numer="193.11" kodTerenu="K02">
      <X>463</X>
      <Y>413</Y>
      <Punkt>
        <X>653740.22</X>
        <Y>578797.38</Y>
      </Punkt>
      <Rzedna>102.63</Rzedna>
    </Pikieta>
    <Pikieta rysuj="true" numer="193.12" kodTerenu="T02">
      <X>463</X>
      <Y>438</Y>
      <Punkt>
        <X>653740.93</X>
        <Y>578798.18</Y>
      </Punkt>
      <Rzedna>103.17</Rzedna>
    </Pikieta>
    <Pikieta rysuj="true" numer="193.13" kodTerenu="T02">
      <X>463</X>
      <Y>463</Y>
      <Punkt>
        <X>653745.3</X>
        <Y>578801.91</Y>
      </Punkt>
      <Rzedna>103.23</Rzedna>
    </Pikieta>
  </Pikiety>
  <Fotografie>
    <Fotografia rysuj="true" numer="193" rotacja="270">
      <X>486</X>
      <Y>103</Y>
    </Fotografia>
  </Fotografie>
  <Skarpy>
    <Skarpa rysuj="true" startPikieta="4" endPikieta="5" brzeg="true" />
    <Skarpa rysuj="true" startPikieta="11" endPikieta="12" brzeg="true" />
    <Skarpa rysuj="true" startPikieta="2" endPikieta="3" brzeg="false" />
  </Skarpy>
  <Drogi />
  <Zabudowy />
  <Teksty />
</SzkicPrzekroju>