<?xml version="1.0" encoding="utf-8"?>
<SzkicPrzekroju xmlns:xsi="http://www.w3.org/2001/XMLSchema-instance" xmlns:xsd="http://www.w3.org/2001/XMLSchema" nazwaCieku="Pasłęka" numerObiektu="56" numerPrzekroju="194" dataPomiaru="27.02.2012">
  <Koryto rysuj="true" startPikieta="4" endPikieta="10" />
  <Pikiety>
    <Pikieta rysuj="true" numer="194.01" kodTerenu="">
      <X>463</X>
      <Y>163</Y>
      <Punkt>
        <X>653314.4</X>
        <Y>578937.58</Y>
      </Punkt>
      <Rzedna>108.31</Rzedna>
    </Pikieta>
    <Pikieta rysuj="true" numer="194.02" kodTerenu="T04">
      <X>463</X>
      <Y>188</Y>
      <Punkt>
        <X>653324.95</X>
        <Y>578940.81</Y>
      </Punkt>
      <Rzedna>104.71</Rzedna>
    </Pikieta>
    <Pikieta rysuj="true" numer="194.03" kodTerenu="T04">
      <X>463</X>
      <Y>213</Y>
      <Punkt>
        <X>653327.65</X>
        <Y>578941.69</Y>
      </Punkt>
      <Rzedna>104.68</Rzedna>
    </Pikieta>
    <Pikieta rysuj="true" numer="194.04" kodTerenu="T04">
      <X>463</X>
      <Y>238</Y>
      <Punkt>
        <X>653328.36</X>
        <Y>578941.74</Y>
      </Punkt>
      <Rzedna>104.07</Rzedna>
    </Pikieta>
    <Pikieta rysuj="true" numer="194.05" kodTerenu="K01">
      <X>463</X>
      <Y>263</Y>
      <Punkt>
        <X>653329.16</X>
        <Y>578942</Y>
      </Punkt>
      <Rzedna>103.26</Rzedna>
    </Pikieta>
    <Pikieta rysuj="true" numer="194.06" kodTerenu="K02">
      <X>463</X>
      <Y>288</Y>
      <Punkt>
        <X>653330.1</X>
        <Y>578942.24</Y>
      </Punkt>
      <Rzedna>103.3</Rzedna>
    </Pikieta>
    <Pikieta rysuj="true" numer="194.07" kodTerenu="K02">
      <X>463</X>
      <Y>313</Y>
      <Punkt>
        <X>653331.09</X>
        <Y>578942.53</Y>
      </Punkt>
      <Rzedna>103.4</Rzedna>
    </Pikieta>
    <Pikieta rysuj="true" numer="194.08" kodTerenu="K04">
      <X>463</X>
      <Y>338</Y>
      <Punkt>
        <X>653332.51</X>
        <Y>578942.68</Y>
      </Punkt>
      <Rzedna>103.62</Rzedna>
    </Pikieta>
    <Pikieta rysuj="true" numer="194.09" kodTerenu="K04">
      <X>463</X>
      <Y>363</Y>
      <Punkt>
        <X>653333.5</X>
        <Y>578942.86</Y>
      </Punkt>
      <Rzedna>103.78</Rzedna>
    </Pikieta>
    <Pikieta rysuj="true" numer="194.10" kodTerenu="K04">
      <X>463</X>
      <Y>388</Y>
      <Punkt>
        <X>653333.93</X>
        <Y>578942.72</Y>
      </Punkt>
      <Rzedna>104.07</Rzedna>
    </Pikieta>
    <Pikieta rysuj="true" numer="194.11" kodTerenu="T02">
      <X>463</X>
      <Y>413</Y>
      <Punkt>
        <X>653334.84</X>
        <Y>578942.98</Y>
      </Punkt>
      <Rzedna>104.67</Rzedna>
    </Pikieta>
    <Pikieta rysuj="true" numer="194.12" kodTerenu="T02">
      <X>463</X>
      <Y>438</Y>
      <Punkt>
        <X>653340.01</X>
        <Y>578943.65</Y>
      </Punkt>
      <Rzedna>104.68</Rzedna>
    </Pikieta>
    <Pikieta rysuj="true" numer="194.13" kodTerenu="T02">
      <X>463</X>
      <Y>463</Y>
      <Punkt>
        <X>653344.08</X>
        <Y>578944.9</Y>
      </Punkt>
      <Rzedna>104.68</Rzedna>
    </Pikieta>
  </Pikiety>
  <Fotografie>
    <Fotografia rysuj="true" numer="194" rotacja="80">
      <X>457</X>
      <Y>496</Y>
    </Fotografia>
  </Fotografie>
  <Skarpy>
    <Skarpa rysuj="true" startPikieta="3" endPikieta="4" brzeg="true" />
    <Skarpa rysuj="true" startPikieta="10" endPikieta="11" brzeg="true" />
    <Skarpa rysuj="true" startPikieta="1" endPikieta="2" brzeg="false" />
  </Skarpy>
  <Drogi />
  <Zabudowy />
  <Teksty />
</SzkicPrzekroju>