<?xml version="1.0" encoding="utf-8"?>
<SzkicPrzekroju xmlns:xsi="http://www.w3.org/2001/XMLSchema-instance" xmlns:xsd="http://www.w3.org/2001/XMLSchema" nazwaCieku="Pasłęka" numerObiektu="56" numerPrzekroju="195" dataPomiaru="24.02.2012">
  <Koryto rysuj="true" startPikieta="3" endPikieta="9" />
  <Pikiety>
    <Pikieta rysuj="true" numer="195.01" kodTerenu="">
      <X>463</X>
      <Y>163</Y>
      <Punkt>
        <X>653201.59</X>
        <Y>579546.86</Y>
      </Punkt>
      <Rzedna>106.08</Rzedna>
    </Pikieta>
    <Pikieta rysuj="true" numer="195.02" kodTerenu="T02">
      <X>463</X>
      <Y>190</Y>
      <Punkt>
        <X>653209.47</X>
        <Y>579550.47</Y>
      </Punkt>
      <Rzedna>105.88</Rzedna>
    </Pikieta>
    <Pikieta rysuj="true" numer="195.03" kodTerenu="T02">
      <X>463</X>
      <Y>217</Y>
      <Punkt>
        <X>653210.53</X>
        <Y>579550.87</Y>
      </Punkt>
      <Rzedna>105.65</Rzedna>
    </Pikieta>
    <Pikieta rysuj="true" numer="195.04" kodTerenu="K01">
      <X>463</X>
      <Y>244</Y>
      <Punkt>
        <X>653211.46</X>
        <Y>579551.21</Y>
      </Punkt>
      <Rzedna>105.06</Rzedna>
    </Pikieta>
    <Pikieta rysuj="true" numer="195.05" kodTerenu="K01">
      <X>463</X>
      <Y>271</Y>
      <Punkt>
        <X>653212.55</X>
        <Y>579551.59</Y>
      </Punkt>
      <Rzedna>104.61</Rzedna>
    </Pikieta>
    <Pikieta rysuj="true" numer="195.06" kodTerenu="K01">
      <X>463</X>
      <Y>298</Y>
      <Punkt>
        <X>653213.73</X>
        <Y>579551.8</Y>
      </Punkt>
      <Rzedna>104.76</Rzedna>
    </Pikieta>
    <Pikieta rysuj="true" numer="195.07" kodTerenu="K01">
      <X>463</X>
      <Y>325</Y>
      <Punkt>
        <X>653215.15</X>
        <Y>579552.38</Y>
      </Punkt>
      <Rzedna>104.49</Rzedna>
    </Pikieta>
    <Pikieta rysuj="true" numer="195.08" kodTerenu="K01">
      <X>463</X>
      <Y>352</Y>
      <Punkt>
        <X>653216.78</X>
        <Y>579552.95</Y>
      </Punkt>
      <Rzedna>104.68</Rzedna>
    </Pikieta>
    <Pikieta rysuj="true" numer="195.09" kodTerenu="K01">
      <X>463</X>
      <Y>379</Y>
      <Punkt>
        <X>653218.75</X>
        <Y>579553.95</Y>
      </Punkt>
      <Rzedna>105.65</Rzedna>
    </Pikieta>
    <Pikieta rysuj="true" numer="195.10" kodTerenu="T01">
      <X>463</X>
      <Y>406</Y>
      <Punkt>
        <X>653220.42</X>
        <Y>579555.07</Y>
      </Punkt>
      <Rzedna>106.76</Rzedna>
    </Pikieta>
    <Pikieta rysuj="true" numer="195.11" kodTerenu="T01">
      <X>463</X>
      <Y>433</Y>
      <Punkt>
        <X>653223.27</X>
        <Y>579556.78</Y>
      </Punkt>
      <Rzedna>107.02</Rzedna>
    </Pikieta>
    <Pikieta rysuj="true" numer="195.12" kodTerenu="T03">
      <X>463</X>
      <Y>460</Y>
      <Punkt>
        <X>653229.02</X>
        <Y>579560.14</Y>
      </Punkt>
      <Rzedna>107.21</Rzedna>
    </Pikieta>
  </Pikiety>
  <Fotografie>
    <Fotografia rysuj="true" numer="195" rotacja="110">
      <X>525</X>
      <Y>509</Y>
    </Fotografia>
  </Fotografie>
  <Skarpy>
    <Skarpa rysuj="true" startPikieta="2" endPikieta="3" brzeg="true" />
    <Skarpa rysuj="true" startPikieta="9" endPikieta="10" brzeg="true" />
  </Skarpy>
  <Drogi />
  <Zabudowy />
  <Teksty />
</SzkicPrzekroju>