<?xml version="1.0" encoding="utf-8"?>
<SzkicPrzekroju xmlns:xsi="http://www.w3.org/2001/XMLSchema-instance" xmlns:xsd="http://www.w3.org/2001/XMLSchema" nazwaCieku="Pasłęka" numerObiektu="56" numerPrzekroju="196" dataPomiaru="24.02.2012">
  <Koryto rysuj="true" startPikieta="5" endPikieta="11" />
  <Pikiety>
    <Pikieta rysuj="true" numer="196.01" kodTerenu="">
      <X>463</X>
      <Y>163</Y>
      <Punkt>
        <X>652992.5</X>
        <Y>579577.71</Y>
      </Punkt>
      <Rzedna>113.01</Rzedna>
    </Pikieta>
    <Pikieta rysuj="true" numer="196.02" kodTerenu="T07">
      <X>463</X>
      <Y>188</Y>
      <Punkt>
        <X>652998.49</X>
        <Y>579584.15</Y>
      </Punkt>
      <Rzedna>107.64</Rzedna>
    </Pikieta>
    <Pikieta rysuj="true" numer="196.03" kodTerenu="T07">
      <X>463</X>
      <Y>213</Y>
      <Punkt>
        <X>653000.19</X>
        <Y>579585.92</Y>
      </Punkt>
      <Rzedna>106.5</Rzedna>
    </Pikieta>
    <Pikieta rysuj="true" numer="196.04" kodTerenu="T07">
      <X>463</X>
      <Y>238</Y>
      <Punkt>
        <X>653000.56</X>
        <Y>579586.52</Y>
      </Punkt>
      <Rzedna>106.41</Rzedna>
    </Pikieta>
    <Pikieta rysuj="true" numer="196.05" kodTerenu="T07">
      <X>463</X>
      <Y>263</Y>
      <Punkt>
        <X>653000.9</X>
        <Y>579587.44</Y>
      </Punkt>
      <Rzedna>105.86</Rzedna>
    </Pikieta>
    <Pikieta rysuj="true" numer="196.06" kodTerenu="K02">
      <X>463</X>
      <Y>288</Y>
      <Punkt>
        <X>653001.23</X>
        <Y>579588.04</Y>
      </Punkt>
      <Rzedna>105.32</Rzedna>
    </Pikieta>
    <Pikieta rysuj="true" numer="196.07" kodTerenu="K02">
      <X>463</X>
      <Y>313</Y>
      <Punkt>
        <X>653001.84</X>
        <Y>579589.08</Y>
      </Punkt>
      <Rzedna>104.76</Rzedna>
    </Pikieta>
    <Pikieta rysuj="true" numer="196.08" kodTerenu="K01">
      <X>463</X>
      <Y>338</Y>
      <Punkt>
        <X>653002.36</X>
        <Y>579590.13</Y>
      </Punkt>
      <Rzedna>104.78</Rzedna>
    </Pikieta>
    <Pikieta rysuj="true" numer="196.09" kodTerenu="K01">
      <X>463</X>
      <Y>363</Y>
      <Punkt>
        <X>653003.09</X>
        <Y>579591.22</Y>
      </Punkt>
      <Rzedna>104.95</Rzedna>
    </Pikieta>
    <Pikieta rysuj="true" numer="196.10" kodTerenu="K01">
      <X>463</X>
      <Y>388</Y>
      <Punkt>
        <X>653003.97</X>
        <Y>579592.4</Y>
      </Punkt>
      <Rzedna>105.51</Rzedna>
    </Pikieta>
    <Pikieta rysuj="true" numer="196.11" kodTerenu="K01">
      <X>463</X>
      <Y>413</Y>
      <Punkt>
        <X>653005.45</X>
        <Y>579594.48</Y>
      </Punkt>
      <Rzedna>105.86</Rzedna>
    </Pikieta>
    <Pikieta rysuj="true" numer="196.12" kodTerenu="T07">
      <X>463</X>
      <Y>438</Y>
      <Punkt>
        <X>653006.29</X>
        <Y>579595.2</Y>
      </Punkt>
      <Rzedna>106.33</Rzedna>
    </Pikieta>
    <Pikieta rysuj="true" numer="196.13" kodTerenu="T07">
      <X>463</X>
      <Y>463</Y>
      <Punkt>
        <X>653011.34</X>
        <Y>579601.76</Y>
      </Punkt>
      <Rzedna>106.51</Rzedna>
    </Pikieta>
  </Pikiety>
  <Fotografie>
    <Fotografia rysuj="true" numer="196" rotacja="70">
      <X>440</X>
      <Y>484</Y>
    </Fotografia>
  </Fotografie>
  <Skarpy>
    <Skarpa rysuj="true" startPikieta="4" endPikieta="5" brzeg="true" />
    <Skarpa rysuj="true" startPikieta="11" endPikieta="12" brzeg="true" />
    <Skarpa rysuj="true" startPikieta="1" endPikieta="3" brzeg="false" />
  </Skarpy>
  <Drogi />
  <Zabudowy />
  <Teksty />
</SzkicPrzekroju>