<?xml version="1.0" encoding="utf-8"?>
<SzkicPrzekroju xmlns:xsi="http://www.w3.org/2001/XMLSchema-instance" xmlns:xsd="http://www.w3.org/2001/XMLSchema" nazwaCieku="Pasłęka" numerObiektu="56" numerPrzekroju="197" dataPomiaru="24.02.2012">
  <Koryto rysuj="true" startPikieta="3" endPikieta="10" />
  <Pikiety>
    <Pikieta rysuj="true" numer="197.01" kodTerenu="">
      <X>463</X>
      <Y>163</Y>
      <Punkt>
        <X>652855.73</X>
        <Y>579976.32</Y>
      </Punkt>
      <Rzedna>106.85</Rzedna>
    </Pikieta>
    <Pikieta rysuj="true" numer="197.02" kodTerenu="T02">
      <X>463</X>
      <Y>186</Y>
      <Punkt>
        <X>652860.02</X>
        <Y>579982.37</Y>
      </Punkt>
      <Rzedna>106.67</Rzedna>
    </Pikieta>
    <Pikieta rysuj="true" numer="197.03" kodTerenu="T02">
      <X>463</X>
      <Y>209</Y>
      <Punkt>
        <X>652860.41</X>
        <Y>579982.83</Y>
      </Punkt>
      <Rzedna>106.41</Rzedna>
    </Pikieta>
    <Pikieta rysuj="true" numer="197.04" kodTerenu="K01">
      <X>463</X>
      <Y>232</Y>
      <Punkt>
        <X>652860.65</X>
        <Y>579983.12</Y>
      </Punkt>
      <Rzedna>105.8</Rzedna>
    </Pikieta>
    <Pikieta rysuj="true" numer="197.05" kodTerenu="K01">
      <X>463</X>
      <Y>255</Y>
      <Punkt>
        <X>652861.33</X>
        <Y>579983.87</Y>
      </Punkt>
      <Rzedna>105.4</Rzedna>
    </Pikieta>
    <Pikieta rysuj="true" numer="197.06" kodTerenu="K02">
      <X>463</X>
      <Y>278</Y>
      <Punkt>
        <X>652861.76</X>
        <Y>579984.33</Y>
      </Punkt>
      <Rzedna>105.35</Rzedna>
    </Pikieta>
    <Pikieta rysuj="true" numer="197.07" kodTerenu="K02">
      <X>463</X>
      <Y>301</Y>
      <Punkt>
        <X>652862.27</X>
        <Y>579984.74</Y>
      </Punkt>
      <Rzedna>105.42</Rzedna>
    </Pikieta>
    <Pikieta rysuj="true" numer="197.08" kodTerenu="K02">
      <X>463</X>
      <Y>324</Y>
      <Punkt>
        <X>652862.91</X>
        <Y>579985.36</Y>
      </Punkt>
      <Rzedna>105.42</Rzedna>
    </Pikieta>
    <Pikieta rysuj="true" numer="197.09" kodTerenu="K02">
      <X>463</X>
      <Y>347</Y>
      <Punkt>
        <X>652863.37</X>
        <Y>579986.04</Y>
      </Punkt>
      <Rzedna>105.73</Rzedna>
    </Pikieta>
    <Pikieta rysuj="true" numer="197.10" kodTerenu="K02">
      <X>463</X>
      <Y>370</Y>
      <Punkt>
        <X>652863.49</X>
        <Y>579986.09</Y>
      </Punkt>
      <Rzedna>106.41</Rzedna>
    </Pikieta>
    <Pikieta rysuj="true" numer="197.11" kodTerenu="T02">
      <X>463</X>
      <Y>393</Y>
      <Punkt>
        <X>652863.85</X>
        <Y>579986.65</Y>
      </Punkt>
      <Rzedna>106.74</Rzedna>
    </Pikieta>
    <Pikieta rysuj="true" numer="197.12" kodTerenu="T02">
      <X>463</X>
      <Y>416</Y>
      <Punkt>
        <X>652866.31</X>
        <Y>579990.14</Y>
      </Punkt>
      <Rzedna>107.13</Rzedna>
    </Pikieta>
    <Pikieta rysuj="true" numer="197.13" kodTerenu="T02">
      <X>463</X>
      <Y>439</Y>
      <Punkt>
        <X>652868.44</X>
        <Y>579992.67</Y>
      </Punkt>
      <Rzedna>108.45</Rzedna>
    </Pikieta>
    <Pikieta rysuj="true" numer="197.14" kodTerenu="T03">
      <X>463</X>
      <Y>462</Y>
      <Punkt>
        <X>652872.76</X>
        <Y>579998.69</Y>
      </Punkt>
      <Rzedna>109.39</Rzedna>
    </Pikieta>
  </Pikiety>
  <Fotografie>
    <Fotografia rysuj="true" numer="197" rotacja="280">
      <X>463</X>
      <Y>92</Y>
    </Fotografia>
  </Fotografie>
  <Skarpy>
    <Skarpa rysuj="true" startPikieta="2" endPikieta="3" brzeg="true" />
    <Skarpa rysuj="true" startPikieta="10" endPikieta="11" brzeg="true" />
    <Skarpa rysuj="true" startPikieta="12" endPikieta="13" brzeg="false" />
  </Skarpy>
  <Drogi />
  <Zabudowy />
  <Teksty />
</SzkicPrzekroju>