<?xml version="1.0" encoding="utf-8"?>
<SzkicPrzekroju xmlns:xsi="http://www.w3.org/2001/XMLSchema-instance" xmlns:xsd="http://www.w3.org/2001/XMLSchema" nazwaCieku="Pasłęka" numerObiektu="56" numerPrzekroju="198" dataPomiaru="24.02.2012">
  <Koryto rysuj="true" startPikieta="3" endPikieta="9" />
  <Pikiety>
    <Pikieta rysuj="true" numer="198.01" kodTerenu="">
      <X>463</X>
      <Y>163</Y>
      <Punkt>
        <X>652346.1</X>
        <Y>579925.72</Y>
      </Punkt>
      <Rzedna>107.85</Rzedna>
    </Pikieta>
    <Pikieta rysuj="true" numer="198.02" kodTerenu="T02">
      <X>463</X>
      <Y>188</Y>
      <Punkt>
        <X>652352.93</X>
        <Y>579927.14</Y>
      </Punkt>
      <Rzedna>107.39</Rzedna>
    </Pikieta>
    <Pikieta rysuj="true" numer="198.03" kodTerenu="T02">
      <X>463</X>
      <Y>213</Y>
      <Punkt>
        <X>652354.3</X>
        <Y>579927.67</Y>
      </Punkt>
      <Rzedna>106.9</Rzedna>
    </Pikieta>
    <Pikieta rysuj="true" numer="198.04" kodTerenu="K01">
      <X>463</X>
      <Y>238</Y>
      <Punkt>
        <X>652355.21</X>
        <Y>579927.79</Y>
      </Punkt>
      <Rzedna>105.95</Rzedna>
    </Pikieta>
    <Pikieta rysuj="true" numer="198.05" kodTerenu="K01">
      <X>463</X>
      <Y>263</Y>
      <Punkt>
        <X>652356.41</X>
        <Y>579927.89</Y>
      </Punkt>
      <Rzedna>106.14</Rzedna>
    </Pikieta>
    <Pikieta rysuj="true" numer="198.06" kodTerenu="K01">
      <X>463</X>
      <Y>288</Y>
      <Punkt>
        <X>652357.63</X>
        <Y>579928.13</Y>
      </Punkt>
      <Rzedna>106.04</Rzedna>
    </Pikieta>
    <Pikieta rysuj="true" numer="198.07" kodTerenu="K02">
      <X>463</X>
      <Y>313</Y>
      <Punkt>
        <X>652359.16</X>
        <Y>579928.1</Y>
      </Punkt>
      <Rzedna>105.85</Rzedna>
    </Pikieta>
    <Pikieta rysuj="true" numer="198.08" kodTerenu="K02">
      <X>463</X>
      <Y>338</Y>
      <Punkt>
        <X>652360.66</X>
        <Y>579928.45</Y>
      </Punkt>
      <Rzedna>106.45</Rzedna>
    </Pikieta>
    <Pikieta rysuj="true" numer="198.09" kodTerenu="K02">
      <X>463</X>
      <Y>363</Y>
      <Punkt>
        <X>652361.53</X>
        <Y>579928.65</Y>
      </Punkt>
      <Rzedna>106.9</Rzedna>
    </Pikieta>
    <Pikieta rysuj="true" numer="198.10" kodTerenu="T07">
      <X>463</X>
      <Y>388</Y>
      <Punkt>
        <X>652362.77</X>
        <Y>579928.67</Y>
      </Punkt>
      <Rzedna>108</Rzedna>
    </Pikieta>
    <Pikieta rysuj="true" numer="198.11" kodTerenu="T07">
      <X>463</X>
      <Y>413</Y>
      <Punkt>
        <X>652363.69</X>
        <Y>579928.63</Y>
      </Punkt>
      <Rzedna>108.26</Rzedna>
    </Pikieta>
    <Pikieta rysuj="true" numer="198.12" kodTerenu="T05">
      <X>463</X>
      <Y>438</Y>
      <Punkt>
        <X>652366.02</X>
        <Y>579928.64</Y>
      </Punkt>
      <Rzedna>109.2</Rzedna>
    </Pikieta>
    <Pikieta rysuj="true" numer="198.13" kodTerenu="T05">
      <X>463</X>
      <Y>463</Y>
      <Punkt>
        <X>652370.71</X>
        <Y>579929.79</Y>
      </Punkt>
      <Rzedna>109.62</Rzedna>
    </Pikieta>
  </Pikiety>
  <Fotografie>
    <Fotografia rysuj="true" numer="198" rotacja="270">
      <X>481</X>
      <Y>93</Y>
    </Fotografia>
  </Fotografie>
  <Skarpy>
    <Skarpa rysuj="true" startPikieta="2" endPikieta="3" brzeg="true" />
    <Skarpa rysuj="true" startPikieta="9" endPikieta="10" brzeg="true" />
  </Skarpy>
  <Drogi />
  <Zabudowy />
  <Teksty />
</SzkicPrzekroju>