<?xml version="1.0" encoding="utf-8"?>
<SzkicPrzekroju xmlns:xsi="http://www.w3.org/2001/XMLSchema-instance" xmlns:xsd="http://www.w3.org/2001/XMLSchema" nazwaCieku="Pasłęka" numerObiektu="56" numerPrzekroju="199" dataPomiaru="24.02.2012" startProstej="-1" koniecProstej="-1">
  <_startProstej>-1</_startProstej>
  <_koniecProstej>-1</_koniecProstej>
  <Koryto rysuj="true" startPikieta="3" endPikieta="10" />
  <Pikiety>
    <Pikieta rysuj="true" numer="199.01" kodTerenu="">
      <X>463</X>
      <Y>163</Y>
      <Punkt>
        <X>652041</X>
        <Y>580340.7</Y>
      </Punkt>
      <Rzedna>107.84</Rzedna>
    </Pikieta>
    <Pikieta rysuj="true" numer="199.02" kodTerenu="T02">
      <X>463</X>
      <Y>190</Y>
      <Punkt>
        <X>652048.9</X>
        <Y>580343.5</Y>
      </Punkt>
      <Rzedna>107.54</Rzedna>
    </Pikieta>
    <Pikieta rysuj="true" numer="199.03" kodTerenu="T02">
      <X>463</X>
      <Y>217</Y>
      <Punkt>
        <X>652049.75</X>
        <Y>580344.438</Y>
      </Punkt>
      <Rzedna>107.11</Rzedna>
    </Pikieta>
    <Pikieta rysuj="true" numer="199.04" kodTerenu="K01">
      <X>463</X>
      <Y>244</Y>
      <Punkt>
        <X>652051.5</X>
        <Y>580345.563</Y>
      </Punkt>
      <Rzedna>107</Rzedna>
    </Pikieta>
    <Pikieta rysuj="true" numer="199.05" kodTerenu="K01">
      <X>463</X>
      <Y>271</Y>
      <Punkt>
        <X>652052.9</X>
        <Y>580346.563</Y>
      </Punkt>
      <Rzedna>106.25</Rzedna>
    </Pikieta>
    <Pikieta rysuj="true" numer="199.06" kodTerenu="K01">
      <X>463</X>
      <Y>298</Y>
      <Punkt>
        <X>652054</X>
        <Y>580347.5</Y>
      </Punkt>
      <Rzedna>106.28</Rzedna>
    </Pikieta>
    <Pikieta rysuj="true" numer="199.07" kodTerenu="K01">
      <X>463</X>
      <Y>325</Y>
      <Punkt>
        <X>652055</X>
        <Y>580348.3</Y>
      </Punkt>
      <Rzedna>106.19</Rzedna>
    </Pikieta>
    <Pikieta rysuj="true" numer="199.08" kodTerenu="K01">
      <X>463</X>
      <Y>352</Y>
      <Punkt>
        <X>652056.063</X>
        <Y>580349.1</Y>
      </Punkt>
      <Rzedna>106.35</Rzedna>
    </Pikieta>
    <Pikieta rysuj="true" numer="199.09" kodTerenu="K01">
      <X>463</X>
      <Y>379</Y>
      <Punkt>
        <X>652056.938</X>
        <Y>580349.6</Y>
      </Punkt>
      <Rzedna>106.28</Rzedna>
    </Pikieta>
    <Pikieta rysuj="true" numer="199.10" kodTerenu="K01">
      <X>463</X>
      <Y>406</Y>
      <Punkt>
        <X>652057.938</X>
        <Y>580350</Y>
      </Punkt>
      <Rzedna>107.11</Rzedna>
    </Pikieta>
    <Pikieta rysuj="true" numer="199.11" kodTerenu="T01">
      <X>463</X>
      <Y>433</Y>
      <Punkt>
        <X>652058.438</X>
        <Y>580350.3</Y>
      </Punkt>
      <Rzedna>107.59</Rzedna>
    </Pikieta>
    <Pikieta rysuj="true" numer="199.12" kodTerenu="T01">
      <X>463</X>
      <Y>460</Y>
      <Punkt>
        <X>652063.563</X>
        <Y>580353.2</Y>
      </Punkt>
      <Rzedna>107.65</Rzedna>
    </Pikieta>
  </Pikiety>
  <Fotografie>
    <Fotografia rysuj="true" numer="199" rotacja="90">
      <X>486</X>
      <Y>494</Y>
    </Fotografia>
  </Fotografie>
  <Skarpy>
    <Skarpa rysuj="true" startPikieta="2" endPikieta="3" brzeg="true" />
    <Skarpa rysuj="true" startPikieta="10" endPikieta="11" brzeg="true" />
  </Skarpy>
  <Drogi />
  <Zabudowy />
  <Teksty />
</SzkicPrzekroju>