<?xml version="1.0" encoding="utf-8"?>
<SzkicPrzekroju xmlns:xsi="http://www.w3.org/2001/XMLSchema-instance" xmlns:xsd="http://www.w3.org/2001/XMLSchema" nazwaCieku="Pasłęka" numerObiektu="56" numerPrzekroju="200" dataPomiaru="24.02.2012" startProstej="-1" koniecProstej="-1">
  <_startProstej>-1</_startProstej>
  <_koniecProstej>-1</_koniecProstej>
  <Koryto rysuj="true" startPikieta="5" endPikieta="11" />
  <Pikiety>
    <Pikieta rysuj="true" numer="200.01" kodTerenu="">
      <X>464</X>
      <Y>202</Y>
      <Punkt>
        <X>651987.5</X>
        <Y>580778.938</Y>
      </Punkt>
      <Rzedna>108.93</Rzedna>
    </Pikieta>
    <Pikieta rysuj="true" numer="200.02" kodTerenu="T14">
      <X>615</X>
      <Y>189</Y>
      <Punkt>
        <X>651995.4</X>
        <Y>580774.2</Y>
      </Punkt>
      <Rzedna>108.51</Rzedna>
    </Pikieta>
    <Pikieta rysuj="true" numer="200.03" kodTerenu="T14">
      <X>314</X>
      <Y>203</Y>
      <Punkt>
        <X>651977.5</X>
        <Y>580784.9</Y>
      </Punkt>
      <Rzedna>108.72</Rzedna>
    </Pikieta>
    <Pikieta rysuj="true" numer="200.04" kodTerenu="T07">
      <X>463</X>
      <Y>226</Y>
      <Punkt>
        <X>651987.9</X>
        <Y>580779.438</Y>
      </Punkt>
      <Rzedna>108.84</Rzedna>
    </Pikieta>
    <Pikieta rysuj="true" numer="200.05" kodTerenu="T07">
      <X>463</X>
      <Y>247</Y>
      <Punkt>
        <X>651989.25</X>
        <Y>580781.563</Y>
      </Punkt>
      <Rzedna>107.41</Rzedna>
    </Pikieta>
    <Pikieta rysuj="true" numer="200.06" kodTerenu="K04">
      <X>463</X>
      <Y>268</Y>
      <Punkt>
        <X>651989.7</X>
        <Y>580782.5</Y>
      </Punkt>
      <Rzedna>106.92</Rzedna>
    </Pikieta>
    <Pikieta rysuj="true" numer="200.07" kodTerenu="K04">
      <X>463</X>
      <Y>289</Y>
      <Punkt>
        <X>651990.7</X>
        <Y>580783.938</Y>
      </Punkt>
      <Rzedna>106.83</Rzedna>
    </Pikieta>
    <Pikieta rysuj="true" numer="200.08" kodTerenu="K04">
      <X>463</X>
      <Y>310</Y>
      <Punkt>
        <X>651991.3</X>
        <Y>580784.75</Y>
      </Punkt>
      <Rzedna>106.8</Rzedna>
    </Pikieta>
    <Pikieta rysuj="true" numer="200.09" kodTerenu="K04">
      <X>463</X>
      <Y>331</Y>
      <Punkt>
        <X>651992.6</X>
        <Y>580786.6</Y>
      </Punkt>
      <Rzedna>106.83</Rzedna>
    </Pikieta>
    <Pikieta rysuj="true" numer="200.10" kodTerenu="K04">
      <X>463</X>
      <Y>352</Y>
      <Punkt>
        <X>651993.563</X>
        <Y>580787.7</Y>
      </Punkt>
      <Rzedna>107.02</Rzedna>
    </Pikieta>
    <Pikieta rysuj="true" numer="200.11" kodTerenu="K04">
      <X>463</X>
      <Y>373</Y>
      <Punkt>
        <X>651993.938</X>
        <Y>580788.25</Y>
      </Punkt>
      <Rzedna>107.41</Rzedna>
    </Pikieta>
    <Pikieta rysuj="true" numer="200.12" kodTerenu="T01">
      <X>463</X>
      <Y>394</Y>
      <Punkt>
        <X>651994.2</X>
        <Y>580789.063</Y>
      </Punkt>
      <Rzedna>108.24</Rzedna>
    </Pikieta>
    <Pikieta rysuj="true" numer="200.13" kodTerenu="T01">
      <X>463</X>
      <Y>415</Y>
      <Punkt>
        <X>651995</X>
        <Y>580790.438</Y>
      </Punkt>
      <Rzedna>108.61</Rzedna>
    </Pikieta>
    <Pikieta rysuj="true" numer="200.14" kodTerenu="T01">
      <X>463</X>
      <Y>436</Y>
      <Punkt>
        <X>651998.063</X>
        <Y>580795.063</Y>
      </Punkt>
      <Rzedna>111.05</Rzedna>
    </Pikieta>
    <Pikieta rysuj="true" numer="200.15" kodTerenu="T01">
      <X>463</X>
      <Y>457</Y>
      <Punkt>
        <X>652002.3</X>
        <Y>580799.25</Y>
      </Punkt>
      <Rzedna>111.69</Rzedna>
    </Pikieta>
  </Pikiety>
  <Fotografie>
    <Fotografia rysuj="true" numer="200" rotacja="90">
      <X>463</X>
      <Y>493</Y>
    </Fotografia>
  </Fotografie>
  <Skarpy>
    <Skarpa rysuj="true" startPikieta="4" endPikieta="5" brzeg="true" />
    <Skarpa rysuj="true" startPikieta="11" endPikieta="12" brzeg="true" />
    <Skarpa rysuj="true" startPikieta="13" endPikieta="14" brzeg="false" />
  </Skarpy>
  <Drogi />
  <Zabudowy>
    <Zabudowa rysuj="true" budynek="true" width="150" height="50">
      <X>314</X>
      <Y>137</Y>
    </Zabudowa>
    <Zabudowa rysuj="true" budynek="true" width="150" height="50">
      <X>465</X>
      <Y>137</Y>
    </Zabudowa>
    <Zabudowa rysuj="true" budynek="false" width="21" height="400">
      <X>290</X>
      <Y>111</Y>
    </Zabudowa>
  </Zabudowy>
  <Teksty>
    <Tekst rysuj="true" value="budynek I">
      <X>347</X>
      <Y>162</Y>
    </Tekst>
    <Tekst rysuj="true" value="budynek IV">
      <X>503</X>
      <Y>163</Y>
    </Tekst>
    <Tekst rysuj="true" value="Most">
      <X>317</X>
      <Y>279</Y>
    </Tekst>
    <Tekst rysuj="true" value="kolejowy">
      <X>316</X>
      <Y>297</Y>
    </Tekst>
  </Teksty>
</SzkicPrzekroju>