<?xml version="1.0" encoding="utf-8"?>
<SzkicPrzekroju xmlns:xsi="http://www.w3.org/2001/XMLSchema-instance" xmlns:xsd="http://www.w3.org/2001/XMLSchema" nazwaCieku="Pasłęka" numerObiektu="201" numerPrzekroju="201" dataPomiaru="20.02.2012">
  <Koryto rysuj="true" startPikieta="3" endPikieta="9" />
  <Pikiety>
    <Pikieta rysuj="true" numer="201.01" kodTerenu="">
      <X>463</X>
      <Y>163</Y>
      <Punkt>
        <X>651895.235</X>
        <Y>580830.492</Y>
      </Punkt>
      <Rzedna>108.44</Rzedna>
    </Pikieta>
    <Pikieta rysuj="true" numer="201.02" kodTerenu="T01">
      <X>463</X>
      <Y>193</Y>
      <Punkt>
        <X>651898.689</X>
        <Y>580833.916</Y>
      </Punkt>
      <Rzedna>108.12</Rzedna>
    </Pikieta>
    <Pikieta rysuj="true" numer="201.03" kodTerenu="T02">
      <X>463</X>
      <Y>223</Y>
      <Punkt>
        <X>651901.234</X>
        <Y>580839.479</Y>
      </Punkt>
      <Rzedna>107.61</Rzedna>
    </Pikieta>
    <Pikieta rysuj="true" numer="201.04" kodTerenu="K02">
      <X>463</X>
      <Y>253</Y>
      <Punkt>
        <X>651902.19</X>
        <Y>580840.221</Y>
      </Punkt>
      <Rzedna>106.54</Rzedna>
    </Pikieta>
    <Pikieta rysuj="true" numer="201.05" kodTerenu="K02">
      <X>463</X>
      <Y>283</Y>
      <Punkt>
        <X>651902.629</X>
        <Y>580840.625</Y>
      </Punkt>
      <Rzedna>106.31</Rzedna>
    </Pikieta>
    <Pikieta rysuj="true" numer="201.06" kodTerenu="K02">
      <X>463</X>
      <Y>313</Y>
      <Punkt>
        <X>651902.902</X>
        <Y>580841.496</Y>
      </Punkt>
      <Rzedna>106.27</Rzedna>
    </Pikieta>
    <Pikieta rysuj="true" numer="201.07" kodTerenu="K02">
      <X>463</X>
      <Y>343</Y>
      <Punkt>
        <X>651903.331</X>
        <Y>580842.146</Y>
      </Punkt>
      <Rzedna>106.58</Rzedna>
    </Pikieta>
    <Pikieta rysuj="true" numer="201.08" kodTerenu="K02">
      <X>463</X>
      <Y>373</Y>
      <Punkt>
        <X>651903.702</X>
        <Y>580842.967</Y>
      </Punkt>
      <Rzedna>106.67</Rzedna>
    </Pikieta>
    <Pikieta rysuj="true" numer="201.09" kodTerenu="K02">
      <X>463</X>
      <Y>403</Y>
      <Punkt>
        <X>651904.308</X>
        <Y>580843.195</Y>
      </Punkt>
      <Rzedna>107.55</Rzedna>
    </Pikieta>
    <Pikieta rysuj="true" numer="201.10" kodTerenu="T02">
      <X>463</X>
      <Y>433</Y>
      <Punkt>
        <X>651906.396</X>
        <Y>580846.053</Y>
      </Punkt>
      <Rzedna>108.61</Rzedna>
    </Pikieta>
    <Pikieta rysuj="true" numer="201.11" kodTerenu="T01">
      <X>463</X>
      <Y>463</Y>
      <Punkt>
        <X>651910.017</X>
        <Y>580849.83</Y>
      </Punkt>
      <Rzedna>108.9</Rzedna>
    </Pikieta>
  </Pikiety>
  <Fotografie>
    <Fotografia rysuj="true" numer="201" rotacja="70">
      <X>397</X>
      <Y>478</Y>
    </Fotografia>
  </Fotografie>
  <Skarpy>
    <Skarpa rysuj="true" startPikieta="2" endPikieta="3" brzeg="true" />
    <Skarpa rysuj="true" startPikieta="9" endPikieta="10" brzeg="true" />
  </Skarpy>
  <Drogi />
  <Zabudowy />
  <Teksty />
</SzkicPrzekroju>