<?xml version="1.0" encoding="utf-8"?>
<SzkicPrzekroju xmlns:xsi="http://www.w3.org/2001/XMLSchema-instance" xmlns:xsd="http://www.w3.org/2001/XMLSchema" nazwaCieku="Pasłęka" numerObiektu="56" numerPrzekroju="202" dataPomiaru="24.02.2012" startProstej="-1" koniecProstej="-1">
  <_startProstej>-1</_startProstej>
  <_koniecProstej>-1</_koniecProstej>
  <Koryto rysuj="true" startPikieta="3" endPikieta="9" />
  <Pikiety>
    <Pikieta rysuj="true" numer="202.01" kodTerenu="">
      <X>463</X>
      <Y>163</Y>
      <Punkt>
        <X>651797.1</X>
        <Y>581058.063</Y>
      </Punkt>
      <Rzedna>108.24</Rzedna>
    </Pikieta>
    <Pikieta rysuj="true" numer="202.02" kodTerenu="T01">
      <X>463</X>
      <Y>193</Y>
      <Punkt>
        <X>651802.6</X>
        <Y>581061.25</Y>
      </Punkt>
      <Rzedna>108.02</Rzedna>
    </Pikieta>
    <Pikieta rysuj="true" numer="202.03" kodTerenu="T01">
      <X>463</X>
      <Y>223</Y>
      <Punkt>
        <X>651804.063</X>
        <Y>581062</Y>
      </Punkt>
      <Rzedna>107.62</Rzedna>
    </Pikieta>
    <Pikieta rysuj="true" numer="202.04" kodTerenu="K01">
      <X>463</X>
      <Y>253</Y>
      <Punkt>
        <X>651804.75</X>
        <Y>581062.563</Y>
      </Punkt>
      <Rzedna>106.85</Rzedna>
    </Pikieta>
    <Pikieta rysuj="true" numer="202.05" kodTerenu="K02">
      <X>463</X>
      <Y>283</Y>
      <Punkt>
        <X>651805.5</X>
        <Y>581063</Y>
      </Punkt>
      <Rzedna>106.82</Rzedna>
    </Pikieta>
    <Pikieta rysuj="true" numer="202.06" kodTerenu="K02">
      <X>463</X>
      <Y>313</Y>
      <Punkt>
        <X>651806.438</X>
        <Y>581063.4</Y>
      </Punkt>
      <Rzedna>106.62</Rzedna>
    </Pikieta>
    <Pikieta rysuj="true" numer="202.07" kodTerenu="K02">
      <X>463</X>
      <Y>343</Y>
      <Punkt>
        <X>651807.75</X>
        <Y>581063.8</Y>
      </Punkt>
      <Rzedna>106.44</Rzedna>
    </Pikieta>
    <Pikieta rysuj="true" numer="202.08" kodTerenu="K02">
      <X>463</X>
      <Y>373</Y>
      <Punkt>
        <X>651808.5</X>
        <Y>581064.25</Y>
      </Punkt>
      <Rzedna>106.3</Rzedna>
    </Pikieta>
    <Pikieta rysuj="true" numer="202.09" kodTerenu="K01">
      <X>463</X>
      <Y>403</Y>
      <Punkt>
        <X>651808.7</X>
        <Y>581064.3</Y>
      </Punkt>
      <Rzedna>107.62</Rzedna>
    </Pikieta>
    <Pikieta rysuj="true" numer="202.10" kodTerenu="T01">
      <X>463</X>
      <Y>433</Y>
      <Punkt>
        <X>651811.938</X>
        <Y>581066.563</Y>
      </Punkt>
      <Rzedna>108.22</Rzedna>
    </Pikieta>
    <Pikieta rysuj="true" numer="202.11" kodTerenu="T01">
      <X>463</X>
      <Y>463</Y>
      <Punkt>
        <X>651816.25</X>
        <Y>581069.5</Y>
      </Punkt>
      <Rzedna>108.1</Rzedna>
    </Pikieta>
  </Pikiety>
  <Fotografie>
    <Fotografia rysuj="true" numer="202" rotacja="90">
      <X>484</X>
      <Y>503</Y>
    </Fotografia>
  </Fotografie>
  <Skarpy>
    <Skarpa rysuj="true" startPikieta="2" endPikieta="3" brzeg="true" />
    <Skarpa rysuj="true" startPikieta="9" endPikieta="10" brzeg="true" />
  </Skarpy>
  <Drogi />
  <Zabudowy />
  <Teksty />
</SzkicPrzekroju>