<?xml version="1.0" encoding="utf-8"?>
<SzkicPrzekroju xmlns:xsi="http://www.w3.org/2001/XMLSchema-instance" xmlns:xsd="http://www.w3.org/2001/XMLSchema" nazwaCieku="Pasłęka" numerObiektu="56" numerPrzekroju="203" dataPomiaru="24.02.2012" startProstej="-1" koniecProstej="-1">
  <_startProstej>-1</_startProstej>
  <_koniecProstej>-1</_koniecProstej>
  <Koryto rysuj="true" startPikieta="3" endPikieta="9" />
  <Pikiety>
    <Pikieta rysuj="true" numer="203.01" kodTerenu="">
      <X>463</X>
      <Y>163</Y>
      <Punkt>
        <X>651544.5</X>
        <Y>581250.063</Y>
      </Punkt>
      <Rzedna>108.72</Rzedna>
    </Pikieta>
    <Pikieta rysuj="true" numer="203.02" kodTerenu="T01">
      <X>463</X>
      <Y>193</Y>
      <Punkt>
        <X>651547.7</X>
        <Y>581256.25</Y>
      </Punkt>
      <Rzedna>108.55</Rzedna>
    </Pikieta>
    <Pikieta rysuj="true" numer="203.03" kodTerenu="T01">
      <X>463</X>
      <Y>223</Y>
      <Punkt>
        <X>651548.1</X>
        <Y>581256.938</Y>
      </Punkt>
      <Rzedna>107.8</Rzedna>
    </Pikieta>
    <Pikieta rysuj="true" numer="203.04" kodTerenu="K02">
      <X>463</X>
      <Y>253</Y>
      <Punkt>
        <X>651548.75</X>
        <Y>581257.9</Y>
      </Punkt>
      <Rzedna>107.21</Rzedna>
    </Pikieta>
    <Pikieta rysuj="true" numer="203.05" kodTerenu="K02">
      <X>463</X>
      <Y>283</Y>
      <Punkt>
        <X>651549.438</X>
        <Y>581259.4</Y>
      </Punkt>
      <Rzedna>107.1</Rzedna>
    </Pikieta>
    <Pikieta rysuj="true" numer="203.06" kodTerenu="K02">
      <X>463</X>
      <Y>313</Y>
      <Punkt>
        <X>651549.75</X>
        <Y>581260.3</Y>
      </Punkt>
      <Rzedna>107.19</Rzedna>
    </Pikieta>
    <Pikieta rysuj="true" numer="203.07" kodTerenu="K01">
      <X>463</X>
      <Y>343</Y>
      <Punkt>
        <X>651550.563</X>
        <Y>581261.5</Y>
      </Punkt>
      <Rzedna>107.26</Rzedna>
    </Pikieta>
    <Pikieta rysuj="true" numer="203.08" kodTerenu="K01">
      <X>463</X>
      <Y>373</Y>
      <Punkt>
        <X>651551.063</X>
        <Y>581262.7</Y>
      </Punkt>
      <Rzedna>107.21</Rzedna>
    </Pikieta>
    <Pikieta rysuj="true" numer="203.09" kodTerenu="K02">
      <X>463</X>
      <Y>403</Y>
      <Punkt>
        <X>651551.2</X>
        <Y>581263.1</Y>
      </Punkt>
      <Rzedna>107.8</Rzedna>
    </Pikieta>
    <Pikieta rysuj="true" numer="203.10" kodTerenu="T01">
      <X>463</X>
      <Y>433</Y>
      <Punkt>
        <X>651552.063</X>
        <Y>581265.438</Y>
      </Punkt>
      <Rzedna>109.07</Rzedna>
    </Pikieta>
    <Pikieta rysuj="true" numer="203.11" kodTerenu="T01">
      <X>463</X>
      <Y>463</Y>
      <Punkt>
        <X>651554.5</X>
        <Y>581270.563</Y>
      </Punkt>
      <Rzedna>109.4</Rzedna>
    </Pikieta>
  </Pikiety>
  <Fotografie>
    <Fotografia rysuj="true" numer="203" rotacja="270">
      <X>487</X>
      <Y>92</Y>
    </Fotografia>
  </Fotografie>
  <Skarpy>
    <Skarpa rysuj="true" startPikieta="2" endPikieta="3" brzeg="true" />
    <Skarpa rysuj="true" startPikieta="9" endPikieta="10" brzeg="true" />
  </Skarpy>
  <Drogi />
  <Zabudowy />
  <Teksty />
</SzkicPrzekroju>