<?xml version="1.0" encoding="utf-8"?>
<SzkicPrzekroju xmlns:xsi="http://www.w3.org/2001/XMLSchema-instance" xmlns:xsd="http://www.w3.org/2001/XMLSchema" nazwaCieku="Pasłęka" numerObiektu="56" numerPrzekroju="204" dataPomiaru="23.02.2012" startProstej="-1" koniecProstej="-1">
  <_startProstej>-1</_startProstej>
  <_koniecProstej>-1</_koniecProstej>
  <Koryto rysuj="true" startPikieta="4" endPikieta="10" />
  <Pikiety>
    <Pikieta rysuj="true" numer="204.01" kodTerenu="">
      <X>463</X>
      <Y>163</Y>
      <Punkt>
        <X>651287.938</X>
        <Y>581088.6</Y>
      </Punkt>
      <Rzedna>110.94</Rzedna>
    </Pikieta>
    <Pikieta rysuj="true" numer="204.02" kodTerenu="T04">
      <X>463</X>
      <Y>188</Y>
      <Punkt>
        <X>651281.438</X>
        <Y>581090.2</Y>
      </Punkt>
      <Rzedna>110.58</Rzedna>
    </Pikieta>
    <Pikieta rysuj="true" numer="204.03" kodTerenu="T04">
      <X>463</X>
      <Y>213</Y>
      <Punkt>
        <X>651275.75</X>
        <Y>581092.063</Y>
      </Punkt>
      <Rzedna>110.49</Rzedna>
    </Pikieta>
    <Pikieta rysuj="true" numer="204.04" kodTerenu="T01">
      <X>463</X>
      <Y>238</Y>
      <Punkt>
        <X>651275</X>
        <Y>581092.438</Y>
      </Punkt>
      <Rzedna>110</Rzedna>
    </Pikieta>
    <Pikieta rysuj="true" numer="204.05" kodTerenu="K02">
      <X>463</X>
      <Y>263</Y>
      <Punkt>
        <X>651274.25</X>
        <Y>581092.8</Y>
      </Punkt>
      <Rzedna>109.63</Rzedna>
    </Pikieta>
    <Pikieta rysuj="true" numer="204.06" kodTerenu="K02">
      <X>463</X>
      <Y>288</Y>
      <Punkt>
        <X>651273.1</X>
        <Y>581093.3</Y>
      </Punkt>
      <Rzedna>109.5</Rzedna>
    </Pikieta>
    <Pikieta rysuj="true" numer="204.07" kodTerenu="K02">
      <X>463</X>
      <Y>313</Y>
      <Punkt>
        <X>651272.1</X>
        <Y>581093.8</Y>
      </Punkt>
      <Rzedna>109.51</Rzedna>
    </Pikieta>
    <Pikieta rysuj="true" numer="204.08" kodTerenu="K02">
      <X>463</X>
      <Y>338</Y>
      <Punkt>
        <X>651271.2</X>
        <Y>581094.1</Y>
      </Punkt>
      <Rzedna>109.51</Rzedna>
    </Pikieta>
    <Pikieta rysuj="true" numer="204.09" kodTerenu="K02">
      <X>463</X>
      <Y>363</Y>
      <Punkt>
        <X>651269.75</X>
        <Y>581094.938</Y>
      </Punkt>
      <Rzedna>109.74</Rzedna>
    </Pikieta>
    <Pikieta rysuj="true" numer="204.10" kodTerenu="K02">
      <X>463</X>
      <Y>388</Y>
      <Punkt>
        <X>651268.8</X>
        <Y>581094.8</Y>
      </Punkt>
      <Rzedna>110</Rzedna>
    </Pikieta>
    <Pikieta rysuj="true" numer="204.11" kodTerenu="T07">
      <X>463</X>
      <Y>413</Y>
      <Punkt>
        <X>651268</X>
        <Y>581095.75</Y>
      </Punkt>
      <Rzedna>111.12</Rzedna>
    </Pikieta>
    <Pikieta rysuj="true" numer="204.12" kodTerenu="T07">
      <X>463</X>
      <Y>438</Y>
      <Punkt>
        <X>651263.75</X>
        <Y>581098</Y>
      </Punkt>
      <Rzedna>112.5</Rzedna>
    </Pikieta>
    <Pikieta rysuj="true" numer="204.13" kodTerenu="T07">
      <X>463</X>
      <Y>463</Y>
      <Punkt>
        <X>651254</X>
        <Y>581102.438</Y>
      </Punkt>
      <Rzedna>115.3</Rzedna>
    </Pikieta>
  </Pikiety>
  <Fotografie>
    <Fotografia rysuj="true" numer="204" rotacja="255">
      <X>520</X>
      <Y>99</Y>
    </Fotografia>
  </Fotografie>
  <Skarpy>
    <Skarpa rysuj="true" startPikieta="3" endPikieta="4" brzeg="true" />
    <Skarpa rysuj="true" startPikieta="10" endPikieta="11" brzeg="true" />
  </Skarpy>
  <Drogi />
  <Zabudowy />
  <Teksty />
</SzkicPrzekroju>