<?xml version="1.0" encoding="utf-8"?>
<SzkicPrzekroju xmlns:xsi="http://www.w3.org/2001/XMLSchema-instance" xmlns:xsd="http://www.w3.org/2001/XMLSchema" nazwaCieku="Pasłęka" numerObiektu="56" numerPrzekroju="205" dataPomiaru="23.02.2012" startProstej="-1" koniecProstej="-1">
  <_startProstej>-1</_startProstej>
  <_koniecProstej>-1</_koniecProstej>
  <Koryto rysuj="true" startPikieta="5" endPikieta="11" />
  <Pikiety>
    <Pikieta rysuj="true" numer="205.01" kodTerenu="">
      <X>463</X>
      <Y>163</Y>
      <Punkt>
        <X>650992.25</X>
        <Y>581088.5</Y>
      </Punkt>
      <Rzedna>121.66</Rzedna>
    </Pikieta>
    <Pikieta rysuj="true" numer="205.02" kodTerenu="T06">
      <X>463</X>
      <Y>186</Y>
      <Punkt>
        <X>650995</X>
        <Y>581103.3</Y>
      </Punkt>
      <Rzedna>114.97</Rzedna>
    </Pikieta>
    <Pikieta rysuj="true" numer="205.03" kodTerenu="T06">
      <X>463</X>
      <Y>209</Y>
      <Punkt>
        <X>650996.5</X>
        <Y>581107.6</Y>
      </Punkt>
      <Rzedna>112.2</Rzedna>
    </Pikieta>
    <Pikieta rysuj="true" numer="205.04" kodTerenu="T06">
      <X>463</X>
      <Y>232</Y>
      <Punkt>
        <X>650997</X>
        <Y>581110.3</Y>
      </Punkt>
      <Rzedna>111.57</Rzedna>
    </Pikieta>
    <Pikieta rysuj="true" numer="205.05" kodTerenu="T07">
      <X>463</X>
      <Y>255</Y>
      <Punkt>
        <X>650997.25</X>
        <Y>581110.938</Y>
      </Punkt>
      <Rzedna>111.11</Rzedna>
    </Pikieta>
    <Pikieta rysuj="true" numer="205.06" kodTerenu="K02">
      <X>463</X>
      <Y>278</Y>
      <Punkt>
        <X>650997.5</X>
        <Y>581112</Y>
      </Punkt>
      <Rzedna>110.52</Rzedna>
    </Pikieta>
    <Pikieta rysuj="true" numer="205.07" kodTerenu="K02">
      <X>463</X>
      <Y>301</Y>
      <Punkt>
        <X>650998.063</X>
        <Y>581113.5</Y>
      </Punkt>
      <Rzedna>110.44</Rzedna>
    </Pikieta>
    <Pikieta rysuj="true" numer="205.08" kodTerenu="K02">
      <X>463</X>
      <Y>324</Y>
      <Punkt>
        <X>650998.3</X>
        <Y>581114.75</Y>
      </Punkt>
      <Rzedna>110.39</Rzedna>
    </Pikieta>
    <Pikieta rysuj="true" numer="205.09" kodTerenu="K02">
      <X>463</X>
      <Y>347</Y>
      <Punkt>
        <X>650998.8</X>
        <Y>581116.25</Y>
      </Punkt>
      <Rzedna>110.46</Rzedna>
    </Pikieta>
    <Pikieta rysuj="true" numer="205.10" kodTerenu="K02">
      <X>463</X>
      <Y>370</Y>
      <Punkt>
        <X>650999.063</X>
        <Y>581117.2</Y>
      </Punkt>
      <Rzedna>110.79</Rzedna>
    </Pikieta>
    <Pikieta rysuj="true" numer="205.11" kodTerenu="K02">
      <X>463</X>
      <Y>393</Y>
      <Punkt>
        <X>650999.25</X>
        <Y>581117.75</Y>
      </Punkt>
      <Rzedna>111.11</Rzedna>
    </Pikieta>
    <Pikieta rysuj="true" numer="205.12" kodTerenu="T06">
      <X>463</X>
      <Y>416</Y>
      <Punkt>
        <X>650999.8</X>
        <Y>581120.9</Y>
      </Punkt>
      <Rzedna>112.93</Rzedna>
    </Pikieta>
    <Pikieta rysuj="true" numer="205.13" kodTerenu="T06">
      <X>463</X>
      <Y>439</Y>
      <Punkt>
        <X>651001.7</X>
        <Y>581125.6</Y>
      </Punkt>
      <Rzedna>112.69</Rzedna>
    </Pikieta>
    <Pikieta rysuj="true" numer="205.14" kodTerenu="T07">
      <X>463</X>
      <Y>462</Y>
      <Punkt>
        <X>651003.938</X>
        <Y>581131.1</Y>
      </Punkt>
      <Rzedna>112.41</Rzedna>
    </Pikieta>
  </Pikiety>
  <Fotografie>
    <Fotografia rysuj="true" numer="205" rotacja="270">
      <X>484</X>
      <Y>101</Y>
    </Fotografia>
  </Fotografie>
  <Skarpy>
    <Skarpa rysuj="true" startPikieta="4" endPikieta="5" brzeg="true" />
    <Skarpa rysuj="true" startPikieta="11" endPikieta="12" brzeg="true" />
    <Skarpa rysuj="true" startPikieta="1" endPikieta="2" brzeg="false" />
  </Skarpy>
  <Drogi />
  <Zabudowy />
  <Teksty />
</SzkicPrzekroju>