<?xml version="1.0" encoding="utf-8"?>
<SzkicPrzekroju xmlns:xsi="http://www.w3.org/2001/XMLSchema-instance" xmlns:xsd="http://www.w3.org/2001/XMLSchema" nazwaCieku="Pasłęka" numerObiektu="56" numerPrzekroju="206" dataPomiaru="23.02.2012" startProstej="-1" koniecProstej="-1">
  <_startProstej>-1</_startProstej>
  <_koniecProstej>-1</_koniecProstej>
  <Koryto rysuj="true" startPikieta="4" endPikieta="11" />
  <Pikiety>
    <Pikieta rysuj="true" numer="206.01" kodTerenu="">
      <X>463</X>
      <Y>163</Y>
      <Punkt>
        <X>650439.25</X>
        <Y>581124.7</Y>
      </Punkt>
      <Rzedna>112.66</Rzedna>
    </Pikieta>
    <Pikieta rysuj="true" numer="206.02" kodTerenu="T01">
      <X>463</X>
      <Y>184</Y>
      <Punkt>
        <X>650441</X>
        <Y>581129.7</Y>
      </Punkt>
      <Rzedna>112.83</Rzedna>
    </Pikieta>
    <Pikieta rysuj="true" numer="206.03" kodTerenu="T01">
      <X>463</X>
      <Y>205</Y>
      <Punkt>
        <X>650442.25</X>
        <Y>581132.75</Y>
      </Punkt>
      <Rzedna>112.86</Rzedna>
    </Pikieta>
    <Pikieta rysuj="true" numer="206.04" kodTerenu="T07">
      <X>463</X>
      <Y>226</Y>
      <Punkt>
        <X>650442.8</X>
        <Y>581134.7</Y>
      </Punkt>
      <Rzedna>111.4</Rzedna>
    </Pikieta>
    <Pikieta rysuj="true" numer="206.05" kodTerenu="K02">
      <X>463</X>
      <Y>247</Y>
      <Punkt>
        <X>650443.25</X>
        <Y>581136.25</Y>
      </Punkt>
      <Rzedna>110.8</Rzedna>
    </Pikieta>
    <Pikieta rysuj="true" numer="206.06" kodTerenu="K02">
      <X>463</X>
      <Y>268</Y>
      <Punkt>
        <X>650443.6</X>
        <Y>581137.75</Y>
      </Punkt>
      <Rzedna>110.53</Rzedna>
    </Pikieta>
    <Pikieta rysuj="true" numer="206.07" kodTerenu="K01">
      <X>463</X>
      <Y>289</Y>
      <Punkt>
        <X>650444.2</X>
        <Y>581139.063</Y>
      </Punkt>
      <Rzedna>110.4</Rzedna>
    </Pikieta>
    <Pikieta rysuj="true" numer="206.08" kodTerenu="K01">
      <X>463</X>
      <Y>310</Y>
      <Punkt>
        <X>650444.6</X>
        <Y>581140.2</Y>
      </Punkt>
      <Rzedna>110.46</Rzedna>
    </Pikieta>
    <Pikieta rysuj="true" numer="206.09" kodTerenu="K02">
      <X>463</X>
      <Y>331</Y>
      <Punkt>
        <X>650444.3</X>
        <Y>581141.2</Y>
      </Punkt>
      <Rzedna>110.53</Rzedna>
    </Pikieta>
    <Pikieta rysuj="true" numer="206.10" kodTerenu="K02">
      <X>463</X>
      <Y>352</Y>
      <Punkt>
        <X>650444.7</X>
        <Y>581142.5</Y>
      </Punkt>
      <Rzedna>110.96</Rzedna>
    </Pikieta>
    <Pikieta rysuj="true" numer="206.11" kodTerenu="K02">
      <X>463</X>
      <Y>373</Y>
      <Punkt>
        <X>650444.3</X>
        <Y>581143.8</Y>
      </Punkt>
      <Rzedna>111.4</Rzedna>
    </Pikieta>
    <Pikieta rysuj="true" numer="206.12" kodTerenu="T07">
      <X>463</X>
      <Y>394</Y>
      <Punkt>
        <X>650444.563</X>
        <Y>581145.5</Y>
      </Punkt>
      <Rzedna>112.84</Rzedna>
    </Pikieta>
    <Pikieta rysuj="true" numer="206.13" kodTerenu="T04">
      <X>463</X>
      <Y>415</Y>
      <Punkt>
        <X>650445.563</X>
        <Y>581150.6</Y>
      </Punkt>
      <Rzedna>113.31</Rzedna>
    </Pikieta>
    <Pikieta rysuj="true" numer="206.14" kodTerenu="T04">
      <X>463</X>
      <Y>436</Y>
      <Punkt>
        <X>650445.9</X>
        <Y>581153.7</Y>
      </Punkt>
      <Rzedna>113.01</Rzedna>
    </Pikieta>
    <Pikieta rysuj="true" numer="206.15" kodTerenu="T12">
      <X>463</X>
      <Y>457</Y>
      <Punkt>
        <X>650446.3</X>
        <Y>581157.8</Y>
      </Punkt>
      <Rzedna>113.4</Rzedna>
    </Pikieta>
  </Pikiety>
  <Fotografie>
    <Fotografia rysuj="true" numer="206" rotacja="270">
      <X>486</X>
      <Y>101</Y>
    </Fotografia>
  </Fotografie>
  <Skarpy>
    <Skarpa rysuj="true" startPikieta="3" endPikieta="4" brzeg="true" />
    <Skarpa rysuj="true" startPikieta="11" endPikieta="12" brzeg="true" />
  </Skarpy>
  <Drogi>
    <Droga rysuj="true" startPikieta="14" endPikieta="15" />
  </Drogi>
  <Zabudowy />
  <Teksty />
</SzkicPrzekroju>