<?xml version="1.0" encoding="utf-8"?>
<SzkicPrzekroju xmlns:xsi="http://www.w3.org/2001/XMLSchema-instance" xmlns:xsd="http://www.w3.org/2001/XMLSchema" nazwaCieku="Pasłęka" numerObiektu="56" numerPrzekroju="207" dataPomiaru="23.02.2012" startProstej="-1" koniecProstej="-1">
  <_startProstej>-1</_startProstej>
  <_koniecProstej>-1</_koniecProstej>
  <Koryto rysuj="true" startPikieta="4" endPikieta="10" />
  <Pikiety>
    <Pikieta rysuj="true" numer="207.01" kodTerenu="">
      <X>463</X>
      <Y>163</Y>
      <Punkt>
        <X>649885.438</X>
        <Y>581452.6</Y>
      </Punkt>
      <Rzedna>112.09</Rzedna>
    </Pikieta>
    <Pikieta rysuj="true" numer="207.02" kodTerenu="T07">
      <X>463</X>
      <Y>190</Y>
      <Punkt>
        <X>649892.4</X>
        <Y>581456.1</Y>
      </Punkt>
      <Rzedna>112.22</Rzedna>
    </Pikieta>
    <Pikieta rysuj="true" numer="207.03" kodTerenu="T01">
      <X>463</X>
      <Y>217</Y>
      <Punkt>
        <X>649895.25</X>
        <Y>581457.438</Y>
      </Punkt>
      <Rzedna>112.29</Rzedna>
    </Pikieta>
    <Pikieta rysuj="true" numer="207.04" kodTerenu="T01">
      <X>463</X>
      <Y>244</Y>
      <Punkt>
        <X>649896.1</X>
        <Y>581458.25</Y>
      </Punkt>
      <Rzedna>111.47</Rzedna>
    </Pikieta>
    <Pikieta rysuj="true" numer="207.05" kodTerenu="K01">
      <X>463</X>
      <Y>271</Y>
      <Punkt>
        <X>649897</X>
        <Y>581458.9</Y>
      </Punkt>
      <Rzedna>110.4</Rzedna>
    </Pikieta>
    <Pikieta rysuj="true" numer="207.06" kodTerenu="K01">
      <X>463</X>
      <Y>298</Y>
      <Punkt>
        <X>649898.3</X>
        <Y>581459.5</Y>
      </Punkt>
      <Rzedna>109.92</Rzedna>
    </Pikieta>
    <Pikieta rysuj="true" numer="207.07" kodTerenu="K01">
      <X>463</X>
      <Y>325</Y>
      <Punkt>
        <X>649900.2</X>
        <Y>581460.4</Y>
      </Punkt>
      <Rzedna>109.89</Rzedna>
    </Pikieta>
    <Pikieta rysuj="true" numer="207.08" kodTerenu="K01">
      <X>463</X>
      <Y>352</Y>
      <Punkt>
        <X>649901.6</X>
        <Y>581461</Y>
      </Punkt>
      <Rzedna>110.12</Rzedna>
    </Pikieta>
    <Pikieta rysuj="true" numer="207.09" kodTerenu="K01">
      <X>463</X>
      <Y>379</Y>
      <Punkt>
        <X>649902.75</X>
        <Y>581461.75</Y>
      </Punkt>
      <Rzedna>110.27</Rzedna>
    </Pikieta>
    <Pikieta rysuj="true" numer="207.10" kodTerenu="K01">
      <X>463</X>
      <Y>406</Y>
      <Punkt>
        <X>649903.8</X>
        <Y>581462.7</Y>
      </Punkt>
      <Rzedna>111.47</Rzedna>
    </Pikieta>
    <Pikieta rysuj="true" numer="207.11" kodTerenu="T01">
      <X>463</X>
      <Y>433</Y>
      <Punkt>
        <X>649904.3</X>
        <Y>581463.3</Y>
      </Punkt>
      <Rzedna>111.9</Rzedna>
    </Pikieta>
    <Pikieta rysuj="true" numer="207.12" kodTerenu="T07">
      <X>463</X>
      <Y>460</Y>
      <Punkt>
        <X>649908.1</X>
        <Y>581461.063</Y>
      </Punkt>
      <Rzedna>112.43</Rzedna>
    </Pikieta>
  </Pikiety>
  <Fotografie>
    <Fotografia rysuj="true" numer="207" rotacja="270">
      <X>486</X>
      <Y>109</Y>
    </Fotografia>
  </Fotografie>
  <Skarpy>
    <Skarpa rysuj="true" startPikieta="3" endPikieta="4" brzeg="true" />
    <Skarpa rysuj="true" startPikieta="10" endPikieta="11" brzeg="true" />
  </Skarpy>
  <Drogi />
  <Zabudowy />
  <Teksty />
</SzkicPrzekroju>