<?xml version="1.0" encoding="utf-8"?>
<SzkicPrzekroju xmlns:xsi="http://www.w3.org/2001/XMLSchema-instance" xmlns:xsd="http://www.w3.org/2001/XMLSchema" nazwaCieku="Pasłęka" numerObiektu="56" numerPrzekroju="208" dataPomiaru="22.02.2012" startProstej="-1" koniecProstej="-1">
  <_startProstej>-1</_startProstej>
  <_koniecProstej>-1</_koniecProstej>
  <Koryto rysuj="true" startPikieta="3" endPikieta="9" />
  <Pikiety>
    <Pikieta rysuj="true" numer="208.01" kodTerenu="">
      <X>463</X>
      <Y>163</Y>
      <Punkt>
        <X>649756.938</X>
        <Y>581918.7</Y>
      </Punkt>
      <Rzedna>111.9</Rzedna>
    </Pikieta>
    <Pikieta rysuj="true" numer="208.02" kodTerenu="T01">
      <X>463</X>
      <Y>193</Y>
      <Punkt>
        <X>649762.7</X>
        <Y>581923.6</Y>
      </Punkt>
      <Rzedna>111.96</Rzedna>
    </Pikieta>
    <Pikieta rysuj="true" numer="208.03" kodTerenu="T01">
      <X>463</X>
      <Y>223</Y>
      <Punkt>
        <X>649763.7</X>
        <Y>581924.7</Y>
      </Punkt>
      <Rzedna>111.46</Rzedna>
    </Pikieta>
    <Pikieta rysuj="true" numer="208.04" kodTerenu="K01">
      <X>463</X>
      <Y>253</Y>
      <Punkt>
        <X>649764.438</X>
        <Y>581925.2</Y>
      </Punkt>
      <Rzedna>110.56</Rzedna>
    </Pikieta>
    <Pikieta rysuj="true" numer="208.05" kodTerenu="K01">
      <X>463</X>
      <Y>283</Y>
      <Punkt>
        <X>649765.5</X>
        <Y>581926.2</Y>
      </Punkt>
      <Rzedna>110.14</Rzedna>
    </Pikieta>
    <Pikieta rysuj="true" numer="208.06" kodTerenu="K01">
      <X>463</X>
      <Y>313</Y>
      <Punkt>
        <X>649766.9</X>
        <Y>581926.9</Y>
      </Punkt>
      <Rzedna>109.93</Rzedna>
    </Pikieta>
    <Pikieta rysuj="true" numer="208.07" kodTerenu="K01">
      <X>463</X>
      <Y>343</Y>
      <Punkt>
        <X>649767.75</X>
        <Y>581928.063</Y>
      </Punkt>
      <Rzedna>109.92</Rzedna>
    </Pikieta>
    <Pikieta rysuj="true" numer="208.08" kodTerenu="K01">
      <X>463</X>
      <Y>373</Y>
      <Punkt>
        <X>649768.7</X>
        <Y>581929.438</Y>
      </Punkt>
      <Rzedna>109.95</Rzedna>
    </Pikieta>
    <Pikieta rysuj="true" numer="208.09" kodTerenu="K01">
      <X>463</X>
      <Y>403</Y>
      <Punkt>
        <X>649769.9</X>
        <Y>581930.4</Y>
      </Punkt>
      <Rzedna>111.46</Rzedna>
    </Pikieta>
    <Pikieta rysuj="true" numer="208.10" kodTerenu="T01">
      <X>463</X>
      <Y>433</Y>
      <Punkt>
        <X>649772.063</X>
        <Y>581932.1</Y>
      </Punkt>
      <Rzedna>112.42</Rzedna>
    </Pikieta>
    <Pikieta rysuj="true" numer="208.11" kodTerenu="T01">
      <X>463</X>
      <Y>463</Y>
      <Punkt>
        <X>649778.5</X>
        <Y>581937.3</Y>
      </Punkt>
      <Rzedna>112.9</Rzedna>
    </Pikieta>
  </Pikiety>
  <Fotografie>
    <Fotografia rysuj="true" numer="208" rotacja="270">
      <X>482</X>
      <Y>102</Y>
    </Fotografia>
  </Fotografie>
  <Skarpy>
    <Skarpa rysuj="true" startPikieta="2" endPikieta="3" brzeg="true" />
    <Skarpa rysuj="true" startPikieta="9" endPikieta="10" brzeg="true" />
  </Skarpy>
  <Drogi />
  <Zabudowy />
  <Teksty />
</SzkicPrzekroju>