<?xml version="1.0" encoding="utf-8"?>
<SzkicPrzekroju xmlns:xsi="http://www.w3.org/2001/XMLSchema-instance" xmlns:xsd="http://www.w3.org/2001/XMLSchema" nazwaCieku="Pasłęka" numerObiektu="56" numerPrzekroju="209" dataPomiaru="22.02.2012" startProstej="-1" koniecProstej="-1">
  <_startProstej>-1</_startProstej>
  <_koniecProstej>-1</_koniecProstej>
  <Koryto rysuj="true" startPikieta="4" endPikieta="10" />
  <Pikiety>
    <Pikieta rysuj="true" numer="209.01" kodTerenu="">
      <X>463</X>
      <Y>163</Y>
      <Punkt>
        <X>649289.438</X>
        <Y>582155.75</Y>
      </Punkt>
      <Rzedna>112.22</Rzedna>
    </Pikieta>
    <Pikieta rysuj="true" numer="209.02" kodTerenu="T01">
      <X>463</X>
      <Y>190</Y>
      <Punkt>
        <X>649292.6</X>
        <Y>582159.063</Y>
      </Punkt>
      <Rzedna>112.05</Rzedna>
    </Pikieta>
    <Pikieta rysuj="true" numer="209.03" kodTerenu="T01">
      <X>463</X>
      <Y>217</Y>
      <Punkt>
        <X>649296.6</X>
        <Y>582163</Y>
      </Punkt>
      <Rzedna>111.77</Rzedna>
    </Pikieta>
    <Pikieta rysuj="true" numer="209.04" kodTerenu="T01">
      <X>463</X>
      <Y>244</Y>
      <Punkt>
        <X>649296.9</X>
        <Y>582163.3</Y>
      </Punkt>
      <Rzedna>111.49</Rzedna>
    </Pikieta>
    <Pikieta rysuj="true" numer="209.05" kodTerenu="K01">
      <X>463</X>
      <Y>271</Y>
      <Punkt>
        <X>649298.6</X>
        <Y>582164.438</Y>
      </Punkt>
      <Rzedna>110.08</Rzedna>
    </Pikieta>
    <Pikieta rysuj="true" numer="209.06" kodTerenu="K01">
      <X>463</X>
      <Y>298</Y>
      <Punkt>
        <X>649299.4</X>
        <Y>582165.563</Y>
      </Punkt>
      <Rzedna>109.92</Rzedna>
    </Pikieta>
    <Pikieta rysuj="true" numer="209.07" kodTerenu="K01">
      <X>463</X>
      <Y>325</Y>
      <Punkt>
        <X>649300.438</X>
        <Y>582166.5</Y>
      </Punkt>
      <Rzedna>109.88</Rzedna>
    </Pikieta>
    <Pikieta rysuj="true" numer="209.08" kodTerenu="K01">
      <X>463</X>
      <Y>352</Y>
      <Punkt>
        <X>649301.3</X>
        <Y>582168.1</Y>
      </Punkt>
      <Rzedna>109.88</Rzedna>
    </Pikieta>
    <Pikieta rysuj="true" numer="209.09" kodTerenu="K01">
      <X>463</X>
      <Y>379</Y>
      <Punkt>
        <X>649302.563</X>
        <Y>582169.8</Y>
      </Punkt>
      <Rzedna>110.06</Rzedna>
    </Pikieta>
    <Pikieta rysuj="true" numer="209.10" kodTerenu="K01">
      <X>463</X>
      <Y>406</Y>
      <Punkt>
        <X>649303.75</X>
        <Y>582170.438</Y>
      </Punkt>
      <Rzedna>111.49</Rzedna>
    </Pikieta>
    <Pikieta rysuj="true" numer="209.11" kodTerenu="T01">
      <X>463</X>
      <Y>433</Y>
      <Punkt>
        <X>649305.2</X>
        <Y>582171.5</Y>
      </Punkt>
      <Rzedna>111.83</Rzedna>
    </Pikieta>
    <Pikieta rysuj="true" numer="209.12" kodTerenu="T01">
      <X>463</X>
      <Y>460</Y>
      <Punkt>
        <X>649309.3</X>
        <Y>582175.25</Y>
      </Punkt>
      <Rzedna>111.8</Rzedna>
    </Pikieta>
  </Pikiety>
  <Fotografie>
    <Fotografia rysuj="true" numer="209" rotacja="270">
      <X>467</X>
      <Y>109</Y>
    </Fotografia>
  </Fotografie>
  <Skarpy>
    <Skarpa rysuj="true" startPikieta="3" endPikieta="4" brzeg="true" />
    <Skarpa rysuj="true" startPikieta="10" endPikieta="11" brzeg="true" />
  </Skarpy>
  <Drogi />
  <Zabudowy />
  <Teksty />
</SzkicPrzekroju>