<?xml version="1.0" encoding="utf-8"?>
<SzkicPrzekroju xmlns:xsi="http://www.w3.org/2001/XMLSchema-instance" xmlns:xsd="http://www.w3.org/2001/XMLSchema" nazwaCieku="Pasłęka" numerObiektu="210" numerPrzekroju="210" dataPomiaru="17.02.2012">
  <Koryto rysuj="true" startPikieta="3" endPikieta="9" />
  <Pikiety>
    <Pikieta rysuj="true" numer="210.01" kodTerenu="">
      <X>463</X>
      <Y>163</Y>
      <Punkt>
        <X>649127.51</X>
        <Y>582753.54</Y>
      </Punkt>
      <Rzedna>112.8</Rzedna>
    </Pikieta>
    <Pikieta rysuj="true" numer="210.02" kodTerenu="T01">
      <X>463</X>
      <Y>193</Y>
      <Punkt>
        <X>649129.2</X>
        <Y>582754.98</Y>
      </Punkt>
      <Rzedna>112.55</Rzedna>
    </Pikieta>
    <Pikieta rysuj="true" numer="210.03" kodTerenu="T01">
      <X>463</X>
      <Y>223</Y>
      <Punkt>
        <X>649130.64</X>
        <Y>582755.94</Y>
      </Punkt>
      <Rzedna>111.7</Rzedna>
    </Pikieta>
    <Pikieta rysuj="true" numer="210.04" kodTerenu="K01">
      <X>463</X>
      <Y>253</Y>
      <Punkt>
        <X>649131.52</X>
        <Y>582755.77</Y>
      </Punkt>
      <Rzedna>110.87</Rzedna>
    </Pikieta>
    <Pikieta rysuj="true" numer="210.05" kodTerenu="K01">
      <X>463</X>
      <Y>283</Y>
      <Punkt>
        <X>649132.99</X>
        <Y>582756.41</Y>
      </Punkt>
      <Rzedna>111.19</Rzedna>
    </Pikieta>
    <Pikieta rysuj="true" numer="210.06" kodTerenu="K02">
      <X>463</X>
      <Y>313</Y>
      <Punkt>
        <X>649133.95</X>
        <Y>582756.71</Y>
      </Punkt>
      <Rzedna>111.21</Rzedna>
    </Pikieta>
    <Pikieta rysuj="true" numer="210.07" kodTerenu="K02">
      <X>463</X>
      <Y>343</Y>
      <Punkt>
        <X>649135.34</X>
        <Y>582757.19</Y>
      </Punkt>
      <Rzedna>111.21</Rzedna>
    </Pikieta>
    <Pikieta rysuj="true" numer="210.08" kodTerenu="K02">
      <X>463</X>
      <Y>373</Y>
      <Punkt>
        <X>649136.64</X>
        <Y>582757.75</Y>
      </Punkt>
      <Rzedna>111.16</Rzedna>
    </Pikieta>
    <Pikieta rysuj="true" numer="210.09" kodTerenu="K01">
      <X>463</X>
      <Y>403</Y>
      <Punkt>
        <X>649137.81</X>
        <Y>582758.24</Y>
      </Punkt>
      <Rzedna>111.71</Rzedna>
    </Pikieta>
    <Pikieta rysuj="true" numer="210.10" kodTerenu="T02">
      <X>463</X>
      <Y>433</Y>
      <Punkt>
        <X>649140.12</X>
        <Y>582759.67</Y>
      </Punkt>
      <Rzedna>112.73</Rzedna>
    </Pikieta>
    <Pikieta rysuj="true" numer="210.11" kodTerenu="T02">
      <X>463</X>
      <Y>463</Y>
      <Punkt>
        <X>649145.12</X>
        <Y>582761.72</Y>
      </Punkt>
      <Rzedna>112.86</Rzedna>
    </Pikieta>
  </Pikiety>
  <Fotografie>
    <Fotografia rysuj="true" numer="210" rotacja="70">
      <X>430</X>
      <Y>501</Y>
    </Fotografia>
  </Fotografie>
  <Skarpy>
    <Skarpa rysuj="true" startPikieta="2" endPikieta="3" brzeg="true" />
    <Skarpa rysuj="true" startPikieta="9" endPikieta="10" brzeg="true" />
  </Skarpy>
  <Drogi />
  <Zabudowy />
  <Teksty />
</SzkicPrzekroju>