<?xml version="1.0" encoding="utf-8"?>
<SzkicPrzekroju xmlns:xsi="http://www.w3.org/2001/XMLSchema-instance" xmlns:xsd="http://www.w3.org/2001/XMLSchema" nazwaCieku="Pasłęka" numerObiektu="56" numerPrzekroju="211" dataPomiaru="22.02.2012" startProstej="-1" koniecProstej="-1">
  <_startProstej>-1</_startProstej>
  <_koniecProstej>-1</_koniecProstej>
  <Koryto rysuj="true" startPikieta="5" endPikieta="11" />
  <Pikiety>
    <Pikieta rysuj="true" numer="211.01" kodTerenu="">
      <X>463</X>
      <Y>163</Y>
      <Punkt>
        <X>648971.6</X>
        <Y>582911.063</Y>
      </Punkt>
      <Rzedna>118.08</Rzedna>
    </Pikieta>
    <Pikieta rysuj="true" numer="211.02" kodTerenu="T04">
      <X>463</X>
      <Y>184</Y>
      <Punkt>
        <X>648974.75</X>
        <Y>582915.7</Y>
      </Punkt>
      <Rzedna>114.87</Rzedna>
    </Pikieta>
    <Pikieta rysuj="true" numer="211.03" kodTerenu="T04">
      <X>463</X>
      <Y>205</Y>
      <Punkt>
        <X>648976.9</X>
        <Y>582919.25</Y>
      </Punkt>
      <Rzedna>112.94</Rzedna>
    </Pikieta>
    <Pikieta rysuj="true" numer="211.04" kodTerenu="T04">
      <X>463</X>
      <Y>226</Y>
      <Punkt>
        <X>648977.938</X>
        <Y>582920.7</Y>
      </Punkt>
      <Rzedna>112.6</Rzedna>
    </Pikieta>
    <Pikieta rysuj="true" numer="211.05" kodTerenu="T01">
      <X>463</X>
      <Y>247</Y>
      <Punkt>
        <X>648978.25</X>
        <Y>582921.6</Y>
      </Punkt>
      <Rzedna>111.88</Rzedna>
    </Pikieta>
    <Pikieta rysuj="true" numer="211.06" kodTerenu="K02">
      <X>463</X>
      <Y>268</Y>
      <Punkt>
        <X>648978.7</X>
        <Y>582922.563</Y>
      </Punkt>
      <Rzedna>111.38</Rzedna>
    </Pikieta>
    <Pikieta rysuj="true" numer="211.07" kodTerenu="K02">
      <X>463</X>
      <Y>289</Y>
      <Punkt>
        <X>648979.438</X>
        <Y>582924.25</Y>
      </Punkt>
      <Rzedna>111.38</Rzedna>
    </Pikieta>
    <Pikieta rysuj="true" numer="211.08" kodTerenu="K02">
      <X>463</X>
      <Y>310</Y>
      <Punkt>
        <X>648980.25</X>
        <Y>582924.938</Y>
      </Punkt>
      <Rzedna>111.33</Rzedna>
    </Pikieta>
    <Pikieta rysuj="true" numer="211.09" kodTerenu="K02">
      <X>463</X>
      <Y>331</Y>
      <Punkt>
        <X>648981.1</X>
        <Y>582926</Y>
      </Punkt>
      <Rzedna>111.39</Rzedna>
    </Pikieta>
    <Pikieta rysuj="true" numer="211.10" kodTerenu="K02">
      <X>463</X>
      <Y>352</Y>
      <Punkt>
        <X>648981.938</X>
        <Y>582927.438</Y>
      </Punkt>
      <Rzedna>111.43</Rzedna>
    </Pikieta>
    <Pikieta rysuj="true" numer="211.11" kodTerenu="K02">
      <X>463</X>
      <Y>373</Y>
      <Punkt>
        <X>648982.4</X>
        <Y>582928.6</Y>
      </Punkt>
      <Rzedna>111.88</Rzedna>
    </Pikieta>
    <Pikieta rysuj="true" numer="211.12" kodTerenu="T01">
      <X>463</X>
      <Y>394</Y>
      <Punkt>
        <X>648983.6</X>
        <Y>582930.4</Y>
      </Punkt>
      <Rzedna>113.43</Rzedna>
    </Pikieta>
    <Pikieta rysuj="true" numer="211.13" kodTerenu="T04">
      <X>463</X>
      <Y>415</Y>
      <Punkt>
        <X>648988.25</X>
        <Y>582934.563</Y>
      </Punkt>
      <Rzedna>113.33</Rzedna>
    </Pikieta>
    <Pikieta rysuj="true" numer="211.14" kodTerenu="T04">
      <X>463</X>
      <Y>436</Y>
      <Punkt>
        <X>648995.5</X>
        <Y>582943.6</Y>
      </Punkt>
      <Rzedna>115.74</Rzedna>
    </Pikieta>
    <Pikieta rysuj="true" numer="211.15" kodTerenu="T04">
      <X>463</X>
      <Y>457</Y>
      <Punkt>
        <X>649001.5</X>
        <Y>582957.1</Y>
      </Punkt>
      <Rzedna>119.86</Rzedna>
    </Pikieta>
  </Pikiety>
  <Fotografie>
    <Fotografia rysuj="true" numer="211" rotacja="270">
      <X>474</X>
      <Y>100</Y>
    </Fotografia>
  </Fotografie>
  <Skarpy>
    <Skarpa rysuj="true" startPikieta="4" endPikieta="5" brzeg="true" />
    <Skarpa rysuj="true" startPikieta="11" endPikieta="12" brzeg="true" />
    <Skarpa rysuj="true" startPikieta="13" endPikieta="15" brzeg="false" />
    <Skarpa rysuj="true" startPikieta="1" endPikieta="3" brzeg="false" />
  </Skarpy>
  <Drogi />
  <Zabudowy />
  <Teksty />
</SzkicPrzekroju>