<?xml version="1.0" encoding="utf-8"?>
<SzkicPrzekroju xmlns:xsi="http://www.w3.org/2001/XMLSchema-instance" xmlns:xsd="http://www.w3.org/2001/XMLSchema" nazwaCieku="Pasłęka" numerObiektu="56" numerPrzekroju="212" dataPomiaru="22.02.2012" startProstej="-1" koniecProstej="-1">
  <_startProstej>-1</_startProstej>
  <_koniecProstej>-1</_koniecProstej>
  <Koryto rysuj="true" startPikieta="3" endPikieta="9" />
  <Pikiety>
    <Pikieta rysuj="true" numer="212.01" kodTerenu="">
      <X>463</X>
      <Y>163</Y>
      <Punkt>
        <X>648795.8</X>
        <Y>582848.5</Y>
      </Punkt>
      <Rzedna>112.46</Rzedna>
    </Pikieta>
    <Pikieta rysuj="true" numer="212.02" kodTerenu="T01">
      <X>463</X>
      <Y>193</Y>
      <Punkt>
        <X>648795.5</X>
        <Y>582854.7</Y>
      </Punkt>
      <Rzedna>112.08</Rzedna>
    </Pikieta>
    <Pikieta rysuj="true" numer="212.03" kodTerenu="T01">
      <X>463</X>
      <Y>223</Y>
      <Punkt>
        <X>648795.5</X>
        <Y>582855</Y>
      </Punkt>
      <Rzedna>111.87</Rzedna>
    </Pikieta>
    <Pikieta rysuj="true" numer="212.04" kodTerenu="K01">
      <X>463</X>
      <Y>253</Y>
      <Punkt>
        <X>648795.4</X>
        <Y>582856.2</Y>
      </Punkt>
      <Rzedna>110.74</Rzedna>
    </Pikieta>
    <Pikieta rysuj="true" numer="212.05" kodTerenu="K02">
      <X>463</X>
      <Y>283</Y>
      <Punkt>
        <X>648795</X>
        <Y>582858.438</Y>
      </Punkt>
      <Rzedna>111.27</Rzedna>
    </Pikieta>
    <Pikieta rysuj="true" numer="212.06" kodTerenu="K02">
      <X>463</X>
      <Y>313</Y>
      <Punkt>
        <X>648794.5</X>
        <Y>582861</Y>
      </Punkt>
      <Rzedna>111.19</Rzedna>
    </Pikieta>
    <Pikieta rysuj="true" numer="212.07" kodTerenu="K02">
      <X>463</X>
      <Y>343</Y>
      <Punkt>
        <X>648793.8</X>
        <Y>582863.3</Y>
      </Punkt>
      <Rzedna>111.16</Rzedna>
    </Pikieta>
    <Pikieta rysuj="true" numer="212.08" kodTerenu="K02">
      <X>463</X>
      <Y>373</Y>
      <Punkt>
        <X>648793.438</X>
        <Y>582865.75</Y>
      </Punkt>
      <Rzedna>111.36</Rzedna>
    </Pikieta>
    <Pikieta rysuj="true" numer="212.09" kodTerenu="K02">
      <X>463</X>
      <Y>403</Y>
      <Punkt>
        <X>648792.938</X>
        <Y>582867.938</Y>
      </Punkt>
      <Rzedna>111.87</Rzedna>
    </Pikieta>
    <Pikieta rysuj="true" numer="212.10" kodTerenu="T01">
      <X>463</X>
      <Y>433</Y>
      <Punkt>
        <X>648792.5</X>
        <Y>582869.25</Y>
      </Punkt>
      <Rzedna>112.67</Rzedna>
    </Pikieta>
    <Pikieta rysuj="true" numer="212.11" kodTerenu="T01">
      <X>463</X>
      <Y>463</Y>
      <Punkt>
        <X>648791.2</X>
        <Y>582877.7</Y>
      </Punkt>
      <Rzedna>112.94</Rzedna>
    </Pikieta>
  </Pikiety>
  <Fotografie>
    <Fotografia rysuj="true" numer="212" rotacja="270">
      <X>489</X>
      <Y>108</Y>
    </Fotografia>
  </Fotografie>
  <Skarpy>
    <Skarpa rysuj="true" startPikieta="2" endPikieta="3" brzeg="true" />
    <Skarpa rysuj="true" startPikieta="9" endPikieta="10" brzeg="true" />
  </Skarpy>
  <Drogi />
  <Zabudowy />
  <Teksty />
</SzkicPrzekroju>