<?xml version="1.0" encoding="utf-8"?>
<SzkicPrzekroju xmlns:xsi="http://www.w3.org/2001/XMLSchema-instance" xmlns:xsd="http://www.w3.org/2001/XMLSchema" nazwaCieku="Pasłęka" numerObiektu="56" numerPrzekroju="213" dataPomiaru="22.02.2012" startProstej="-1" koniecProstej="-1">
  <_startProstej>-1</_startProstej>
  <_koniecProstej>-1</_koniecProstej>
  <Koryto rysuj="true" startPikieta="4" endPikieta="10" />
  <Pikiety>
    <Pikieta rysuj="true" numer="213.01" kodTerenu="">
      <X>463</X>
      <Y>163</Y>
      <Punkt>
        <X>648030.25</X>
        <Y>585647.438</Y>
      </Punkt>
      <Rzedna>112.75</Rzedna>
    </Pikieta>
    <Pikieta rysuj="true" numer="213.02" kodTerenu="T04">
      <X>463</X>
      <Y>190</Y>
      <Punkt>
        <X>648033.75</X>
        <Y>585647.438</Y>
      </Punkt>
      <Rzedna>112.82</Rzedna>
    </Pikieta>
    <Pikieta rysuj="true" numer="213.03" kodTerenu="T04">
      <X>463</X>
      <Y>217</Y>
      <Punkt>
        <X>648038.438</X>
        <Y>585648.563</Y>
      </Punkt>
      <Rzedna>112.81</Rzedna>
    </Pikieta>
    <Pikieta rysuj="true" numer="213.04" kodTerenu="T01">
      <X>463</X>
      <Y>244</Y>
      <Punkt>
        <X>648038.9</X>
        <Y>585648.5</Y>
      </Punkt>
      <Rzedna>111.97</Rzedna>
    </Pikieta>
    <Pikieta rysuj="true" numer="213.05" kodTerenu="K01">
      <X>463</X>
      <Y>271</Y>
      <Punkt>
        <X>648039.563</X>
        <Y>585648.5</Y>
      </Punkt>
      <Rzedna>111.64</Rzedna>
    </Pikieta>
    <Pikieta rysuj="true" numer="213.06" kodTerenu="K01">
      <X>463</X>
      <Y>298</Y>
      <Punkt>
        <X>648040.563</X>
        <Y>585648.5</Y>
      </Punkt>
      <Rzedna>111.64</Rzedna>
    </Pikieta>
    <Pikieta rysuj="true" numer="213.07" kodTerenu="K02">
      <X>463</X>
      <Y>325</Y>
      <Punkt>
        <X>648043.063</X>
        <Y>585648.7</Y>
      </Punkt>
      <Rzedna>111.52</Rzedna>
    </Pikieta>
    <Pikieta rysuj="true" numer="213.08" kodTerenu="K01">
      <X>463</X>
      <Y>352</Y>
      <Punkt>
        <X>648045.5</X>
        <Y>585648.7</Y>
      </Punkt>
      <Rzedna>111.6</Rzedna>
    </Pikieta>
    <Pikieta rysuj="true" numer="213.09" kodTerenu="K01">
      <X>463</X>
      <Y>379</Y>
      <Punkt>
        <X>648046.5</X>
        <Y>585648.75</Y>
      </Punkt>
      <Rzedna>111.87</Rzedna>
    </Pikieta>
    <Pikieta rysuj="true" numer="213.10" kodTerenu="K01">
      <X>463</X>
      <Y>406</Y>
      <Punkt>
        <X>648049.5</X>
        <Y>585649.3</Y>
      </Punkt>
      <Rzedna>111.97</Rzedna>
    </Pikieta>
    <Pikieta rysuj="true" numer="213.11" kodTerenu="T01">
      <X>463</X>
      <Y>433</Y>
      <Punkt>
        <X>648051.063</X>
        <Y>585649.3</Y>
      </Punkt>
      <Rzedna>112.6</Rzedna>
    </Pikieta>
    <Pikieta rysuj="true" numer="213.12" kodTerenu="T06">
      <X>463</X>
      <Y>460</Y>
      <Punkt>
        <X>648057.2</X>
        <Y>585649.438</Y>
      </Punkt>
      <Rzedna>112.36</Rzedna>
    </Pikieta>
  </Pikiety>
  <Fotografie>
    <Fotografia rysuj="true" numer="213" rotacja="270">
      <X>496</X>
      <Y>103</Y>
    </Fotografia>
  </Fotografie>
  <Skarpy>
    <Skarpa rysuj="true" startPikieta="3" endPikieta="4" brzeg="true" />
    <Skarpa rysuj="true" startPikieta="10" endPikieta="11" brzeg="true" />
  </Skarpy>
  <Drogi />
  <Zabudowy />
  <Teksty />
</SzkicPrzekroju>