<?xml version="1.0" encoding="utf-8"?>
<SzkicPrzekroju xmlns:xsi="http://www.w3.org/2001/XMLSchema-instance" xmlns:xsd="http://www.w3.org/2001/XMLSchema" nazwaCieku="Pasłęka" numerObiektu="214" numerPrzekroju="214" dataPomiaru="20.02.2012">
  <Koryto rysuj="true" startPikieta="3" endPikieta="9" />
  <Pikiety>
    <Pikieta rysuj="true" numer="214.01" kodTerenu="">
      <X>463</X>
      <Y>163</Y>
      <Punkt>
        <X>648149.23</X>
        <Y>585994.48</Y>
      </Punkt>
      <Rzedna>113.1</Rzedna>
    </Pikieta>
    <Pikieta rysuj="true" numer="214.02" kodTerenu="T05">
      <X>463</X>
      <Y>193</Y>
      <Punkt>
        <X>648155.75</X>
        <Y>585994.02</Y>
      </Punkt>
      <Rzedna>113.03</Rzedna>
    </Pikieta>
    <Pikieta rysuj="true" numer="214.03" kodTerenu="T05">
      <X>463</X>
      <Y>223</Y>
      <Punkt>
        <X>648157.64</X>
        <Y>585993.63</Y>
      </Punkt>
      <Rzedna>112.57</Rzedna>
    </Pikieta>
    <Pikieta rysuj="true" numer="214.04" kodTerenu="K01">
      <X>463</X>
      <Y>253</Y>
      <Punkt>
        <X>648159.07</X>
        <Y>585993.32</Y>
      </Punkt>
      <Rzedna>111.71</Rzedna>
    </Pikieta>
    <Pikieta rysuj="true" numer="214.05" kodTerenu="K01">
      <X>463</X>
      <Y>283</Y>
      <Punkt>
        <X>648159.97</X>
        <Y>585993.21</Y>
      </Punkt>
      <Rzedna>111.36</Rzedna>
    </Pikieta>
    <Pikieta rysuj="true" numer="214.06" kodTerenu="K01">
      <X>463</X>
      <Y>313</Y>
      <Punkt>
        <X>648160.96</X>
        <Y>585993.06</Y>
      </Punkt>
      <Rzedna>111.62</Rzedna>
    </Pikieta>
    <Pikieta rysuj="true" numer="214.07" kodTerenu="K01">
      <X>463</X>
      <Y>343</Y>
      <Punkt>
        <X>648162.03</X>
        <Y>585992.86</Y>
      </Punkt>
      <Rzedna>111.38</Rzedna>
    </Pikieta>
    <Pikieta rysuj="true" numer="214.08" kodTerenu="K01">
      <X>463</X>
      <Y>373</Y>
      <Punkt>
        <X>648163.47</X>
        <Y>585992.59</Y>
      </Punkt>
      <Rzedna>111.58</Rzedna>
    </Pikieta>
    <Pikieta rysuj="true" numer="214.09" kodTerenu="K01">
      <X>463</X>
      <Y>403</Y>
      <Punkt>
        <X>648164.75</X>
        <Y>585992.04</Y>
      </Punkt>
      <Rzedna>112.57</Rzedna>
    </Pikieta>
    <Pikieta rysuj="true" numer="214.01" kodTerenu="T05">
      <X>463</X>
      <Y>433</Y>
      <Punkt>
        <X>648166.47</X>
        <Y>585991.42</Y>
      </Punkt>
      <Rzedna>112.78</Rzedna>
    </Pikieta>
    <Pikieta rysuj="true" numer="214.11" kodTerenu="T05">
      <X>463</X>
      <Y>463</Y>
      <Punkt>
        <X>648171.18</X>
        <Y>585990.2</Y>
      </Punkt>
      <Rzedna>112.78</Rzedna>
    </Pikieta>
  </Pikiety>
  <Fotografie>
    <Fotografia rysuj="true" numer="214" rotacja="50">
      <X>294</X>
      <Y>504</Y>
    </Fotografia>
  </Fotografie>
  <Skarpy>
    <Skarpa rysuj="true" startPikieta="2" endPikieta="3" brzeg="true" />
    <Skarpa rysuj="true" startPikieta="9" endPikieta="10" brzeg="true" />
  </Skarpy>
  <Drogi />
  <Zabudowy />
  <Teksty />
</SzkicPrzekroju>