<?xml version="1.0" encoding="utf-8"?>
<SzkicPrzekroju xmlns:xsi="http://www.w3.org/2001/XMLSchema-instance" xmlns:xsd="http://www.w3.org/2001/XMLSchema" nazwaCieku="Pasłęka" numerObiektu="56" numerPrzekroju="215" dataPomiaru="21.02.2012" startProstej="-1" koniecProstej="-1">
  <_startProstej>-1</_startProstej>
  <_koniecProstej>-1</_koniecProstej>
  <Koryto rysuj="true" startPikieta="4" endPikieta="10" />
  <Pikiety>
    <Pikieta rysuj="true" numer="215.01" kodTerenu="">
      <X>463</X>
      <Y>163</Y>
      <Punkt>
        <X>647874.25</X>
        <Y>586697.4</Y>
      </Punkt>
      <Rzedna>113.46</Rzedna>
    </Pikieta>
    <Pikieta rysuj="true" numer="215.02" kodTerenu="T01">
      <X>463</X>
      <Y>190</Y>
      <Punkt>
        <X>647876.3</X>
        <Y>586699.7</Y>
      </Punkt>
      <Rzedna>113.51</Rzedna>
    </Pikieta>
    <Pikieta rysuj="true" numer="215.03" kodTerenu="T01">
      <X>463</X>
      <Y>217</Y>
      <Punkt>
        <X>647878.063</X>
        <Y>586701.3</Y>
      </Punkt>
      <Rzedna>113.48</Rzedna>
    </Pikieta>
    <Pikieta rysuj="true" numer="215.04" kodTerenu="T01">
      <X>463</X>
      <Y>244</Y>
      <Punkt>
        <X>647878.75</X>
        <Y>586701.938</Y>
      </Punkt>
      <Rzedna>113.13</Rzedna>
    </Pikieta>
    <Pikieta rysuj="true" numer="215.05" kodTerenu="K01">
      <X>463</X>
      <Y>271</Y>
      <Punkt>
        <X>647879</X>
        <Y>586702.25</Y>
      </Punkt>
      <Rzedna>112.36</Rzedna>
    </Pikieta>
    <Pikieta rysuj="true" numer="215.06" kodTerenu="K01">
      <X>463</X>
      <Y>298</Y>
      <Punkt>
        <X>647879.5</X>
        <Y>586702.9</Y>
      </Punkt>
      <Rzedna>112.52</Rzedna>
    </Pikieta>
    <Pikieta rysuj="true" numer="215.07" kodTerenu="K01">
      <X>463</X>
      <Y>325</Y>
      <Punkt>
        <X>647880</X>
        <Y>586703.25</Y>
      </Punkt>
      <Rzedna>112.5</Rzedna>
    </Pikieta>
    <Pikieta rysuj="true" numer="215.08" kodTerenu="K01">
      <X>463</X>
      <Y>352</Y>
      <Punkt>
        <X>647880.75</X>
        <Y>586703.9</Y>
      </Punkt>
      <Rzedna>112.4</Rzedna>
    </Pikieta>
    <Pikieta rysuj="true" numer="215.09" kodTerenu="K01">
      <X>463</X>
      <Y>379</Y>
      <Punkt>
        <X>647881.6</X>
        <Y>586705.063</Y>
      </Punkt>
      <Rzedna>112.39</Rzedna>
    </Pikieta>
    <Pikieta rysuj="true" numer="215.10" kodTerenu="K01">
      <X>463</X>
      <Y>406</Y>
      <Punkt>
        <X>647884.3</X>
        <Y>586706.7</Y>
      </Punkt>
      <Rzedna>113.13</Rzedna>
    </Pikieta>
    <Pikieta rysuj="true" numer="215.11" kodTerenu="T01">
      <X>463</X>
      <Y>433</Y>
      <Punkt>
        <X>647885.75</X>
        <Y>586708.063</Y>
      </Punkt>
      <Rzedna>113.46</Rzedna>
    </Pikieta>
    <Pikieta rysuj="true" numer="215.12" kodTerenu="T01">
      <X>463</X>
      <Y>460</Y>
      <Punkt>
        <X>647889.5</X>
        <Y>586711.5</Y>
      </Punkt>
      <Rzedna>113.37</Rzedna>
    </Pikieta>
  </Pikiety>
  <Fotografie>
    <Fotografia rysuj="true" numer="215" rotacja="270">
      <X>468</X>
      <Y>105</Y>
    </Fotografia>
  </Fotografie>
  <Skarpy>
    <Skarpa rysuj="true" startPikieta="3" endPikieta="4" brzeg="true" />
    <Skarpa rysuj="true" startPikieta="10" endPikieta="11" brzeg="true" />
  </Skarpy>
  <Drogi />
  <Zabudowy />
  <Teksty />
</SzkicPrzekroju>