<?xml version="1.0" encoding="utf-8"?>
<SzkicPrzekroju xmlns:xsi="http://www.w3.org/2001/XMLSchema-instance" xmlns:xsd="http://www.w3.org/2001/XMLSchema" nazwaCieku="Pasłęka" numerObiektu="56" numerPrzekroju="216" dataPomiaru="21.02.2012" startProstej="-1" koniecProstej="-1">
  <_startProstej>-1</_startProstej>
  <_koniecProstej>-1</_koniecProstej>
  <Koryto rysuj="true" startPikieta="4" endPikieta="10" />
  <Pikiety>
    <Pikieta rysuj="true" numer="216.01" kodTerenu="">
      <X>463</X>
      <Y>163</Y>
      <Punkt>
        <X>647610.563</X>
        <Y>586904.3</Y>
      </Punkt>
      <Rzedna>114.17</Rzedna>
    </Pikieta>
    <Pikieta rysuj="true" numer="216.02" kodTerenu="T04">
      <X>463</X>
      <Y>190</Y>
      <Punkt>
        <X>647611.25</X>
        <Y>586908.25</Y>
      </Punkt>
      <Rzedna>114.21</Rzedna>
    </Pikieta>
    <Pikieta rysuj="true" numer="216.03" kodTerenu="T04">
      <X>463</X>
      <Y>217</Y>
      <Punkt>
        <X>647611</X>
        <Y>586910.9</Y>
      </Punkt>
      <Rzedna>113.92</Rzedna>
    </Pikieta>
    <Pikieta rysuj="true" numer="216.04" kodTerenu="T01">
      <X>463</X>
      <Y>244</Y>
      <Punkt>
        <X>647610.8</X>
        <Y>586911.938</Y>
      </Punkt>
      <Rzedna>113.16</Rzedna>
    </Pikieta>
    <Pikieta rysuj="true" numer="216.05" kodTerenu="K02">
      <X>463</X>
      <Y>271</Y>
      <Punkt>
        <X>647610.9</X>
        <Y>586912.563</Y>
      </Punkt>
      <Rzedna>113.14</Rzedna>
    </Pikieta>
    <Pikieta rysuj="true" numer="216.06" kodTerenu="K02">
      <X>463</X>
      <Y>298</Y>
      <Punkt>
        <X>647610.938</X>
        <Y>586913.25</Y>
      </Punkt>
      <Rzedna>112.99</Rzedna>
    </Pikieta>
    <Pikieta rysuj="true" numer="216.07" kodTerenu="K02">
      <X>463</X>
      <Y>325</Y>
      <Punkt>
        <X>647611.063</X>
        <Y>586914.6</Y>
      </Punkt>
      <Rzedna>112.86</Rzedna>
    </Pikieta>
    <Pikieta rysuj="true" numer="216.08" kodTerenu="K02">
      <X>463</X>
      <Y>352</Y>
      <Punkt>
        <X>647610.938</X>
        <Y>586915.938</Y>
      </Punkt>
      <Rzedna>112.88</Rzedna>
    </Pikieta>
    <Pikieta rysuj="true" numer="216.09" kodTerenu="K02">
      <X>463</X>
      <Y>379</Y>
      <Punkt>
        <X>647610.8</X>
        <Y>586917.1</Y>
      </Punkt>
      <Rzedna>112.85</Rzedna>
    </Pikieta>
    <Pikieta rysuj="true" numer="216.10" kodTerenu="K02">
      <X>463</X>
      <Y>406</Y>
      <Punkt>
        <X>647610.6</X>
        <Y>586918.75</Y>
      </Punkt>
      <Rzedna>113.16</Rzedna>
    </Pikieta>
    <Pikieta rysuj="true" numer="216.11" kodTerenu="T02">
      <X>463</X>
      <Y>433</Y>
      <Punkt>
        <X>647610.75</X>
        <Y>586919.9</Y>
      </Punkt>
      <Rzedna>113.82</Rzedna>
    </Pikieta>
    <Pikieta rysuj="true" numer="216.12" kodTerenu="T02">
      <X>463</X>
      <Y>460</Y>
      <Punkt>
        <X>647610.563</X>
        <Y>586925.25</Y>
      </Punkt>
      <Rzedna>113.66</Rzedna>
    </Pikieta>
  </Pikiety>
  <Fotografie>
    <Fotografia rysuj="true" numer="216" rotacja="270">
      <X>492</X>
      <Y>92</Y>
    </Fotografia>
  </Fotografie>
  <Skarpy>
    <Skarpa rysuj="true" startPikieta="3" endPikieta="4" brzeg="true" />
    <Skarpa rysuj="true" startPikieta="10" endPikieta="11" brzeg="true" />
  </Skarpy>
  <Drogi />
  <Zabudowy />
  <Teksty />
</SzkicPrzekroju>