<?xml version="1.0" encoding="utf-8"?>
<SzkicPrzekroju xmlns:xsi="http://www.w3.org/2001/XMLSchema-instance" xmlns:xsd="http://www.w3.org/2001/XMLSchema" nazwaCieku="Pasłęka" numerObiektu="56" numerPrzekroju="217" dataPomiaru="21.02.2012" startProstej="-1" koniecProstej="-1">
  <_startProstej>-1</_startProstej>
  <_koniecProstej>-1</_koniecProstej>
  <Koryto rysuj="true" startPikieta="3" endPikieta="9" />
  <Pikiety>
    <Pikieta rysuj="true" numer="217.01" kodTerenu="">
      <X>463</X>
      <Y>163</Y>
      <Punkt>
        <X>646986.6</X>
        <Y>586964.5</Y>
      </Punkt>
      <Rzedna>115.15</Rzedna>
    </Pikieta>
    <Pikieta rysuj="true" numer="217.02" kodTerenu="T04">
      <X>463</X>
      <Y>193</Y>
      <Punkt>
        <X>646985.75</X>
        <Y>586969.9</Y>
      </Punkt>
      <Rzedna>114.89</Rzedna>
    </Pikieta>
    <Pikieta rysuj="true" numer="217.03" kodTerenu="T01">
      <X>463</X>
      <Y>223</Y>
      <Punkt>
        <X>646985.5</X>
        <Y>586970.5</Y>
      </Punkt>
      <Rzedna>114.51</Rzedna>
    </Pikieta>
    <Pikieta rysuj="true" numer="217.04" kodTerenu="K01">
      <X>463</X>
      <Y>253</Y>
      <Punkt>
        <X>646985.4</X>
        <Y>586971.6</Y>
      </Punkt>
      <Rzedna>114.15</Rzedna>
    </Pikieta>
    <Pikieta rysuj="true" numer="217.05" kodTerenu="K02">
      <X>463</X>
      <Y>283</Y>
      <Punkt>
        <X>646985.2</X>
        <Y>586972.9</Y>
      </Punkt>
      <Rzedna>114.2</Rzedna>
    </Pikieta>
    <Pikieta rysuj="true" numer="217.06" kodTerenu="K02">
      <X>463</X>
      <Y>313</Y>
      <Punkt>
        <X>646984.8</X>
        <Y>586974.438</Y>
      </Punkt>
      <Rzedna>114.25</Rzedna>
    </Pikieta>
    <Pikieta rysuj="true" numer="217.07" kodTerenu="K02">
      <X>463</X>
      <Y>343</Y>
      <Punkt>
        <X>646984.7</X>
        <Y>586976.9</Y>
      </Punkt>
      <Rzedna>114.14</Rzedna>
    </Pikieta>
    <Pikieta rysuj="true" numer="217.08" kodTerenu="K01">
      <X>463</X>
      <Y>373</Y>
      <Punkt>
        <X>646984.438</X>
        <Y>586979</Y>
      </Punkt>
      <Rzedna>114.27</Rzedna>
    </Pikieta>
    <Pikieta rysuj="true" numer="217.09" kodTerenu="K01">
      <X>463</X>
      <Y>403</Y>
      <Punkt>
        <X>646984.25</X>
        <Y>586980</Y>
      </Punkt>
      <Rzedna>114.51</Rzedna>
    </Pikieta>
    <Pikieta rysuj="true" numer="217.10" kodTerenu="T01">
      <X>463</X>
      <Y>433</Y>
      <Punkt>
        <X>646984.1</X>
        <Y>586980.75</Y>
      </Punkt>
      <Rzedna>114.95</Rzedna>
    </Pikieta>
    <Pikieta rysuj="true" numer="217.11" kodTerenu="T04">
      <X>463</X>
      <Y>463</Y>
      <Punkt>
        <X>646983.438</X>
        <Y>586985.938</Y>
      </Punkt>
      <Rzedna>115.98</Rzedna>
    </Pikieta>
  </Pikiety>
  <Fotografie>
    <Fotografia rysuj="true" numer="217" rotacja="90">
      <X>489</X>
      <Y>493</Y>
    </Fotografia>
  </Fotografie>
  <Skarpy>
    <Skarpa rysuj="true" startPikieta="2" endPikieta="3" brzeg="true" />
    <Skarpa rysuj="true" startPikieta="9" endPikieta="10" brzeg="true" />
  </Skarpy>
  <Drogi />
  <Zabudowy />
  <Teksty />
</SzkicPrzekroju>