<?xml version="1.0" encoding="utf-8"?>
<SzkicPrzekroju xmlns:xsi="http://www.w3.org/2001/XMLSchema-instance" xmlns:xsd="http://www.w3.org/2001/XMLSchema" nazwaCieku="Pasłęka" numerObiektu="56" numerPrzekroju="218" dataPomiaru="15.02.2012" startProstej="-1" koniecProstej="-1">
  <_startProstej>-1</_startProstej>
  <_koniecProstej>-1</_koniecProstej>
  <Koryto rysuj="true" startPikieta="3" endPikieta="12" />
  <Pikiety>
    <Pikieta rysuj="true" numer="218.01" kodTerenu="">
      <X>463</X>
      <Y>163</Y>
      <Punkt>
        <X>646470.6</X>
        <Y>587047.1</Y>
      </Punkt>
      <Rzedna>116.34</Rzedna>
    </Pikieta>
    <Pikieta rysuj="true" numer="218.02" kodTerenu="T04">
      <X>463</X>
      <Y>186</Y>
      <Punkt>
        <X>646474.4</X>
        <Y>587050.3</Y>
      </Punkt>
      <Rzedna>116.1</Rzedna>
    </Pikieta>
    <Pikieta rysuj="true" numer="218.03" kodTerenu="T04">
      <X>463</X>
      <Y>209</Y>
      <Punkt>
        <X>646475.2</X>
        <Y>587050.938</Y>
      </Punkt>
      <Rzedna>115.63</Rzedna>
    </Pikieta>
    <Pikieta rysuj="true" numer="218.04" kodTerenu="K01">
      <X>463</X>
      <Y>232</Y>
      <Punkt>
        <X>646475.938</X>
        <Y>587051.8</Y>
      </Punkt>
      <Rzedna>115.11</Rzedna>
    </Pikieta>
    <Pikieta rysuj="true" numer="218.05" kodTerenu="K01">
      <X>463</X>
      <Y>255</Y>
      <Punkt>
        <X>646480.1</X>
        <Y>587056</Y>
      </Punkt>
      <Rzedna>114.95</Rzedna>
    </Pikieta>
    <Pikieta rysuj="true" numer="218.06" kodTerenu="K01">
      <X>463</X>
      <Y>278</Y>
      <Punkt>
        <X>646481.063</X>
        <Y>587056.75</Y>
      </Punkt>
      <Rzedna>114.86</Rzedna>
    </Pikieta>
    <Pikieta rysuj="true" numer="218.07" kodTerenu="K01">
      <X>463</X>
      <Y>301</Y>
      <Punkt>
        <X>646481.75</X>
        <Y>587057.3</Y>
      </Punkt>
      <Rzedna>114.58</Rzedna>
    </Pikieta>
    <Pikieta rysuj="true" numer="218.08" kodTerenu="K01">
      <X>463</X>
      <Y>324</Y>
      <Punkt>
        <X>646482.4</X>
        <Y>587058.438</Y>
      </Punkt>
      <Rzedna>114.6</Rzedna>
    </Pikieta>
    <Pikieta rysuj="true" numer="218.09" kodTerenu="K01">
      <X>463</X>
      <Y>347</Y>
      <Punkt>
        <X>646483.4</X>
        <Y>587059.438</Y>
      </Punkt>
      <Rzedna>114.5</Rzedna>
    </Pikieta>
    <Pikieta rysuj="true" numer="218.10" kodTerenu="K01">
      <X>463</X>
      <Y>370</Y>
      <Punkt>
        <X>646484.6</X>
        <Y>587060.75</Y>
      </Punkt>
      <Rzedna>114.62</Rzedna>
    </Pikieta>
    <Pikieta rysuj="true" numer="218.11" kodTerenu="K01">
      <X>463</X>
      <Y>393</Y>
      <Punkt>
        <X>646485.75</X>
        <Y>587061.8</Y>
      </Punkt>
      <Rzedna>115.11</Rzedna>
    </Pikieta>
    <Pikieta rysuj="true" numer="218.12" kodTerenu="K01">
      <X>463</X>
      <Y>416</Y>
      <Punkt>
        <X>646486.438</X>
        <Y>587062.563</Y>
      </Punkt>
      <Rzedna>115.63</Rzedna>
    </Pikieta>
    <Pikieta rysuj="true" numer="218.13" kodTerenu="T04">
      <X>463</X>
      <Y>439</Y>
      <Punkt>
        <X>646487.7</X>
        <Y>587064.6</Y>
      </Punkt>
      <Rzedna>116.11</Rzedna>
    </Pikieta>
    <Pikieta rysuj="true" numer="218.14" kodTerenu="T04">
      <X>463</X>
      <Y>462</Y>
      <Punkt>
        <X>646491.5</X>
        <Y>587068.8</Y>
      </Punkt>
      <Rzedna>116.04</Rzedna>
    </Pikieta>
  </Pikiety>
  <Fotografie>
    <Fotografia rysuj="true" numer="218" rotacja="90">
      <X>489</X>
      <Y>493</Y>
    </Fotografia>
  </Fotografie>
  <Skarpy>
    <Skarpa rysuj="true" startPikieta="2" endPikieta="3" brzeg="true" />
    <Skarpa rysuj="true" startPikieta="12" endPikieta="13" brzeg="true" />
  </Skarpy>
  <Drogi />
  <Zabudowy />
  <Teksty />
</SzkicPrzekroju>