<?xml version="1.0" encoding="utf-8"?>
<SzkicPrzekroju xmlns:xsi="http://www.w3.org/2001/XMLSchema-instance" xmlns:xsd="http://www.w3.org/2001/XMLSchema" nazwaCieku="Pasłęka" numerObiektu="56" numerPrzekroju="219" dataPomiaru="15.02.2012" startProstej="-1" koniecProstej="-1">
  <_startProstej>-1</_startProstej>
  <_koniecProstej>-1</_koniecProstej>
  <Koryto rysuj="true" startPikieta="3" endPikieta="9" />
  <Pikiety>
    <Pikieta rysuj="true" numer="219.01" kodTerenu="">
      <X>463</X>
      <Y>163</Y>
      <Punkt>
        <X>646297.4</X>
        <Y>587433.6</Y>
      </Punkt>
      <Rzedna>116.33</Rzedna>
    </Pikieta>
    <Pikieta rysuj="true" numer="219.02" kodTerenu="T04">
      <X>463</X>
      <Y>193</Y>
      <Punkt>
        <X>646300.4</X>
        <Y>587437.8</Y>
      </Punkt>
      <Rzedna>116.02</Rzedna>
    </Pikieta>
    <Pikieta rysuj="true" numer="219.03" kodTerenu="T04">
      <X>463</X>
      <Y>223</Y>
      <Punkt>
        <X>646301</X>
        <Y>587438.7</Y>
      </Punkt>
      <Rzedna>115.89</Rzedna>
    </Pikieta>
    <Pikieta rysuj="true" numer="219.04" kodTerenu="K01">
      <X>463</X>
      <Y>253</Y>
      <Punkt>
        <X>646301.9</X>
        <Y>587440.1</Y>
      </Punkt>
      <Rzedna>115.69</Rzedna>
    </Pikieta>
    <Pikieta rysuj="true" numer="219.05" kodTerenu="K02">
      <X>463</X>
      <Y>283</Y>
      <Punkt>
        <X>646302.75</X>
        <Y>587441.3</Y>
      </Punkt>
      <Rzedna>115.2</Rzedna>
    </Pikieta>
    <Pikieta rysuj="true" numer="219.06" kodTerenu="K02">
      <X>463</X>
      <Y>313</Y>
      <Punkt>
        <X>646303.063</X>
        <Y>587441.75</Y>
      </Punkt>
      <Rzedna>115.21</Rzedna>
    </Pikieta>
    <Pikieta rysuj="true" numer="219.07" kodTerenu="K02">
      <X>463</X>
      <Y>343</Y>
      <Punkt>
        <X>646303.563</X>
        <Y>587442.4</Y>
      </Punkt>
      <Rzedna>115.02</Rzedna>
    </Pikieta>
    <Pikieta rysuj="true" numer="219.08" kodTerenu="K01">
      <X>463</X>
      <Y>373</Y>
      <Punkt>
        <X>646304.75</X>
        <Y>587443.938</Y>
      </Punkt>
      <Rzedna>115.3</Rzedna>
    </Pikieta>
    <Pikieta rysuj="true" numer="219.09" kodTerenu="K01">
      <X>463</X>
      <Y>403</Y>
      <Punkt>
        <X>646304.938</X>
        <Y>587444.2</Y>
      </Punkt>
      <Rzedna>115.89</Rzedna>
    </Pikieta>
    <Pikieta rysuj="true" numer="219.10" kodTerenu="T02">
      <X>463</X>
      <Y>433</Y>
      <Punkt>
        <X>646305.4</X>
        <Y>587444.8</Y>
      </Punkt>
      <Rzedna>116.05</Rzedna>
    </Pikieta>
    <Pikieta rysuj="true" numer="219.11" kodTerenu="T02">
      <X>463</X>
      <Y>463</Y>
      <Punkt>
        <X>646309.5</X>
        <Y>587449.563</Y>
      </Punkt>
      <Rzedna>116.22</Rzedna>
    </Pikieta>
  </Pikiety>
  <Fotografie>
    <Fotografia rysuj="true" numer="219" rotacja="90">
      <X>499</X>
      <Y>493</Y>
    </Fotografia>
  </Fotografie>
  <Skarpy>
    <Skarpa rysuj="true" startPikieta="2" endPikieta="3" brzeg="true" />
    <Skarpa rysuj="true" startPikieta="9" endPikieta="10" brzeg="true" />
  </Skarpy>
  <Drogi />
  <Zabudowy />
  <Teksty />
</SzkicPrzekroju>