<?xml version="1.0" encoding="utf-8"?>
<SzkicPrzekroju xmlns:xsi="http://www.w3.org/2001/XMLSchema-instance" xmlns:xsd="http://www.w3.org/2001/XMLSchema" nazwaCieku="Pasłęka" numerObiektu="56" numerPrzekroju="220" dataPomiaru="15.02.2012" startProstej="-1" koniecProstej="-1">
  <_startProstej>-1</_startProstej>
  <_koniecProstej>-1</_koniecProstej>
  <Koryto rysuj="true" startPikieta="3" endPikieta="9" />
  <Pikiety>
    <Pikieta rysuj="true" numer="220.01" kodTerenu="">
      <X>463</X>
      <Y>163</Y>
      <Punkt>
        <X>646036.9</X>
        <Y>587845.8</Y>
      </Punkt>
      <Rzedna>117.05</Rzedna>
    </Pikieta>
    <Pikieta rysuj="true" numer="220.02" kodTerenu="T01">
      <X>463</X>
      <Y>193</Y>
      <Punkt>
        <X>646041</X>
        <Y>587847.1</Y>
      </Punkt>
      <Rzedna>116.85</Rzedna>
    </Pikieta>
    <Pikieta rysuj="true" numer="220.03" kodTerenu="T01">
      <X>463</X>
      <Y>223</Y>
      <Punkt>
        <X>646042.75</X>
        <Y>587847.8</Y>
      </Punkt>
      <Rzedna>116.62</Rzedna>
    </Pikieta>
    <Pikieta rysuj="true" numer="220.04" kodTerenu="K01">
      <X>463</X>
      <Y>253</Y>
      <Punkt>
        <X>646044.438</X>
        <Y>587848.7</Y>
      </Punkt>
      <Rzedna>115.86</Rzedna>
    </Pikieta>
    <Pikieta rysuj="true" numer="220.05" kodTerenu="K01">
      <X>463</X>
      <Y>283</Y>
      <Punkt>
        <X>646045.1</X>
        <Y>587848.8</Y>
      </Punkt>
      <Rzedna>115.82</Rzedna>
    </Pikieta>
    <Pikieta rysuj="true" numer="220.06" kodTerenu="K01">
      <X>463</X>
      <Y>313</Y>
      <Punkt>
        <X>646045.8</X>
        <Y>587848.938</Y>
      </Punkt>
      <Rzedna>115.92</Rzedna>
    </Pikieta>
    <Pikieta rysuj="true" numer="220.07" kodTerenu="K01">
      <X>463</X>
      <Y>343</Y>
      <Punkt>
        <X>646046.6</X>
        <Y>587849</Y>
      </Punkt>
      <Rzedna>115.9</Rzedna>
    </Pikieta>
    <Pikieta rysuj="true" numer="220.08" kodTerenu="K01">
      <X>463</X>
      <Y>373</Y>
      <Punkt>
        <X>646047.7</X>
        <Y>587849.2</Y>
      </Punkt>
      <Rzedna>116.42</Rzedna>
    </Pikieta>
    <Pikieta rysuj="true" numer="220.09" kodTerenu="K01">
      <X>463</X>
      <Y>403</Y>
      <Punkt>
        <X>646049</X>
        <Y>587849.5</Y>
      </Punkt>
      <Rzedna>116.62</Rzedna>
    </Pikieta>
    <Pikieta rysuj="true" numer="220.10" kodTerenu="T04">
      <X>463</X>
      <Y>433</Y>
      <Punkt>
        <X>646050.438</X>
        <Y>587849.6</Y>
      </Punkt>
      <Rzedna>116.83</Rzedna>
    </Pikieta>
    <Pikieta rysuj="true" numer="220.11" kodTerenu="T04">
      <X>463</X>
      <Y>463</Y>
      <Punkt>
        <X>646057.8</X>
        <Y>587851.9</Y>
      </Punkt>
      <Rzedna>117.12</Rzedna>
    </Pikieta>
  </Pikiety>
  <Fotografie>
    <Fotografia rysuj="true" numer="220" rotacja="270">
      <X>484</X>
      <Y>112</Y>
    </Fotografia>
  </Fotografie>
  <Skarpy>
    <Skarpa rysuj="true" startPikieta="2" endPikieta="3" brzeg="true" />
    <Skarpa rysuj="true" startPikieta="9" endPikieta="10" brzeg="true" />
  </Skarpy>
  <Drogi />
  <Zabudowy />
  <Teksty />
</SzkicPrzekroju>