<?xml version="1.0" encoding="utf-8"?>
<SzkicPrzekroju xmlns:xsi="http://www.w3.org/2001/XMLSchema-instance" xmlns:xsd="http://www.w3.org/2001/XMLSchema" nazwaCieku="Pasłęka" numerObiektu="221" numerPrzekroju="221" dataPomiaru="15.02.2012">
  <Koryto rysuj="true" startPikieta="3" endPikieta="9" />
  <Pikiety>
    <Pikieta rysuj="true" numer="221.01" kodTerenu="">
      <X>463</X>
      <Y>163</Y>
      <Punkt>
        <X>646199.95</X>
        <Y>588097.16</Y>
      </Punkt>
      <Rzedna>119.6</Rzedna>
    </Pikieta>
    <Pikieta rysuj="true" numer="221.02" kodTerenu="T04">
      <X>463</X>
      <Y>193</Y>
      <Punkt>
        <X>646205.68</X>
        <Y>588099.69</Y>
      </Punkt>
      <Rzedna>119.43</Rzedna>
    </Pikieta>
    <Pikieta rysuj="true" numer="221.03" kodTerenu="T01">
      <X>463</X>
      <Y>223</Y>
      <Punkt>
        <X>646209.53</X>
        <Y>588101.54</Y>
      </Punkt>
      <Rzedna>117.43</Rzedna>
    </Pikieta>
    <Pikieta rysuj="true" numer="221.04" kodTerenu="K01">
      <X>463</X>
      <Y>253</Y>
      <Punkt>
        <X>646210.75</X>
        <Y>588101.4</Y>
      </Punkt>
      <Rzedna>117.17</Rzedna>
    </Pikieta>
    <Pikieta rysuj="true" numer="221.05" kodTerenu="K01">
      <X>463</X>
      <Y>283</Y>
      <Punkt>
        <X>646212.75</X>
        <Y>588102.02</Y>
      </Punkt>
      <Rzedna>116.19</Rzedna>
    </Pikieta>
    <Pikieta rysuj="true" numer="221.06" kodTerenu="K01">
      <X>463</X>
      <Y>313</Y>
      <Punkt>
        <X>646214.09</X>
        <Y>588101.97</Y>
      </Punkt>
      <Rzedna>116.68</Rzedna>
    </Pikieta>
    <Pikieta rysuj="true" numer="221.07" kodTerenu="K01">
      <X>463</X>
      <Y>343</Y>
      <Punkt>
        <X>646215.48</X>
        <Y>588102.82</Y>
      </Punkt>
      <Rzedna>116.29</Rzedna>
    </Pikieta>
    <Pikieta rysuj="true" numer="221.08" kodTerenu="K01">
      <X>463</X>
      <Y>373</Y>
      <Punkt>
        <X>646216.53</X>
        <Y>588103.27</Y>
      </Punkt>
      <Rzedna>116.36</Rzedna>
    </Pikieta>
    <Pikieta rysuj="true" numer="221.09" kodTerenu="K01">
      <X>463</X>
      <Y>403</Y>
      <Punkt>
        <X>646217.83</X>
        <Y>588103.4</Y>
      </Punkt>
      <Rzedna>117.41</Rzedna>
    </Pikieta>
    <Pikieta rysuj="true" numer="221.10" kodTerenu="T01">
      <X>463</X>
      <Y>433</Y>
      <Punkt>
        <X>646219.62</X>
        <Y>588104.8</Y>
      </Punkt>
      <Rzedna>118.32</Rzedna>
    </Pikieta>
    <Pikieta rysuj="true" numer="221.11" kodTerenu="T04">
      <X>463</X>
      <Y>463</Y>
      <Punkt>
        <X>646225.73</X>
        <Y>588105.38</Y>
      </Punkt>
      <Rzedna>118.78</Rzedna>
    </Pikieta>
  </Pikiety>
  <Fotografie>
    <Fotografia rysuj="true" numer="221" rotacja="230">
      <X>666</X>
      <Y>131</Y>
    </Fotografia>
  </Fotografie>
  <Skarpy>
    <Skarpa rysuj="true" startPikieta="2" endPikieta="3" brzeg="true" />
    <Skarpa rysuj="true" startPikieta="9" endPikieta="10" brzeg="true" />
  </Skarpy>
  <Drogi />
  <Zabudowy />
  <Teksty />
</SzkicPrzekroju>