<?xml version="1.0" encoding="utf-8"?>
<SzkicPrzekroju xmlns:xsi="http://www.w3.org/2001/XMLSchema-instance" xmlns:xsd="http://www.w3.org/2001/XMLSchema" nazwaCieku="Pasłęka" numerObiektu="56" numerPrzekroju="222" dataPomiaru="15.02.2012" startProstej="-1" koniecProstej="-1">
  <_startProstej>-1</_startProstej>
  <_koniecProstej>-1</_koniecProstej>
  <Koryto rysuj="true" startPikieta="3" endPikieta="9" />
  <Pikiety>
    <Pikieta rysuj="true" numer="222.01" kodTerenu="">
      <X>463</X>
      <Y>163</Y>
      <Punkt>
        <X>645927.563</X>
        <Y>588359.8</Y>
      </Punkt>
      <Rzedna>119.59</Rzedna>
    </Pikieta>
    <Pikieta rysuj="true" numer="222.02" kodTerenu="T04">
      <X>463</X>
      <Y>193</Y>
      <Punkt>
        <X>645932.3</X>
        <Y>588363.2</Y>
      </Punkt>
      <Rzedna>119.13</Rzedna>
    </Pikieta>
    <Pikieta rysuj="true" numer="222.03" kodTerenu="T02">
      <X>463</X>
      <Y>223</Y>
      <Punkt>
        <X>645932.438</X>
        <Y>588364</Y>
      </Punkt>
      <Rzedna>118.41</Rzedna>
    </Pikieta>
    <Pikieta rysuj="true" numer="222.04" kodTerenu="K02">
      <X>463</X>
      <Y>253</Y>
      <Punkt>
        <X>645933</X>
        <Y>588364.25</Y>
      </Punkt>
      <Rzedna>118.05</Rzedna>
    </Pikieta>
    <Pikieta rysuj="true" numer="222.05" kodTerenu="K02">
      <X>463</X>
      <Y>283</Y>
      <Punkt>
        <X>645933.8</X>
        <Y>588364.8</Y>
      </Punkt>
      <Rzedna>118.15</Rzedna>
    </Pikieta>
    <Pikieta rysuj="true" numer="222.06" kodTerenu="K02">
      <X>463</X>
      <Y>313</Y>
      <Punkt>
        <X>645934.563</X>
        <Y>588365.25</Y>
      </Punkt>
      <Rzedna>118.11</Rzedna>
    </Pikieta>
    <Pikieta rysuj="true" numer="222.07" kodTerenu="K02">
      <X>463</X>
      <Y>343</Y>
      <Punkt>
        <X>645935.563</X>
        <Y>588365.5</Y>
      </Punkt>
      <Rzedna>118.19</Rzedna>
    </Pikieta>
    <Pikieta rysuj="true" numer="222.08" kodTerenu="K02">
      <X>463</X>
      <Y>373</Y>
      <Punkt>
        <X>645936.438</X>
        <Y>588366.1</Y>
      </Punkt>
      <Rzedna>118.12</Rzedna>
    </Pikieta>
    <Pikieta rysuj="true" numer="222.09" kodTerenu="K02">
      <X>463</X>
      <Y>403</Y>
      <Punkt>
        <X>645937.063</X>
        <Y>588366.563</Y>
      </Punkt>
      <Rzedna>118.21</Rzedna>
    </Pikieta>
    <Pikieta rysuj="true" numer="222.10" kodTerenu="T04">
      <X>463</X>
      <Y>433</Y>
      <Punkt>
        <X>645937.938</X>
        <Y>588367.2</Y>
      </Punkt>
      <Rzedna>119.72</Rzedna>
    </Pikieta>
    <Pikieta rysuj="true" numer="222.11" kodTerenu="T04">
      <X>463</X>
      <Y>463</Y>
      <Punkt>
        <X>645943.938</X>
        <Y>588370.938</Y>
      </Punkt>
      <Rzedna>119.83</Rzedna>
    </Pikieta>
  </Pikiety>
  <Fotografie>
    <Fotografia rysuj="true" numer="222" rotacja="90">
      <X>482</X>
      <Y>493</Y>
    </Fotografia>
  </Fotografie>
  <Skarpy>
    <Skarpa rysuj="true" startPikieta="2" endPikieta="3" brzeg="true" />
    <Skarpa rysuj="true" startPikieta="9" endPikieta="10" brzeg="true" />
  </Skarpy>
  <Drogi />
  <Zabudowy />
  <Teksty />
</SzkicPrzekroju>