<?xml version="1.0" encoding="utf-8"?>
<SzkicPrzekroju xmlns:xsi="http://www.w3.org/2001/XMLSchema-instance" xmlns:xsd="http://www.w3.org/2001/XMLSchema" nazwaCieku="Pasłęka" numerObiektu="56" numerPrzekroju="223" dataPomiaru="15.02.2012" startProstej="-1" koniecProstej="-1">
  <_startProstej>-1</_startProstej>
  <_koniecProstej>-1</_koniecProstej>
  <Koryto rysuj="true" startPikieta="3" endPikieta="9" />
  <Pikiety>
    <Pikieta rysuj="true" numer="223.01" kodTerenu="">
      <X>463</X>
      <Y>163</Y>
      <Punkt>
        <X>645618.938</X>
        <Y>588660.563</Y>
      </Punkt>
      <Rzedna>121.54</Rzedna>
    </Pikieta>
    <Pikieta rysuj="true" numer="223.02" kodTerenu="T01">
      <X>463</X>
      <Y>190</Y>
      <Punkt>
        <X>645620.25</X>
        <Y>588665.5</Y>
      </Punkt>
      <Rzedna>121.18</Rzedna>
    </Pikieta>
    <Pikieta rysuj="true" numer="223.03" kodTerenu="T01">
      <X>463</X>
      <Y>217</Y>
      <Punkt>
        <X>645620.5</X>
        <Y>588667</Y>
      </Punkt>
      <Rzedna>120.76</Rzedna>
    </Pikieta>
    <Pikieta rysuj="true" numer="223.04" kodTerenu="K01">
      <X>463</X>
      <Y>244</Y>
      <Punkt>
        <X>645620.9</X>
        <Y>588667.8</Y>
      </Punkt>
      <Rzedna>120.07</Rzedna>
    </Pikieta>
    <Pikieta rysuj="true" numer="223.05" kodTerenu="K01">
      <X>463</X>
      <Y>271</Y>
      <Punkt>
        <X>645621</X>
        <Y>588668.938</Y>
      </Punkt>
      <Rzedna>119.96</Rzedna>
    </Pikieta>
    <Pikieta rysuj="true" numer="223.06" kodTerenu="K01">
      <X>463</X>
      <Y>298</Y>
      <Punkt>
        <X>645621.063</X>
        <Y>588670.2</Y>
      </Punkt>
      <Rzedna>120.1</Rzedna>
    </Pikieta>
    <Pikieta rysuj="true" numer="223.07" kodTerenu="K01">
      <X>463</X>
      <Y>325</Y>
      <Punkt>
        <X>645621.563</X>
        <Y>588671.5</Y>
      </Punkt>
      <Rzedna>120.05</Rzedna>
    </Pikieta>
    <Pikieta rysuj="true" numer="223.08" kodTerenu="K01">
      <X>463</X>
      <Y>352</Y>
      <Punkt>
        <X>645622.25</X>
        <Y>588673.2</Y>
      </Punkt>
      <Rzedna>119.99</Rzedna>
    </Pikieta>
    <Pikieta rysuj="true" numer="223.09" kodTerenu="K01">
      <X>463</X>
      <Y>379</Y>
      <Punkt>
        <X>645622.7</X>
        <Y>588674.1</Y>
      </Punkt>
      <Rzedna>120.76</Rzedna>
    </Pikieta>
    <Pikieta rysuj="true" numer="223.10" kodTerenu="T05">
      <X>463</X>
      <Y>406</Y>
      <Punkt>
        <X>645623.938</X>
        <Y>588676.063</Y>
      </Punkt>
      <Rzedna>121.44</Rzedna>
    </Pikieta>
    <Pikieta rysuj="true" numer="223.11" kodTerenu="T05">
      <X>463</X>
      <Y>433</Y>
      <Punkt>
        <X>645625.438</X>
        <Y>588678.75</Y>
      </Punkt>
      <Rzedna>121.85</Rzedna>
    </Pikieta>
    <Pikieta rysuj="true" numer="223.12" kodTerenu="T05">
      <X>463</X>
      <Y>460</Y>
      <Punkt>
        <X>645626.25</X>
        <Y>588680.8</Y>
      </Punkt>
      <Rzedna>123.85</Rzedna>
    </Pikieta>
  </Pikiety>
  <Fotografie>
    <Fotografia rysuj="true" numer="223" rotacja="90">
      <X>513</X>
      <Y>489</Y>
    </Fotografia>
  </Fotografie>
  <Skarpy>
    <Skarpa rysuj="true" startPikieta="2" endPikieta="3" brzeg="true" />
    <Skarpa rysuj="true" startPikieta="9" endPikieta="10" brzeg="true" />
    <Skarpa rysuj="true" startPikieta="11" endPikieta="12" brzeg="false" />
  </Skarpy>
  <Drogi />
  <Zabudowy />
  <Teksty />
</SzkicPrzekroju>