<?xml version="1.0" encoding="utf-8"?>
<SzkicPrzekroju xmlns:xsi="http://www.w3.org/2001/XMLSchema-instance" xmlns:xsd="http://www.w3.org/2001/XMLSchema" nazwaCieku="Pasłęka" numerObiektu="56" numerPrzekroju="224" dataPomiaru="14.02.2012" startProstej="-1" koniecProstej="-1">
  <_startProstej>-1</_startProstej>
  <_koniecProstej>-1</_koniecProstej>
  <Koryto rysuj="true" startPikieta="3" endPikieta="9" />
  <Pikiety>
    <Pikieta rysuj="true" numer="224.01" kodTerenu="">
      <X>463</X>
      <Y>163</Y>
      <Punkt>
        <X>644966.9</X>
        <Y>588861.1</Y>
      </Punkt>
      <Rzedna>121.8</Rzedna>
    </Pikieta>
    <Pikieta rysuj="true" numer="224.02" kodTerenu="T01">
      <X>463</X>
      <Y>193</Y>
      <Punkt>
        <X>644968.3</X>
        <Y>588867</Y>
      </Punkt>
      <Rzedna>121.8</Rzedna>
    </Pikieta>
    <Pikieta rysuj="true" numer="224.03" kodTerenu="T01">
      <X>463</X>
      <Y>223</Y>
      <Punkt>
        <X>644968.5</X>
        <Y>588869</Y>
      </Punkt>
      <Rzedna>121.75</Rzedna>
    </Pikieta>
    <Pikieta rysuj="true" numer="224.04" kodTerenu="K01">
      <X>463</X>
      <Y>253</Y>
      <Punkt>
        <X>644968.5</X>
        <Y>588869.5</Y>
      </Punkt>
      <Rzedna>120.75</Rzedna>
    </Pikieta>
    <Pikieta rysuj="true" numer="224.05" kodTerenu="K01">
      <X>463</X>
      <Y>283</Y>
      <Punkt>
        <X>644968.6</X>
        <Y>588871</Y>
      </Punkt>
      <Rzedna>120.81</Rzedna>
    </Pikieta>
    <Pikieta rysuj="true" numer="224.06" kodTerenu="K01">
      <X>463</X>
      <Y>313</Y>
      <Punkt>
        <X>644968.75</X>
        <Y>588872</Y>
      </Punkt>
      <Rzedna>120.87</Rzedna>
    </Pikieta>
    <Pikieta rysuj="true" numer="224.07" kodTerenu="K01">
      <X>463</X>
      <Y>343</Y>
      <Punkt>
        <X>644968.75</X>
        <Y>588873.5</Y>
      </Punkt>
      <Rzedna>120.94</Rzedna>
    </Pikieta>
    <Pikieta rysuj="true" numer="224.08" kodTerenu="K01">
      <X>463</X>
      <Y>373</Y>
      <Punkt>
        <X>644968.563</X>
        <Y>588875.4</Y>
      </Punkt>
      <Rzedna>121.04</Rzedna>
    </Pikieta>
    <Pikieta rysuj="true" numer="224.09" kodTerenu="K01">
      <X>463</X>
      <Y>403</Y>
      <Punkt>
        <X>644968.6</X>
        <Y>588876</Y>
      </Punkt>
      <Rzedna>121.75</Rzedna>
    </Pikieta>
    <Pikieta rysuj="true" numer="224.10" kodTerenu="T01">
      <X>463</X>
      <Y>433</Y>
      <Punkt>
        <X>644968.75</X>
        <Y>588878.063</Y>
      </Punkt>
      <Rzedna>121.91</Rzedna>
    </Pikieta>
    <Pikieta rysuj="true" numer="224.11" kodTerenu="T01">
      <X>463</X>
      <Y>463</Y>
      <Punkt>
        <X>644969.6</X>
        <Y>588883.2</Y>
      </Punkt>
      <Rzedna>121.85</Rzedna>
    </Pikieta>
  </Pikiety>
  <Fotografie>
    <Fotografia rysuj="true" numer="224" rotacja="90">
      <X>463</X>
      <Y>493</Y>
    </Fotografia>
  </Fotografie>
  <Skarpy>
    <Skarpa rysuj="true" startPikieta="2" endPikieta="3" brzeg="true" />
    <Skarpa rysuj="true" startPikieta="9" endPikieta="10" brzeg="true" />
  </Skarpy>
  <Drogi />
  <Zabudowy />
  <Teksty />
</SzkicPrzekroju>