<?xml version="1.0" encoding="utf-8"?>
<SzkicPrzekroju xmlns:xsi="http://www.w3.org/2001/XMLSchema-instance" xmlns:xsd="http://www.w3.org/2001/XMLSchema" nazwaCieku="Pasłęka" numerObiektu="56" numerPrzekroju="225" dataPomiaru="14.02.2012" startProstej="-1" koniecProstej="-1">
  <_startProstej>-1</_startProstej>
  <_koniecProstej>-1</_koniecProstej>
  <Koryto rysuj="true" startPikieta="3" endPikieta="9" />
  <Pikiety>
    <Pikieta rysuj="true" numer="225.01" kodTerenu="">
      <X>463</X>
      <Y>163</Y>
      <Punkt>
        <X>644590.75</X>
        <Y>588847.3</Y>
      </Punkt>
      <Rzedna>122.65</Rzedna>
    </Pikieta>
    <Pikieta rysuj="true" numer="225.02" kodTerenu="T01">
      <X>463</X>
      <Y>193</Y>
      <Punkt>
        <X>644594.5</X>
        <Y>588850.9</Y>
      </Punkt>
      <Rzedna>122.44</Rzedna>
    </Pikieta>
    <Pikieta rysuj="true" numer="225.03" kodTerenu="T01">
      <X>463</X>
      <Y>223</Y>
      <Punkt>
        <X>644595.25</X>
        <Y>588851.4</Y>
      </Punkt>
      <Rzedna>122.11</Rzedna>
    </Pikieta>
    <Pikieta rysuj="true" numer="225.04" kodTerenu="K01">
      <X>463</X>
      <Y>253</Y>
      <Punkt>
        <X>644596.7</X>
        <Y>588852.563</Y>
      </Punkt>
      <Rzedna>120.95</Rzedna>
    </Pikieta>
    <Pikieta rysuj="true" numer="225.05" kodTerenu="K01">
      <X>463</X>
      <Y>283</Y>
      <Punkt>
        <X>644598.1</X>
        <Y>588853.938</Y>
      </Punkt>
      <Rzedna>121.17</Rzedna>
    </Pikieta>
    <Pikieta rysuj="true" numer="225.06" kodTerenu="K01">
      <X>463</X>
      <Y>313</Y>
      <Punkt>
        <X>644599.438</X>
        <Y>588854.938</Y>
      </Punkt>
      <Rzedna>121.15</Rzedna>
    </Pikieta>
    <Pikieta rysuj="true" numer="225.07" kodTerenu="K01">
      <X>463</X>
      <Y>343</Y>
      <Punkt>
        <X>644600.7</X>
        <Y>588856</Y>
      </Punkt>
      <Rzedna>120.97</Rzedna>
    </Pikieta>
    <Pikieta rysuj="true" numer="225.08" kodTerenu="K01">
      <X>463</X>
      <Y>373</Y>
      <Punkt>
        <X>644602.25</X>
        <Y>588857.438</Y>
      </Punkt>
      <Rzedna>120.87</Rzedna>
    </Pikieta>
    <Pikieta rysuj="true" numer="225.09" kodTerenu="K01">
      <X>463</X>
      <Y>403</Y>
      <Punkt>
        <X>644602.7</X>
        <Y>588858.2</Y>
      </Punkt>
      <Rzedna>122.11</Rzedna>
    </Pikieta>
    <Pikieta rysuj="true" numer="225.10" kodTerenu="T01">
      <X>463</X>
      <Y>433</Y>
      <Punkt>
        <X>644603.1</X>
        <Y>588858.9</Y>
      </Punkt>
      <Rzedna>122.27</Rzedna>
    </Pikieta>
    <Pikieta rysuj="true" numer="225.11" kodTerenu="T01">
      <X>463</X>
      <Y>463</Y>
      <Punkt>
        <X>644608.438</X>
        <Y>588863.9</Y>
      </Punkt>
      <Rzedna>122.42</Rzedna>
    </Pikieta>
  </Pikiety>
  <Fotografie>
    <Fotografia rysuj="true" numer="225" rotacja="280">
      <X>463</X>
      <Y>77</Y>
    </Fotografia>
  </Fotografie>
  <Skarpy>
    <Skarpa rysuj="true" startPikieta="2" endPikieta="3" brzeg="true" />
    <Skarpa rysuj="true" startPikieta="9" endPikieta="10" brzeg="true" />
  </Skarpy>
  <Drogi />
  <Zabudowy />
  <Teksty />
</SzkicPrzekroju>