<?xml version="1.0" encoding="utf-8"?>
<SzkicPrzekroju xmlns:xsi="http://www.w3.org/2001/XMLSchema-instance" xmlns:xsd="http://www.w3.org/2001/XMLSchema" nazwaCieku="Pasłęka" numerObiektu="226" numerPrzekroju="226" dataPomiaru="14.02.2012">
  <Koryto rysuj="true" startPikieta="2" endPikieta="11" />
  <Pikiety>
    <Pikieta rysuj="true" numer="226.01" kodTerenu="">
      <X>463</X>
      <Y>163</Y>
      <Punkt>
        <X>643714.59</X>
        <Y>589831.97</Y>
      </Punkt>
      <Rzedna>122.26</Rzedna>
    </Pikieta>
    <Pikieta rysuj="true" numer="226.02" kodTerenu="T04">
      <X>463</X>
      <Y>190</Y>
      <Punkt>
        <X>643718.55</X>
        <Y>589836.97</Y>
      </Punkt>
      <Rzedna>122.2</Rzedna>
    </Pikieta>
    <Pikieta rysuj="true" numer="226.03" kodTerenu="K01">
      <X>463</X>
      <Y>217</Y>
      <Punkt>
        <X>643718.8</X>
        <Y>589837.54</Y>
      </Punkt>
      <Rzedna>122</Rzedna>
    </Pikieta>
    <Pikieta rysuj="true" numer="226.04" kodTerenu="K01">
      <X>463</X>
      <Y>244</Y>
      <Punkt>
        <X>643718.85</X>
        <Y>589837.53</Y>
      </Punkt>
      <Rzedna>121.65</Rzedna>
    </Pikieta>
    <Pikieta rysuj="true" numer="226.05" kodTerenu="K01">
      <X>463</X>
      <Y>271</Y>
      <Punkt>
        <X>643719.36</X>
        <Y>589838.26</Y>
      </Punkt>
      <Rzedna>121.71</Rzedna>
    </Pikieta>
    <Pikieta rysuj="true" numer="226.06" kodTerenu="K01">
      <X>463</X>
      <Y>298</Y>
      <Punkt>
        <X>643719.66</X>
        <Y>589839</Y>
      </Punkt>
      <Rzedna>121.76</Rzedna>
    </Pikieta>
    <Pikieta rysuj="true" numer="226.07" kodTerenu="K01">
      <X>463</X>
      <Y>325</Y>
      <Punkt>
        <X>643720.08</X>
        <Y>589839.97</Y>
      </Punkt>
      <Rzedna>121.74</Rzedna>
    </Pikieta>
    <Pikieta rysuj="true" numer="226.08" kodTerenu="K01">
      <X>463</X>
      <Y>352</Y>
      <Punkt>
        <X>643720.67</X>
        <Y>589840.77</Y>
      </Punkt>
      <Rzedna>121.75</Rzedna>
    </Pikieta>
    <Pikieta rysuj="true" numer="226.09" kodTerenu="K01">
      <X>463</X>
      <Y>379</Y>
      <Punkt>
        <X>643721.15</X>
        <Y>589841.66</Y>
      </Punkt>
      <Rzedna>121.51</Rzedna>
    </Pikieta>
    <Pikieta rysuj="true" numer="226.01" kodTerenu="K01">
      <X>463</X>
      <Y>406</Y>
      <Punkt>
        <X>643721.37</X>
        <Y>589842.95</Y>
      </Punkt>
      <Rzedna>121.52</Rzedna>
    </Pikieta>
    <Pikieta rysuj="true" numer="226.11" kodTerenu="K01">
      <X>463</X>
      <Y>433</Y>
      <Punkt>
        <X>643721.54</X>
        <Y>589843.7</Y>
      </Punkt>
      <Rzedna>122.2</Rzedna>
    </Pikieta>
    <Pikieta rysuj="true" numer="226.12" kodTerenu="T04">
      <X>463</X>
      <Y>460</Y>
      <Punkt>
        <X>643723.89</X>
        <Y>589848.7</Y>
      </Punkt>
      <Rzedna>122.27</Rzedna>
    </Pikieta>
  </Pikiety>
  <Fotografie>
    <Fotografia rysuj="true" numer="226" rotacja="80">
      <X>459</X>
      <Y>524</Y>
    </Fotografia>
  </Fotografie>
  <Skarpy>
    <Skarpa rysuj="true" startPikieta="1" endPikieta="2" brzeg="true" />
    <Skarpa rysuj="true" startPikieta="11" endPikieta="12" brzeg="true" />
  </Skarpy>
  <Drogi />
  <Zabudowy />
  <Teksty />
</SzkicPrzekroju>