<?xml version="1.0" encoding="utf-8"?>
<SzkicPrzekroju xmlns:xsi="http://www.w3.org/2001/XMLSchema-instance" xmlns:xsd="http://www.w3.org/2001/XMLSchema" nazwaCieku="Pasłęka" numerObiektu="227" numerPrzekroju="227" dataPomiaru="30.03.2012">
  <Koryto rysuj="true" startPikieta="5" endPikieta="11" />
  <Pikiety>
    <Pikieta rysuj="true" numer="227.01" kodTerenu="">
      <X>463</X>
      <Y>163</Y>
      <Punkt>
        <X>643411</X>
        <Y>589854.02</Y>
      </Punkt>
      <Rzedna>133.29</Rzedna>
    </Pikieta>
    <Pikieta rysuj="true" numer="227.02" kodTerenu="T04">
      <X>463</X>
      <Y>184</Y>
      <Punkt>
        <X>643413.04</X>
        <Y>589856.88</Y>
      </Punkt>
      <Rzedna>132.96</Rzedna>
    </Pikieta>
    <Pikieta rysuj="true" numer="227.03" kodTerenu="T04">
      <X>463</X>
      <Y>205</Y>
      <Punkt>
        <X>643419.62</X>
        <Y>589863.71</Y>
      </Punkt>
      <Rzedna>126.71</Rzedna>
    </Pikieta>
    <Pikieta rysuj="true" numer="227.04" kodTerenu="T04">
      <X>463</X>
      <Y>226</Y>
      <Punkt>
        <X>643422.65</X>
        <Y>589867.13</Y>
      </Punkt>
      <Rzedna>125.95</Rzedna>
    </Pikieta>
    <Pikieta rysuj="true" numer="227.05" kodTerenu="T04">
      <X>463</X>
      <Y>247</Y>
      <Punkt>
        <X>643424.28</X>
        <Y>589869</Y>
      </Punkt>
      <Rzedna>125.15</Rzedna>
    </Pikieta>
    <Pikieta rysuj="true" numer="227.06" kodTerenu="K01">
      <X>463</X>
      <Y>268</Y>
      <Punkt>
        <X>643425.5</X>
        <Y>589870.25</Y>
      </Punkt>
      <Rzedna>124.58</Rzedna>
    </Pikieta>
    <Pikieta rysuj="true" numer="227.07" kodTerenu="K01">
      <X>463</X>
      <Y>289</Y>
      <Punkt>
        <X>643427.51</X>
        <Y>589872.66</Y>
      </Punkt>
      <Rzedna>123.99</Rzedna>
    </Pikieta>
    <Pikieta rysuj="true" numer="227.08" kodTerenu="K02">
      <X>463</X>
      <Y>310</Y>
      <Punkt>
        <X>643429.77</X>
        <Y>589874.45</Y>
      </Punkt>
      <Rzedna>123.53</Rzedna>
    </Pikieta>
    <Pikieta rysuj="true" numer="227.09" kodTerenu="K02">
      <X>463</X>
      <Y>331</Y>
      <Punkt>
        <X>643433</X>
        <Y>589877.67</Y>
      </Punkt>
      <Rzedna>123.78</Rzedna>
    </Pikieta>
    <Pikieta rysuj="true" numer="227.10" kodTerenu="K01">
      <X>463</X>
      <Y>352</Y>
      <Punkt>
        <X>643435.12</X>
        <Y>589880.76</Y>
      </Punkt>
      <Rzedna>124.63</Rzedna>
    </Pikieta>
    <Pikieta rysuj="true" numer="227.11" kodTerenu="K01">
      <X>463</X>
      <Y>373</Y>
      <Punkt>
        <X>643435.83</X>
        <Y>589881.52</Y>
      </Punkt>
      <Rzedna>125.15</Rzedna>
    </Pikieta>
    <Pikieta rysuj="true" numer="227.12" kodTerenu="T01">
      <X>463</X>
      <Y>394</Y>
      <Punkt>
        <X>643436.12</X>
        <Y>589881.57</Y>
      </Punkt>
      <Rzedna>125.29</Rzedna>
    </Pikieta>
    <Pikieta rysuj="true" numer="227.13" kodTerenu="T04">
      <X>463</X>
      <Y>415</Y>
      <Punkt>
        <X>643437.86</X>
        <Y>589885.88</Y>
      </Punkt>
      <Rzedna>126.7</Rzedna>
    </Pikieta>
    <Pikieta rysuj="true" numer="227.14" kodTerenu="T04">
      <X>463</X>
      <Y>436</Y>
      <Punkt>
        <X>643439.33</X>
        <Y>589887.62</Y>
      </Punkt>
      <Rzedna>127.63</Rzedna>
    </Pikieta>
    <Pikieta rysuj="true" numer="227.15" kodTerenu="T07">
      <X>463</X>
      <Y>457</Y>
      <Punkt>
        <X>643441.88</X>
        <Y>589890.64</Y>
      </Punkt>
      <Rzedna>128.4</Rzedna>
    </Pikieta>
  </Pikiety>
  <Fotografie>
    <Fotografia rysuj="true" numer="227" rotacja="290">
      <X>346</X>
      <Y>103</Y>
    </Fotografia>
  </Fotografie>
  <Skarpy>
    <Skarpa rysuj="true" startPikieta="4" endPikieta="5" brzeg="true" />
    <Skarpa rysuj="true" startPikieta="11" endPikieta="12" brzeg="true" />
    <Skarpa rysuj="true" startPikieta="2" endPikieta="3" brzeg="false" />
    <Skarpa rysuj="true" startPikieta="13" endPikieta="14" brzeg="false" />
  </Skarpy>
  <Drogi />
  <Zabudowy />
  <Teksty />
</SzkicPrzekroju>