<?xml version="1.0" encoding="utf-8"?>
<SzkicPrzekroju xmlns:xsi="http://www.w3.org/2001/XMLSchema-instance" xmlns:xsd="http://www.w3.org/2001/XMLSchema" nazwaCieku="Pasłęka" numerObiektu="56" numerPrzekroju="228" dataPomiaru="14.02.2012" startProstej="-1" koniecProstej="-1">
  <_startProstej>-1</_startProstej>
  <_koniecProstej>-1</_koniecProstej>
  <Koryto rysuj="true" startPikieta="3" endPikieta="12" />
  <Pikiety>
    <Pikieta rysuj="true" numer="228.01" kodTerenu="">
      <X>463</X>
      <Y>163</Y>
      <Punkt>
        <X>643210.563</X>
        <Y>590035.563</Y>
      </Punkt>
      <Rzedna>126.81</Rzedna>
    </Pikieta>
    <Pikieta rysuj="true" numer="228.02" kodTerenu="T05">
      <X>463</X>
      <Y>183</Y>
      <Punkt>
        <X>643211.75</X>
        <Y>590042.063</Y>
      </Punkt>
      <Rzedna>126.24</Rzedna>
    </Pikieta>
    <Pikieta rysuj="true" numer="228.03" kodTerenu="T01">
      <X>463</X>
      <Y>203</Y>
      <Punkt>
        <X>643212.3</X>
        <Y>590043.4</Y>
      </Punkt>
      <Rzedna>125.98</Rzedna>
    </Pikieta>
    <Pikieta rysuj="true" numer="228.04" kodTerenu="K01">
      <X>463</X>
      <Y>223</Y>
      <Punkt>
        <X>643212.5</X>
        <Y>590044.25</Y>
      </Punkt>
      <Rzedna>125.87</Rzedna>
    </Pikieta>
    <Pikieta rysuj="true" numer="228.05" kodTerenu="K01">
      <X>463</X>
      <Y>243</Y>
      <Punkt>
        <X>643212.8</X>
        <Y>590046.25</Y>
      </Punkt>
      <Rzedna>124.96</Rzedna>
    </Pikieta>
    <Pikieta rysuj="true" numer="228.06" kodTerenu="K01">
      <X>463</X>
      <Y>263</Y>
      <Punkt>
        <X>643213.75</X>
        <Y>590047.75</Y>
      </Punkt>
      <Rzedna>124.68</Rzedna>
    </Pikieta>
    <Pikieta rysuj="true" numer="228.07" kodTerenu="K01">
      <X>463</X>
      <Y>283</Y>
      <Punkt>
        <X>643213.7</X>
        <Y>590049.2</Y>
      </Punkt>
      <Rzedna>124.58</Rzedna>
    </Pikieta>
    <Pikieta rysuj="true" numer="228.08" kodTerenu="K01">
      <X>463</X>
      <Y>303</Y>
      <Punkt>
        <X>643214</X>
        <Y>590050.5</Y>
      </Punkt>
      <Rzedna>124.61</Rzedna>
    </Pikieta>
    <Pikieta rysuj="true" numer="228.09" kodTerenu="K01">
      <X>463</X>
      <Y>323</Y>
      <Punkt>
        <X>643213.938</X>
        <Y>590052.2</Y>
      </Punkt>
      <Rzedna>124.77</Rzedna>
    </Pikieta>
    <Pikieta rysuj="true" numer="228.10" kodTerenu="K01">
      <X>463</X>
      <Y>343</Y>
      <Punkt>
        <X>643214.2</X>
        <Y>590053.938</Y>
      </Punkt>
      <Rzedna>125.37</Rzedna>
    </Pikieta>
    <Pikieta rysuj="true" numer="228.11" kodTerenu="K01">
      <X>463</X>
      <Y>363</Y>
      <Punkt>
        <X>643214.6</X>
        <Y>590057.8</Y>
      </Punkt>
      <Rzedna>125.57</Rzedna>
    </Pikieta>
    <Pikieta rysuj="true" numer="228.12" kodTerenu="K01">
      <X>463</X>
      <Y>383</Y>
      <Punkt>
        <X>643214.9</X>
        <Y>590061.1</Y>
      </Punkt>
      <Rzedna>125.98</Rzedna>
    </Pikieta>
    <Pikieta rysuj="true" numer="228.13" kodTerenu="T01">
      <X>463</X>
      <Y>403</Y>
      <Punkt>
        <X>643214.75</X>
        <Y>590062.75</Y>
      </Punkt>
      <Rzedna>126.2</Rzedna>
    </Pikieta>
    <Pikieta rysuj="true" numer="228.14" kodTerenu="T01">
      <X>463</X>
      <Y>423</Y>
      <Punkt>
        <X>643214.75</X>
        <Y>590065.75</Y>
      </Punkt>
      <Rzedna>126.57</Rzedna>
    </Pikieta>
    <Pikieta rysuj="true" numer="228.15" kodTerenu="T05">
      <X>463</X>
      <Y>443</Y>
      <Punkt>
        <X>643214.4</X>
        <Y>590068.4</Y>
      </Punkt>
      <Rzedna>127.67</Rzedna>
    </Pikieta>
    <Pikieta rysuj="true" numer="228.16" kodTerenu="T05">
      <X>463</X>
      <Y>463</Y>
      <Punkt>
        <X>643213.7</X>
        <Y>590070.5</Y>
      </Punkt>
      <Rzedna>127.74</Rzedna>
    </Pikieta>
  </Pikiety>
  <Fotografie>
    <Fotografia rysuj="true" numer="228" rotacja="90">
      <X>463</X>
      <Y>493</Y>
    </Fotografia>
  </Fotografie>
  <Skarpy>
    <Skarpa rysuj="true" startPikieta="2" endPikieta="3" brzeg="true" />
    <Skarpa rysuj="true" startPikieta="12" endPikieta="13" brzeg="true" />
    <Skarpa rysuj="true" startPikieta="14" endPikieta="15" brzeg="false" />
  </Skarpy>
  <Drogi />
  <Zabudowy />
  <Teksty />
</SzkicPrzekroju>