<?xml version="1.0" encoding="utf-8"?>
<SzkicPrzekroju xmlns:xsi="http://www.w3.org/2001/XMLSchema-instance" xmlns:xsd="http://www.w3.org/2001/XMLSchema" nazwaCieku="Pasłęka" numerObiektu="56" numerPrzekroju="229" dataPomiaru="10.02.2012" startProstej="-1" koniecProstej="-1">
  <_startProstej>-1</_startProstej>
  <_koniecProstej>-1</_koniecProstej>
  <Koryto rysuj="true" startPikieta="3" endPikieta="9" />
  <Pikiety>
    <Pikieta rysuj="true" numer="229.01" kodTerenu="">
      <X>463</X>
      <Y>163</Y>
      <Punkt>
        <X>642736.563</X>
        <Y>590346.3</Y>
      </Punkt>
      <Rzedna>126.06</Rzedna>
    </Pikieta>
    <Pikieta rysuj="true" numer="229.02" kodTerenu="T01">
      <X>463</X>
      <Y>193</Y>
      <Punkt>
        <X>642740.7</X>
        <Y>590352.1</Y>
      </Punkt>
      <Rzedna>125.84</Rzedna>
    </Pikieta>
    <Pikieta rysuj="true" numer="229.03" kodTerenu="T01">
      <X>463</X>
      <Y>223</Y>
      <Punkt>
        <X>642741.25</X>
        <Y>590352.9</Y>
      </Punkt>
      <Rzedna>125.32</Rzedna>
    </Pikieta>
    <Pikieta rysuj="true" numer="229.04" kodTerenu="K01">
      <X>463</X>
      <Y>253</Y>
      <Punkt>
        <X>642741.938</X>
        <Y>590353.5</Y>
      </Punkt>
      <Rzedna>124.72</Rzedna>
    </Pikieta>
    <Pikieta rysuj="true" numer="229.05" kodTerenu="K01">
      <X>463</X>
      <Y>283</Y>
      <Punkt>
        <X>642742.25</X>
        <Y>590353.9</Y>
      </Punkt>
      <Rzedna>124.55</Rzedna>
    </Pikieta>
    <Pikieta rysuj="true" numer="229.06" kodTerenu="K01">
      <X>463</X>
      <Y>313</Y>
      <Punkt>
        <X>642742.938</X>
        <Y>590354.6</Y>
      </Punkt>
      <Rzedna>124.44</Rzedna>
    </Pikieta>
    <Pikieta rysuj="true" numer="229.07" kodTerenu="K01">
      <X>463</X>
      <Y>343</Y>
      <Punkt>
        <X>642743.5</X>
        <Y>590355.3</Y>
      </Punkt>
      <Rzedna>124.41</Rzedna>
    </Pikieta>
    <Pikieta rysuj="true" numer="229.08" kodTerenu="K01">
      <X>463</X>
      <Y>373</Y>
      <Punkt>
        <X>642743.9</X>
        <Y>590355.938</Y>
      </Punkt>
      <Rzedna>124.58</Rzedna>
    </Pikieta>
    <Pikieta rysuj="true" numer="229.09" kodTerenu="K01">
      <X>463</X>
      <Y>403</Y>
      <Punkt>
        <X>642744.2</X>
        <Y>590356.5</Y>
      </Punkt>
      <Rzedna>125.32</Rzedna>
    </Pikieta>
    <Pikieta rysuj="true" numer="229.10" kodTerenu="T01">
      <X>463</X>
      <Y>433</Y>
      <Punkt>
        <X>642745.438</X>
        <Y>590358.6</Y>
      </Punkt>
      <Rzedna>125.68</Rzedna>
    </Pikieta>
    <Pikieta rysuj="true" numer="229.11" kodTerenu="T01">
      <X>463</X>
      <Y>463</Y>
      <Punkt>
        <X>642749.9</X>
        <Y>590363.75</Y>
      </Punkt>
      <Rzedna>125.64</Rzedna>
    </Pikieta>
  </Pikiety>
  <Fotografie>
    <Fotografia rysuj="true" numer="229" rotacja="90">
      <X>499</X>
      <Y>499</Y>
    </Fotografia>
  </Fotografie>
  <Skarpy>
    <Skarpa rysuj="true" startPikieta="2" endPikieta="3" brzeg="true" />
    <Skarpa rysuj="true" startPikieta="9" endPikieta="10" brzeg="true" />
  </Skarpy>
  <Drogi />
  <Zabudowy />
  <Teksty />
</SzkicPrzekroju>