<?xml version="1.0" encoding="utf-8"?>
<SzkicPrzekroju xmlns:xsi="http://www.w3.org/2001/XMLSchema-instance" xmlns:xsd="http://www.w3.org/2001/XMLSchema" nazwaCieku="Pasłęka" numerObiektu="56" numerPrzekroju="230" dataPomiaru="10.02.2012" startProstej="-1" koniecProstej="-1">
  <_startProstej>-1</_startProstej>
  <_koniecProstej>-1</_koniecProstej>
  <Koryto rysuj="true" startPikieta="3" endPikieta="9" />
  <Pikiety>
    <Pikieta rysuj="true" numer="230.01" kodTerenu="">
      <X>463</X>
      <Y>163</Y>
      <Punkt>
        <X>642401.1</X>
        <Y>590617.563</Y>
      </Punkt>
      <Rzedna>127.36</Rzedna>
    </Pikieta>
    <Pikieta rysuj="true" numer="230.02" kodTerenu="T01">
      <X>463</X>
      <Y>193</Y>
      <Punkt>
        <X>642406.6</X>
        <Y>590622.938</Y>
      </Punkt>
      <Rzedna>126.35</Rzedna>
    </Pikieta>
    <Pikieta rysuj="true" numer="230.03" kodTerenu="T01">
      <X>463</X>
      <Y>223</Y>
      <Punkt>
        <X>642407.438</X>
        <Y>590623.2</Y>
      </Punkt>
      <Rzedna>125.71</Rzedna>
    </Pikieta>
    <Pikieta rysuj="true" numer="230.04" kodTerenu="K01">
      <X>463</X>
      <Y>253</Y>
      <Punkt>
        <X>642407.7</X>
        <Y>590623.4</Y>
      </Punkt>
      <Rzedna>125.12</Rzedna>
    </Pikieta>
    <Pikieta rysuj="true" numer="230.05" kodTerenu="K01">
      <X>463</X>
      <Y>283</Y>
      <Punkt>
        <X>642408.1</X>
        <Y>590623.8</Y>
      </Punkt>
      <Rzedna>125.14</Rzedna>
    </Pikieta>
    <Pikieta rysuj="true" numer="230.06" kodTerenu="K01">
      <X>463</X>
      <Y>313</Y>
      <Punkt>
        <X>642408.563</X>
        <Y>590624.2</Y>
      </Punkt>
      <Rzedna>125.15</Rzedna>
    </Pikieta>
    <Pikieta rysuj="true" numer="230.07" kodTerenu="K01">
      <X>463</X>
      <Y>343</Y>
      <Punkt>
        <X>642409</X>
        <Y>590624.563</Y>
      </Punkt>
      <Rzedna>125.46</Rzedna>
    </Pikieta>
    <Pikieta rysuj="true" numer="230.08" kodTerenu="K01">
      <X>463</X>
      <Y>373</Y>
      <Punkt>
        <X>642409.438</X>
        <Y>590624.8</Y>
      </Punkt>
      <Rzedna>125.56</Rzedna>
    </Pikieta>
    <Pikieta rysuj="true" numer="230.09" kodTerenu="K01">
      <X>463</X>
      <Y>403</Y>
      <Punkt>
        <X>642409.7</X>
        <Y>590625.063</Y>
      </Punkt>
      <Rzedna>125.71</Rzedna>
    </Pikieta>
    <Pikieta rysuj="true" numer="230.10" kodTerenu="T01">
      <X>463</X>
      <Y>433</Y>
      <Punkt>
        <X>642411.438</X>
        <Y>590626.25</Y>
      </Punkt>
      <Rzedna>126.35</Rzedna>
    </Pikieta>
    <Pikieta rysuj="true" numer="230.11" kodTerenu="T01">
      <X>463</X>
      <Y>463</Y>
      <Punkt>
        <X>642415.9</X>
        <Y>590630.75</Y>
      </Punkt>
      <Rzedna>126.89</Rzedna>
    </Pikieta>
  </Pikiety>
  <Fotografie>
    <Fotografia rysuj="true" numer="230" rotacja="270">
      <X>486</X>
      <Y>97</Y>
    </Fotografia>
  </Fotografie>
  <Skarpy>
    <Skarpa rysuj="true" startPikieta="2" endPikieta="3" brzeg="true" />
    <Skarpa rysuj="true" startPikieta="9" endPikieta="10" brzeg="true" />
  </Skarpy>
  <Drogi />
  <Zabudowy />
  <Teksty />
</SzkicPrzekroju>