<?xml version="1.0" encoding="utf-8"?>
<SzkicPrzekroju xmlns:xsi="http://www.w3.org/2001/XMLSchema-instance" xmlns:xsd="http://www.w3.org/2001/XMLSchema" nazwaCieku="Pasłęka" numerObiektu="56" numerPrzekroju="231" dataPomiaru="10.02.2012" startProstej="-1" koniecProstej="-1">
  <_startProstej>-1</_startProstej>
  <_koniecProstej>-1</_koniecProstej>
  <Koryto rysuj="true" startPikieta="3" endPikieta="9" />
  <Pikiety>
    <Pikieta rysuj="true" numer="231.01" kodTerenu="">
      <X>463</X>
      <Y>163</Y>
      <Punkt>
        <X>642236.7</X>
        <Y>590503.7</Y>
      </Punkt>
      <Rzedna>127.85</Rzedna>
    </Pikieta>
    <Pikieta rysuj="true" numer="231.02" kodTerenu="T01">
      <X>463</X>
      <Y>193</Y>
      <Punkt>
        <X>642232.2</X>
        <Y>590498.7</Y>
      </Punkt>
      <Rzedna>127.58</Rzedna>
    </Pikieta>
    <Pikieta rysuj="true" numer="231.03" kodTerenu="T01">
      <X>463</X>
      <Y>223</Y>
      <Punkt>
        <X>642229.8</X>
        <Y>590496.438</Y>
      </Punkt>
      <Rzedna>126.36</Rzedna>
    </Pikieta>
    <Pikieta rysuj="true" numer="231.04" kodTerenu="K02">
      <X>463</X>
      <Y>253</Y>
      <Punkt>
        <X>642229.7</X>
        <Y>590496.25</Y>
      </Punkt>
      <Rzedna>125.98</Rzedna>
    </Pikieta>
    <Pikieta rysuj="true" numer="231.05" kodTerenu="K02">
      <X>463</X>
      <Y>283</Y>
      <Punkt>
        <X>642229.25</X>
        <Y>590495.6</Y>
      </Punkt>
      <Rzedna>125.85</Rzedna>
    </Pikieta>
    <Pikieta rysuj="true" numer="231.06" kodTerenu="K02">
      <X>463</X>
      <Y>313</Y>
      <Punkt>
        <X>642228.8</X>
        <Y>590495</Y>
      </Punkt>
      <Rzedna>125.85</Rzedna>
    </Pikieta>
    <Pikieta rysuj="true" numer="231.07" kodTerenu="K02">
      <X>463</X>
      <Y>343</Y>
      <Punkt>
        <X>642228.4</X>
        <Y>590494.4</Y>
      </Punkt>
      <Rzedna>125.93</Rzedna>
    </Pikieta>
    <Pikieta rysuj="true" numer="231.08" kodTerenu="K02">
      <X>463</X>
      <Y>373</Y>
      <Punkt>
        <X>642227.8</X>
        <Y>590493.8</Y>
      </Punkt>
      <Rzedna>126.32</Rzedna>
    </Pikieta>
    <Pikieta rysuj="true" numer="231.09" kodTerenu="K02">
      <X>463</X>
      <Y>403</Y>
      <Punkt>
        <X>642227.563</X>
        <Y>590493.6</Y>
      </Punkt>
      <Rzedna>126.36</Rzedna>
    </Pikieta>
    <Pikieta rysuj="true" numer="231.10" kodTerenu="T01">
      <X>463</X>
      <Y>433</Y>
      <Punkt>
        <X>642225.75</X>
        <Y>590491.7</Y>
      </Punkt>
      <Rzedna>127.46</Rzedna>
    </Pikieta>
    <Pikieta rysuj="true" numer="231.11" kodTerenu="T01">
      <X>463</X>
      <Y>463</Y>
      <Punkt>
        <X>642223.1</X>
        <Y>590489.2</Y>
      </Punkt>
      <Rzedna>128.09</Rzedna>
    </Pikieta>
  </Pikiety>
  <Fotografie>
    <Fotografia rysuj="true" numer="231" rotacja="285">
      <X>462</X>
      <Y>88</Y>
    </Fotografia>
  </Fotografie>
  <Skarpy>
    <Skarpa rysuj="true" startPikieta="2" endPikieta="3" brzeg="true" />
    <Skarpa rysuj="true" startPikieta="9" endPikieta="10" brzeg="true" />
  </Skarpy>
  <Drogi />
  <Zabudowy />
  <Teksty />
</SzkicPrzekroju>