<?xml version="1.0" encoding="utf-8"?>
<SzkicPrzekroju xmlns:xsi="http://www.w3.org/2001/XMLSchema-instance" xmlns:xsd="http://www.w3.org/2001/XMLSchema" nazwaCieku="Pasłęka" numerObiektu="56" numerPrzekroju="232" dataPomiaru="10.02.2012" startProstej="-1" koniecProstej="-1">
  <_startProstej>-1</_startProstej>
  <_koniecProstej>-1</_koniecProstej>
  <Koryto rysuj="true" startPikieta="3" endPikieta="9" />
  <Pikiety>
    <Pikieta rysuj="true" numer="232.01" kodTerenu="">
      <X>463</X>
      <Y>163</Y>
      <Punkt>
        <X>642319.4</X>
        <Y>590269.8</Y>
      </Punkt>
      <Rzedna>127.44</Rzedna>
    </Pikieta>
    <Pikieta rysuj="true" numer="232.02" kodTerenu="T01">
      <X>463</X>
      <Y>190</Y>
      <Punkt>
        <X>642314.7</X>
        <Y>590270.063</Y>
      </Punkt>
      <Rzedna>127.37</Rzedna>
    </Pikieta>
    <Pikieta rysuj="true" numer="232.03" kodTerenu="T01">
      <X>463</X>
      <Y>217</Y>
      <Punkt>
        <X>642313.25</X>
        <Y>590270.2</Y>
      </Punkt>
      <Rzedna>126.48</Rzedna>
    </Pikieta>
    <Pikieta rysuj="true" numer="232.04" kodTerenu="K01">
      <X>463</X>
      <Y>244</Y>
      <Punkt>
        <X>642312.75</X>
        <Y>590270.25</Y>
      </Punkt>
      <Rzedna>126.24</Rzedna>
    </Pikieta>
    <Pikieta rysuj="true" numer="232.05" kodTerenu="K01">
      <X>463</X>
      <Y>271</Y>
      <Punkt>
        <X>642312.3</X>
        <Y>590270.438</Y>
      </Punkt>
      <Rzedna>126.18</Rzedna>
    </Pikieta>
    <Pikieta rysuj="true" numer="232.06" kodTerenu="K01">
      <X>463</X>
      <Y>298</Y>
      <Punkt>
        <X>642311.6</X>
        <Y>590270.7</Y>
      </Punkt>
      <Rzedna>126</Rzedna>
    </Pikieta>
    <Pikieta rysuj="true" numer="232.07" kodTerenu="K01">
      <X>463</X>
      <Y>325</Y>
      <Punkt>
        <X>642311</X>
        <Y>590270.9</Y>
      </Punkt>
      <Rzedna>126.13</Rzedna>
    </Pikieta>
    <Pikieta rysuj="true" numer="232.08" kodTerenu="K01">
      <X>463</X>
      <Y>352</Y>
      <Punkt>
        <X>642310.25</X>
        <Y>590271</Y>
      </Punkt>
      <Rzedna>126.25</Rzedna>
    </Pikieta>
    <Pikieta rysuj="true" numer="232.09" kodTerenu="K01">
      <X>463</X>
      <Y>379</Y>
      <Punkt>
        <X>642309.9</X>
        <Y>590271.063</Y>
      </Punkt>
      <Rzedna>126.48</Rzedna>
    </Pikieta>
    <Pikieta rysuj="true" numer="232.10" kodTerenu="T01">
      <X>463</X>
      <Y>406</Y>
      <Punkt>
        <X>642309.2</X>
        <Y>590270.938</Y>
      </Punkt>
      <Rzedna>127.26</Rzedna>
    </Pikieta>
    <Pikieta rysuj="true" numer="232.11" kodTerenu="T01">
      <X>463</X>
      <Y>433</Y>
      <Punkt>
        <X>642303.938</X>
        <Y>590271.438</Y>
      </Punkt>
      <Rzedna>127.71</Rzedna>
    </Pikieta>
    <Pikieta rysuj="true" numer="232.12" kodTerenu="K01">
      <X>367</X>
      <Y>298</Y>
      <Punkt>
        <X>642311.063</X>
        <Y>590268.063</Y>
      </Punkt>
      <Rzedna>126.5</Rzedna>
    </Pikieta>
  </Pikiety>
  <Fotografie>
    <Fotografia rysuj="true" numer="232" rotacja="90">
      <X>458</X>
      <Y>482</Y>
    </Fotografia>
  </Fotografie>
  <Skarpy>
    <Skarpa rysuj="true" startPikieta="2" endPikieta="3" brzeg="true" />
    <Skarpa rysuj="true" startPikieta="9" endPikieta="10" brzeg="true" />
  </Skarpy>
  <Drogi />
  <Zabudowy />
  <Teksty />
</SzkicPrzekroju>