<?xml version="1.0" encoding="utf-8"?>
<SzkicPrzekroju xmlns:xsi="http://www.w3.org/2001/XMLSchema-instance" xmlns:xsd="http://www.w3.org/2001/XMLSchema" nazwaCieku="Pasłęka" numerObiektu="56" numerPrzekroju="233" dataPomiaru="10.02.2012" startProstej="-1" koniecProstej="-1">
  <_startProstej>-1</_startProstej>
  <_koniecProstej>-1</_koniecProstej>
  <Koryto rysuj="true" startPikieta="3" endPikieta="9" />
  <Pikiety>
    <Pikieta rysuj="true" numer="233.01" kodTerenu="">
      <X>463</X>
      <Y>163</Y>
      <Punkt>
        <X>642397.6</X>
        <Y>589877.75</Y>
      </Punkt>
      <Rzedna>127.52</Rzedna>
    </Pikieta>
    <Pikieta rysuj="true" numer="233.02" kodTerenu="T01">
      <X>463</X>
      <Y>193</Y>
      <Punkt>
        <X>642391.2</X>
        <Y>589878.063</Y>
      </Punkt>
      <Rzedna>127.55</Rzedna>
    </Pikieta>
    <Pikieta rysuj="true" numer="233.03" kodTerenu="T01">
      <X>463</X>
      <Y>223</Y>
      <Punkt>
        <X>642389.9</X>
        <Y>589878</Y>
      </Punkt>
      <Rzedna>127.01</Rzedna>
    </Pikieta>
    <Pikieta rysuj="true" numer="233.04" kodTerenu="K01">
      <X>463</X>
      <Y>253</Y>
      <Punkt>
        <X>642389.4</X>
        <Y>589877.938</Y>
      </Punkt>
      <Rzedna>126.87</Rzedna>
    </Pikieta>
    <Pikieta rysuj="true" numer="233.05" kodTerenu="K01">
      <X>463</X>
      <Y>283</Y>
      <Punkt>
        <X>642388.75</X>
        <Y>589878</Y>
      </Punkt>
      <Rzedna>126.63</Rzedna>
    </Pikieta>
    <Pikieta rysuj="true" numer="233.06" kodTerenu="K01">
      <X>463</X>
      <Y>313</Y>
      <Punkt>
        <X>642388.1</X>
        <Y>589878.063</Y>
      </Punkt>
      <Rzedna>126.57</Rzedna>
    </Pikieta>
    <Pikieta rysuj="true" numer="233.07" kodTerenu="K01">
      <X>463</X>
      <Y>343</Y>
      <Punkt>
        <X>642387.7</X>
        <Y>589878.063</Y>
      </Punkt>
      <Rzedna>126.37</Rzedna>
    </Pikieta>
    <Pikieta rysuj="true" numer="233.08" kodTerenu="K01">
      <X>463</X>
      <Y>373</Y>
      <Punkt>
        <X>642387.2</X>
        <Y>589878.2</Y>
      </Punkt>
      <Rzedna>126.49</Rzedna>
    </Pikieta>
    <Pikieta rysuj="true" numer="233.09" kodTerenu="K01">
      <X>463</X>
      <Y>403</Y>
      <Punkt>
        <X>642386.938</X>
        <Y>589878.2</Y>
      </Punkt>
      <Rzedna>127.01</Rzedna>
    </Pikieta>
    <Pikieta rysuj="true" numer="233.10" kodTerenu="T01">
      <X>463</X>
      <Y>433</Y>
      <Punkt>
        <X>642386.063</X>
        <Y>589878.3</Y>
      </Punkt>
      <Rzedna>127.57</Rzedna>
    </Pikieta>
    <Pikieta rysuj="true" numer="233.11" kodTerenu="T01">
      <X>463</X>
      <Y>463</Y>
      <Punkt>
        <X>642381.063</X>
        <Y>589878.563</Y>
      </Punkt>
      <Rzedna>127.67</Rzedna>
    </Pikieta>
  </Pikiety>
  <Fotografie>
    <Fotografia rysuj="true" numer="233" rotacja="90">
      <X>463</X>
      <Y>493</Y>
    </Fotografia>
  </Fotografie>
  <Skarpy>
    <Skarpa rysuj="true" startPikieta="2" endPikieta="3" brzeg="true" />
    <Skarpa rysuj="true" startPikieta="9" endPikieta="10" brzeg="true" />
  </Skarpy>
  <Drogi />
  <Zabudowy />
  <Teksty />
</SzkicPrzekroju>