<?xml version="1.0" encoding="utf-8"?>
<SzkicPrzekroju xmlns:xsi="http://www.w3.org/2001/XMLSchema-instance" xmlns:xsd="http://www.w3.org/2001/XMLSchema" nazwaCieku="Pasłęka" numerObiektu="56" numerPrzekroju="234" dataPomiaru="09.02.2012" startProstej="-1" koniecProstej="-1">
  <_startProstej>-1</_startProstej>
  <_koniecProstej>-1</_koniecProstej>
  <Koryto rysuj="true" startPikieta="3" endPikieta="9" />
  <Pikiety>
    <Pikieta rysuj="true" numer="234.01" kodTerenu="">
      <X>463</X>
      <Y>163</Y>
      <Punkt>
        <X>642052.25</X>
        <Y>589197.25</Y>
      </Punkt>
      <Rzedna>127.95</Rzedna>
    </Pikieta>
    <Pikieta rysuj="true" numer="234.02" kodTerenu="T01">
      <X>463</X>
      <Y>193</Y>
      <Punkt>
        <X>642048.25</X>
        <Y>589198.438</Y>
      </Punkt>
      <Rzedna>127.99</Rzedna>
    </Pikieta>
    <Pikieta rysuj="true" numer="234.03" kodTerenu="T01">
      <X>463</X>
      <Y>223</Y>
      <Punkt>
        <X>642045.8</X>
        <Y>589199</Y>
      </Punkt>
      <Rzedna>128.14</Rzedna>
    </Pikieta>
    <Pikieta rysuj="true" numer="234.04" kodTerenu="K01">
      <X>463</X>
      <Y>253</Y>
      <Punkt>
        <X>642045.4</X>
        <Y>589199.1</Y>
      </Punkt>
      <Rzedna>127.92</Rzedna>
    </Pikieta>
    <Pikieta rysuj="true" numer="234.05" kodTerenu="K01">
      <X>463</X>
      <Y>283</Y>
      <Punkt>
        <X>642044.7</X>
        <Y>589199.438</Y>
      </Punkt>
      <Rzedna>127.85</Rzedna>
    </Pikieta>
    <Pikieta rysuj="true" numer="234.06" kodTerenu="K01">
      <X>463</X>
      <Y>313</Y>
      <Punkt>
        <X>642043.9</X>
        <Y>589199.6</Y>
      </Punkt>
      <Rzedna>127.76</Rzedna>
    </Pikieta>
    <Pikieta rysuj="true" numer="234.07" kodTerenu="K01">
      <X>463</X>
      <Y>343</Y>
      <Punkt>
        <X>642043.1</X>
        <Y>589199.9</Y>
      </Punkt>
      <Rzedna>127.72</Rzedna>
    </Pikieta>
    <Pikieta rysuj="true" numer="234.08" kodTerenu="K01">
      <X>463</X>
      <Y>373</Y>
      <Punkt>
        <X>642042.438</X>
        <Y>589200.063</Y>
      </Punkt>
      <Rzedna>127.88</Rzedna>
    </Pikieta>
    <Pikieta rysuj="true" numer="234.09" kodTerenu="K01">
      <X>463</X>
      <Y>403</Y>
      <Punkt>
        <X>642042.063</X>
        <Y>589200.2</Y>
      </Punkt>
      <Rzedna>128.14</Rzedna>
    </Pikieta>
    <Pikieta rysuj="true" numer="234.10" kodTerenu="T01">
      <X>463</X>
      <Y>433</Y>
      <Punkt>
        <X>642039.5</X>
        <Y>589200.75</Y>
      </Punkt>
      <Rzedna>128.21</Rzedna>
    </Pikieta>
    <Pikieta rysuj="true" numer="234.11" kodTerenu="T01">
      <X>463</X>
      <Y>463</Y>
      <Punkt>
        <X>642036.6</X>
        <Y>589201.438</Y>
      </Punkt>
      <Rzedna>128.02</Rzedna>
    </Pikieta>
  </Pikiety>
  <Fotografie>
    <Fotografia rysuj="true" numer="234" rotacja="90">
      <X>500</X>
      <Y>495</Y>
    </Fotografia>
  </Fotografie>
  <Skarpy>
    <Skarpa rysuj="true" startPikieta="2" endPikieta="3" brzeg="true" />
    <Skarpa rysuj="true" startPikieta="9" endPikieta="10" brzeg="true" />
  </Skarpy>
  <Drogi />
  <Zabudowy />
  <Teksty />
</SzkicPrzekroju>