<?xml version="1.0" encoding="utf-8"?>
<SzkicPrzekroju xmlns:xsi="http://www.w3.org/2001/XMLSchema-instance" xmlns:xsd="http://www.w3.org/2001/XMLSchema" nazwaCieku="Pasłęka" numerObiektu="56" numerPrzekroju="235" dataPomiaru="09.02.2012" startProstej="-1" koniecProstej="-1">
  <_startProstej>-1</_startProstej>
  <_koniecProstej>-1</_koniecProstej>
  <Koryto rysuj="true" startPikieta="4" endPikieta="10" />
  <Pikiety>
    <Pikieta rysuj="true" numer="235.01" kodTerenu="">
      <X>463</X>
      <Y>163</Y>
      <Punkt>
        <X>642080.5</X>
        <Y>588292.25</Y>
      </Punkt>
      <Rzedna>132.28</Rzedna>
    </Pikieta>
    <Pikieta rysuj="true" numer="235.02" kodTerenu="T04">
      <X>463</X>
      <Y>190</Y>
      <Punkt>
        <X>642075.938</X>
        <Y>588293.5</Y>
      </Punkt>
      <Rzedna>132.08</Rzedna>
    </Pikieta>
    <Pikieta rysuj="true" numer="235.03" kodTerenu="T04">
      <X>463</X>
      <Y>217</Y>
      <Punkt>
        <X>642075.25</X>
        <Y>588293.7</Y>
      </Punkt>
      <Rzedna>131.79</Rzedna>
    </Pikieta>
    <Pikieta rysuj="true" numer="235.04" kodTerenu="T04">
      <X>463</X>
      <Y>244</Y>
      <Punkt>
        <X>642074.6</X>
        <Y>588293.8</Y>
      </Punkt>
      <Rzedna>130.59</Rzedna>
    </Pikieta>
    <Pikieta rysuj="true" numer="235.05" kodTerenu="K02">
      <X>463</X>
      <Y>271</Y>
      <Punkt>
        <X>642073.9</X>
        <Y>588294.2</Y>
      </Punkt>
      <Rzedna>130.52</Rzedna>
    </Pikieta>
    <Pikieta rysuj="true" numer="235.06" kodTerenu="K03">
      <X>463</X>
      <Y>298</Y>
      <Punkt>
        <X>642072.563</X>
        <Y>588294.7</Y>
      </Punkt>
      <Rzedna>130.62</Rzedna>
    </Pikieta>
    <Pikieta rysuj="true" numer="235.07" kodTerenu="K02">
      <X>463</X>
      <Y>325</Y>
      <Punkt>
        <X>642071.1</X>
        <Y>588295</Y>
      </Punkt>
      <Rzedna>130.47</Rzedna>
    </Pikieta>
    <Pikieta rysuj="true" numer="235.08" kodTerenu="K02">
      <X>463</X>
      <Y>352</Y>
      <Punkt>
        <X>642070</X>
        <Y>588295.3</Y>
      </Punkt>
      <Rzedna>130.77</Rzedna>
    </Pikieta>
    <Pikieta rysuj="true" numer="235.09" kodTerenu="K01">
      <X>463</X>
      <Y>379</Y>
      <Punkt>
        <X>642068.9</X>
        <Y>588295.563</Y>
      </Punkt>
      <Rzedna>130.48</Rzedna>
    </Pikieta>
    <Pikieta rysuj="true" numer="235.10" kodTerenu="K01">
      <X>463</X>
      <Y>406</Y>
      <Punkt>
        <X>642068.6</X>
        <Y>588295.7</Y>
      </Punkt>
      <Rzedna>130.59</Rzedna>
    </Pikieta>
    <Pikieta rysuj="true" numer="235.11" kodTerenu="T04">
      <X>463</X>
      <Y>433</Y>
      <Punkt>
        <X>642066.9</X>
        <Y>588296.063</Y>
      </Punkt>
      <Rzedna>131.6</Rzedna>
    </Pikieta>
    <Pikieta rysuj="true" numer="235.12" kodTerenu="T04">
      <X>463</X>
      <Y>460</Y>
      <Punkt>
        <X>642061.5</X>
        <Y>588296.9</Y>
      </Punkt>
      <Rzedna>132.76</Rzedna>
    </Pikieta>
  </Pikiety>
  <Fotografie>
    <Fotografia rysuj="true" numer="235" rotacja="70">
      <X>427</X>
      <Y>485</Y>
    </Fotografia>
  </Fotografie>
  <Skarpy>
    <Skarpa rysuj="true" startPikieta="3" endPikieta="4" brzeg="true" />
    <Skarpa rysuj="true" startPikieta="10" endPikieta="11" brzeg="true" />
  </Skarpy>
  <Drogi />
  <Zabudowy />
  <Teksty />
</SzkicPrzekroju>