<?xml version="1.0" encoding="utf-8"?>
<SzkicPrzekroju xmlns:xsi="http://www.w3.org/2001/XMLSchema-instance" xmlns:xsd="http://www.w3.org/2001/XMLSchema" nazwaCieku="Pasłęka" numerObiektu="56" numerPrzekroju="236" dataPomiaru="28.02.2012" startProstej="-1" koniecProstej="-1">
  <_startProstej>-1</_startProstej>
  <_koniecProstej>-1</_koniecProstej>
  <Koryto rysuj="true" startPikieta="5" endPikieta="11" />
  <Pikiety>
    <Pikieta rysuj="true" numer="236.01" kodTerenu="">
      <X>463</X>
      <Y>163</Y>
      <Punkt>
        <X>641658</X>
        <Y>587773.5</Y>
      </Punkt>
      <Rzedna>147.95</Rzedna>
    </Pikieta>
    <Pikieta rysuj="true" numer="236.02" kodTerenu="T04">
      <X>463</X>
      <Y>186</Y>
      <Punkt>
        <X>641654.2</X>
        <Y>587779.75</Y>
      </Punkt>
      <Rzedna>147.97</Rzedna>
    </Pikieta>
    <Pikieta rysuj="true" numer="236.03" kodTerenu="T04">
      <X>463</X>
      <Y>209</Y>
      <Punkt>
        <X>641649.7</X>
        <Y>587792.25</Y>
      </Punkt>
      <Rzedna>140.72</Rzedna>
    </Pikieta>
    <Pikieta rysuj="true" numer="236.04" kodTerenu="T04">
      <X>463</X>
      <Y>232</Y>
      <Punkt>
        <X>641649.4</X>
        <Y>587793</Y>
      </Punkt>
      <Rzedna>140.39</Rzedna>
    </Pikieta>
    <Pikieta rysuj="true" numer="236.05" kodTerenu="T04">
      <X>463</X>
      <Y>255</Y>
      <Punkt>
        <X>641649.2</X>
        <Y>587793.8</Y>
      </Punkt>
      <Rzedna>139.51</Rzedna>
    </Pikieta>
    <Pikieta rysuj="true" numer="236.06" kodTerenu="K02">
      <X>463</X>
      <Y>278</Y>
      <Punkt>
        <X>641649.1</X>
        <Y>587793.938</Y>
      </Punkt>
      <Rzedna>139.41</Rzedna>
    </Pikieta>
    <Pikieta rysuj="true" numer="236.07" kodTerenu="K02">
      <X>463</X>
      <Y>301</Y>
      <Punkt>
        <X>641649</X>
        <Y>587794.4</Y>
      </Punkt>
      <Rzedna>139.38</Rzedna>
    </Pikieta>
    <Pikieta rysuj="true" numer="236.08" kodTerenu="K02">
      <X>463</X>
      <Y>324</Y>
      <Punkt>
        <X>641648.8</X>
        <Y>587794.9</Y>
      </Punkt>
      <Rzedna>139.36</Rzedna>
    </Pikieta>
    <Pikieta rysuj="true" numer="236.09" kodTerenu="K02">
      <X>463</X>
      <Y>347</Y>
      <Punkt>
        <X>641648.75</X>
        <Y>587795.4</Y>
      </Punkt>
      <Rzedna>139.46</Rzedna>
    </Pikieta>
    <Pikieta rysuj="true" numer="236.10" kodTerenu="K02">
      <X>463</X>
      <Y>370</Y>
      <Punkt>
        <X>641648.75</X>
        <Y>587795.75</Y>
      </Punkt>
      <Rzedna>139.53</Rzedna>
    </Pikieta>
    <Pikieta rysuj="true" numer="236.11" kodTerenu="K02">
      <X>463</X>
      <Y>393</Y>
      <Punkt>
        <X>641648.75</X>
        <Y>587795.938</Y>
      </Punkt>
      <Rzedna>139.51</Rzedna>
    </Pikieta>
    <Pikieta rysuj="true" numer="236.12" kodTerenu="T04">
      <X>463</X>
      <Y>416</Y>
      <Punkt>
        <X>641648.5</X>
        <Y>587796.75</Y>
      </Punkt>
      <Rzedna>140.02</Rzedna>
    </Pikieta>
    <Pikieta rysuj="true" numer="236.13" kodTerenu="T04">
      <X>463</X>
      <Y>439</Y>
      <Punkt>
        <X>641646.938</X>
        <Y>587811.563</Y>
      </Punkt>
      <Rzedna>148.48</Rzedna>
    </Pikieta>
    <Pikieta rysuj="true" numer="236.14" kodTerenu="T04">
      <X>463</X>
      <Y>462</Y>
      <Punkt>
        <X>641645.063</X>
        <Y>587819.563</Y>
      </Punkt>
      <Rzedna>148.87</Rzedna>
    </Pikieta>
  </Pikiety>
  <Fotografie>
    <Fotografia rysuj="true" numer="235" rotacja="50">
      <X>308</X>
      <Y>508</Y>
    </Fotografia>
  </Fotografie>
  <Skarpy>
    <Skarpa rysuj="true" startPikieta="4" endPikieta="5" brzeg="true" />
    <Skarpa rysuj="true" startPikieta="11" endPikieta="12" brzeg="true" />
    <Skarpa rysuj="true" startPikieta="3" endPikieta="4" brzeg="false" />
    <Skarpa rysuj="true" startPikieta="12" endPikieta="13" brzeg="false" />
  </Skarpy>
  <Drogi />
  <Zabudowy />
  <Teksty />
</SzkicPrzekroju>