<?xml version="1.0" encoding="utf-8"?>
<SzkicPrzekroju xmlns:xsi="http://www.w3.org/2001/XMLSchema-instance" xmlns:xsd="http://www.w3.org/2001/XMLSchema" nazwaCieku="Pasłęka" numerObiektu="56" numerPrzekroju="237" dataPomiaru="09.02.2012" startProstej="-1" koniecProstej="-1">
  <_startProstej>-1</_startProstej>
  <_koniecProstej>-1</_koniecProstej>
  <Koryto rysuj="true" startPikieta="3" endPikieta="8" />
  <Pikiety>
    <Pikieta rysuj="true" numer="237.01" kodTerenu="">
      <X>463</X>
      <Y>163</Y>
      <Punkt>
        <X>641568.4</X>
        <Y>587563.063</Y>
      </Punkt>
      <Rzedna>141.94</Rzedna>
    </Pikieta>
    <Pikieta rysuj="true" numer="237.02" kodTerenu="T04">
      <X>463</X>
      <Y>196</Y>
      <Punkt>
        <X>641567.3</X>
        <Y>587568.8</Y>
      </Punkt>
      <Rzedna>141.81</Rzedna>
    </Pikieta>
    <Pikieta rysuj="true" numer="237.03" kodTerenu="T04">
      <X>463</X>
      <Y>229</Y>
      <Punkt>
        <X>641566.6</X>
        <Y>587570.5</Y>
      </Punkt>
      <Rzedna>141.44</Rzedna>
    </Pikieta>
    <Pikieta rysuj="true" numer="237.04" kodTerenu="K02">
      <X>463</X>
      <Y>262</Y>
      <Punkt>
        <X>641566.2</X>
        <Y>587571.5</Y>
      </Punkt>
      <Rzedna>141.36</Rzedna>
    </Pikieta>
    <Pikieta rysuj="true" numer="237.05" kodTerenu="K02">
      <X>463</X>
      <Y>295</Y>
      <Punkt>
        <X>641566.1</X>
        <Y>587572.25</Y>
      </Punkt>
      <Rzedna>141.06</Rzedna>
    </Pikieta>
    <Pikieta rysuj="true" numer="237.06" kodTerenu="K02">
      <X>463</X>
      <Y>328</Y>
      <Punkt>
        <X>641566.1</X>
        <Y>587573.1</Y>
      </Punkt>
      <Rzedna>141.09</Rzedna>
    </Pikieta>
    <Pikieta rysuj="true" numer="237.07" kodTerenu="K02">
      <X>463</X>
      <Y>361</Y>
      <Punkt>
        <X>641565.8</X>
        <Y>587573.8</Y>
      </Punkt>
      <Rzedna>141.25</Rzedna>
    </Pikieta>
    <Pikieta rysuj="true" numer="237.08" kodTerenu="K02">
      <X>463</X>
      <Y>394</Y>
      <Punkt>
        <X>641565.6</X>
        <Y>587574.4</Y>
      </Punkt>
      <Rzedna>141.44</Rzedna>
    </Pikieta>
    <Pikieta rysuj="true" numer="237.09" kodTerenu="T04">
      <X>463</X>
      <Y>427</Y>
      <Punkt>
        <X>641564.4</X>
        <Y>587576.4</Y>
      </Punkt>
      <Rzedna>141.82</Rzedna>
    </Pikieta>
    <Pikieta rysuj="true" numer="237.10" kodTerenu="T04">
      <X>463</X>
      <Y>460</Y>
      <Punkt>
        <X>641564.25</X>
        <Y>587581.75</Y>
      </Punkt>
      <Rzedna>141.9</Rzedna>
    </Pikieta>
  </Pikiety>
  <Fotografie>
    <Fotografia rysuj="true" numer="237" rotacja="90">
      <X>463</X>
      <Y>493</Y>
    </Fotografia>
  </Fotografie>
  <Skarpy>
    <Skarpa rysuj="true" startPikieta="2" endPikieta="3" brzeg="true" />
    <Skarpa rysuj="true" startPikieta="8" endPikieta="9" brzeg="true" />
  </Skarpy>
  <Drogi />
  <Zabudowy />
  <Teksty />
</SzkicPrzekroju>