<?xml version="1.0" encoding="utf-8"?>
<SzkicPrzekroju xmlns:xsi="http://www.w3.org/2001/XMLSchema-instance" xmlns:xsd="http://www.w3.org/2001/XMLSchema" nazwaCieku="Pasłęka" numerObiektu="56" numerPrzekroju="238" dataPomiaru="08.02.2012" startProstej="-1" koniecProstej="-1">
  <_startProstej>-1</_startProstej>
  <_koniecProstej>-1</_koniecProstej>
  <Koryto rysuj="true" startPikieta="3" endPikieta="7" />
  <Pikiety>
    <Pikieta rysuj="true" numer="238.01" kodTerenu="">
      <X>463</X>
      <Y>163</Y>
      <Punkt>
        <X>641316.938</X>
        <Y>587883.438</Y>
      </Punkt>
      <Rzedna>144.01</Rzedna>
    </Pikieta>
    <Pikieta rysuj="true" numer="238.02" kodTerenu="T04">
      <X>463</X>
      <Y>196</Y>
      <Punkt>
        <X>641318.7</X>
        <Y>587888.6</Y>
      </Punkt>
      <Rzedna>144.24</Rzedna>
    </Pikieta>
    <Pikieta rysuj="true" numer="238.03" kodTerenu="T04">
      <X>463</X>
      <Y>229</Y>
      <Punkt>
        <X>641319.063</X>
        <Y>587889.8</Y>
      </Punkt>
      <Rzedna>144</Rzedna>
    </Pikieta>
    <Pikieta rysuj="true" numer="238.04" kodTerenu="K02">
      <X>463</X>
      <Y>262</Y>
      <Punkt>
        <X>641319.3</X>
        <Y>587890.3</Y>
      </Punkt>
      <Rzedna>143.73</Rzedna>
    </Pikieta>
    <Pikieta rysuj="true" numer="238.05" kodTerenu="K02">
      <X>463</X>
      <Y>295</Y>
      <Punkt>
        <X>641319.5</X>
        <Y>587890.8</Y>
      </Punkt>
      <Rzedna>143.68</Rzedna>
    </Pikieta>
    <Pikieta rysuj="true" numer="238.06" kodTerenu="K02">
      <X>463</X>
      <Y>328</Y>
      <Punkt>
        <X>641319.8</X>
        <Y>587891.4</Y>
      </Punkt>
      <Rzedna>143.75</Rzedna>
    </Pikieta>
    <Pikieta rysuj="true" numer="238.07" kodTerenu="K02">
      <X>463</X>
      <Y>361</Y>
      <Punkt>
        <X>641320</X>
        <Y>587892.063</Y>
      </Punkt>
      <Rzedna>144</Rzedna>
    </Pikieta>
    <Pikieta rysuj="true" numer="238.08" kodTerenu="T04">
      <X>463</X>
      <Y>394</Y>
      <Punkt>
        <X>641320.3</X>
        <Y>587893.563</Y>
      </Punkt>
      <Rzedna>144.43</Rzedna>
    </Pikieta>
    <Pikieta rysuj="true" numer="238.09" kodTerenu="T04">
      <X>463</X>
      <Y>427</Y>
      <Punkt>
        <X>641321</X>
        <Y>587896.1</Y>
      </Punkt>
      <Rzedna>144.72</Rzedna>
    </Pikieta>
    <Pikieta rysuj="true" numer="238.10" kodTerenu="T04">
      <X>463</X>
      <Y>460</Y>
      <Punkt>
        <X>641321.438</X>
        <Y>587897.7</Y>
      </Punkt>
      <Rzedna>145.15</Rzedna>
    </Pikieta>
  </Pikiety>
  <Fotografie>
    <Fotografia rysuj="true" numer="238" rotacja="100">
      <X>530</X>
      <Y>493</Y>
    </Fotografia>
  </Fotografie>
  <Skarpy>
    <Skarpa rysuj="true" startPikieta="2" endPikieta="3" brzeg="true" />
    <Skarpa rysuj="true" startPikieta="7" endPikieta="8" brzeg="true" />
  </Skarpy>
  <Drogi />
  <Zabudowy />
  <Teksty />
</SzkicPrzekroju>