<?xml version="1.0" encoding="utf-8"?>
<SzkicPrzekroju xmlns:xsi="http://www.w3.org/2001/XMLSchema-instance" xmlns:xsd="http://www.w3.org/2001/XMLSchema" nazwaCieku="Pasłęka" numerObiektu="56" numerPrzekroju="239" dataPomiaru="08.02.2012" startProstej="-1" koniecProstej="-1">
  <_startProstej>-1</_startProstej>
  <_koniecProstej>-1</_koniecProstej>
  <Koryto rysuj="true" startPikieta="3" endPikieta="9" />
  <Pikiety>
    <Pikieta rysuj="true" numer="239.01" kodTerenu="">
      <X>463</X>
      <Y>163</Y>
      <Punkt>
        <X>641023</X>
        <Y>587530.7</Y>
      </Punkt>
      <Rzedna>146.78</Rzedna>
    </Pikieta>
    <Pikieta rysuj="true" numer="239.02" kodTerenu="T04">
      <X>463</X>
      <Y>190</Y>
      <Punkt>
        <X>641023.7</X>
        <Y>587533.563</Y>
      </Punkt>
      <Rzedna>146.96</Rzedna>
    </Pikieta>
    <Pikieta rysuj="true" numer="239.03" kodTerenu="T04">
      <X>463</X>
      <Y>217</Y>
      <Punkt>
        <X>641024.4</X>
        <Y>587536.563</Y>
      </Punkt>
      <Rzedna>146.94</Rzedna>
    </Pikieta>
    <Pikieta rysuj="true" numer="239.04" kodTerenu="K01">
      <X>463</X>
      <Y>244</Y>
      <Punkt>
        <X>641024.3</X>
        <Y>587536.8</Y>
      </Punkt>
      <Rzedna>146.55</Rzedna>
    </Pikieta>
    <Pikieta rysuj="true" numer="239.05" kodTerenu="K01">
      <X>463</X>
      <Y>271</Y>
      <Punkt>
        <X>641024.438</X>
        <Y>587537.25</Y>
      </Punkt>
      <Rzedna>146.16</Rzedna>
    </Pikieta>
    <Pikieta rysuj="true" numer="239.06" kodTerenu="K01">
      <X>463</X>
      <Y>298</Y>
      <Punkt>
        <X>641024.5</X>
        <Y>587537.75</Y>
      </Punkt>
      <Rzedna>146.1</Rzedna>
    </Pikieta>
    <Pikieta rysuj="true" numer="239.07" kodTerenu="K01">
      <X>463</X>
      <Y>325</Y>
      <Punkt>
        <X>641024.5</X>
        <Y>587538.563</Y>
      </Punkt>
      <Rzedna>146.36</Rzedna>
    </Pikieta>
    <Pikieta rysuj="true" numer="239.08" kodTerenu="K01">
      <X>463</X>
      <Y>352</Y>
      <Punkt>
        <X>641024.75</X>
        <Y>587539</Y>
      </Punkt>
      <Rzedna>146.27</Rzedna>
    </Pikieta>
    <Pikieta rysuj="true" numer="239.09" kodTerenu="K01">
      <X>463</X>
      <Y>379</Y>
      <Punkt>
        <X>641024.8</X>
        <Y>587539.4</Y>
      </Punkt>
      <Rzedna>146.95</Rzedna>
    </Pikieta>
    <Pikieta rysuj="true" numer="239.10" kodTerenu="T04">
      <X>463</X>
      <Y>406</Y>
      <Punkt>
        <X>641025</X>
        <Y>587540.1</Y>
      </Punkt>
      <Rzedna>147.07</Rzedna>
    </Pikieta>
    <Pikieta rysuj="true" numer="239.11" kodTerenu="T04">
      <X>463</X>
      <Y>433</Y>
      <Punkt>
        <X>641025.75</X>
        <Y>587545.75</Y>
      </Punkt>
      <Rzedna>146.84</Rzedna>
    </Pikieta>
    <Pikieta rysuj="true" numer="239.12" kodTerenu="K01">
      <X>572</X>
      <Y>298</Y>
      <Punkt>
        <X>641029.4</X>
        <Y>587537.6</Y>
      </Punkt>
      <Rzedna>146.91</Rzedna>
    </Pikieta>
  </Pikiety>
  <Fotografie>
    <Fotografia rysuj="true" numer="239" rotacja="75">
      <X>456</X>
      <Y>500</Y>
    </Fotografia>
  </Fotografie>
  <Skarpy>
    <Skarpa rysuj="true" startPikieta="2" endPikieta="3" brzeg="true" />
    <Skarpa rysuj="true" startPikieta="9" endPikieta="10" brzeg="true" />
  </Skarpy>
  <Drogi />
  <Zabudowy />
  <Teksty />
</SzkicPrzekroju>