<?xml version="1.0" encoding="utf-8"?>
<SzkicPrzekroju xmlns:xsi="http://www.w3.org/2001/XMLSchema-instance" xmlns:xsd="http://www.w3.org/2001/XMLSchema" nazwaCieku="Pasłęka" numerObiektu="56" numerPrzekroju="240" dataPomiaru="07.02.2012" startProstej="-1" koniecProstej="-1">
  <_startProstej>-1</_startProstej>
  <_koniecProstej>-1</_koniecProstej>
  <Koryto rysuj="true" startPikieta="3" endPikieta="9" />
  <Pikiety>
    <Pikieta rysuj="true" numer="240.01" kodTerenu="">
      <X>463</X>
      <Y>163</Y>
      <Punkt>
        <X>640647.5</X>
        <Y>587558</Y>
      </Punkt>
      <Rzedna>147.86</Rzedna>
    </Pikieta>
    <Pikieta rysuj="true" numer="240.02" kodTerenu="T01">
      <X>463</X>
      <Y>193</Y>
      <Punkt>
        <X>640648.7</X>
        <Y>587563.938</Y>
      </Punkt>
      <Rzedna>147.89</Rzedna>
    </Pikieta>
    <Pikieta rysuj="true" numer="240.03" kodTerenu="T01">
      <X>463</X>
      <Y>223</Y>
      <Punkt>
        <X>640648.938</X>
        <Y>587564.9</Y>
      </Punkt>
      <Rzedna>147.88</Rzedna>
    </Pikieta>
    <Pikieta rysuj="true" numer="240.04" kodTerenu="K01">
      <X>463</X>
      <Y>253</Y>
      <Punkt>
        <X>640649</X>
        <Y>587565.3</Y>
      </Punkt>
      <Rzedna>147.65</Rzedna>
    </Pikieta>
    <Pikieta rysuj="true" numer="240.05" kodTerenu="K01">
      <X>463</X>
      <Y>283</Y>
      <Punkt>
        <X>640649</X>
        <Y>587566.063</Y>
      </Punkt>
      <Rzedna>147.22</Rzedna>
    </Pikieta>
    <Pikieta rysuj="true" numer="240.06" kodTerenu="K01">
      <X>463</X>
      <Y>313</Y>
      <Punkt>
        <X>640649</X>
        <Y>587566.6</Y>
      </Punkt>
      <Rzedna>147.19</Rzedna>
    </Pikieta>
    <Pikieta rysuj="true" numer="240.07" kodTerenu="K01">
      <X>463</X>
      <Y>343</Y>
      <Punkt>
        <X>640649.2</X>
        <Y>587567.3</Y>
      </Punkt>
      <Rzedna>147.5</Rzedna>
    </Pikieta>
    <Pikieta rysuj="true" numer="240.08" kodTerenu="K01">
      <X>463</X>
      <Y>373</Y>
      <Punkt>
        <X>640649.438</X>
        <Y>587567.938</Y>
      </Punkt>
      <Rzedna>147.28</Rzedna>
    </Pikieta>
    <Pikieta rysuj="true" numer="240.09" kodTerenu="K01">
      <X>463</X>
      <Y>403</Y>
      <Punkt>
        <X>640649.563</X>
        <Y>587568.1</Y>
      </Punkt>
      <Rzedna>147.88</Rzedna>
    </Pikieta>
    <Pikieta rysuj="true" numer="240.10" kodTerenu="T01">
      <X>463</X>
      <Y>433</Y>
      <Punkt>
        <X>640650.063</X>
        <Y>587569.8</Y>
      </Punkt>
      <Rzedna>148.06</Rzedna>
    </Pikieta>
    <Pikieta rysuj="true" numer="240.11" kodTerenu="T01">
      <X>463</X>
      <Y>463</Y>
      <Punkt>
        <X>640651.063</X>
        <Y>587574.8</Y>
      </Punkt>
      <Rzedna>147.86</Rzedna>
    </Pikieta>
  </Pikiety>
  <Fotografie>
    <Fotografia rysuj="true" numer="240" rotacja="290">
      <X>449</X>
      <Y>107</Y>
    </Fotografia>
  </Fotografie>
  <Skarpy>
    <Skarpa rysuj="true" startPikieta="2" endPikieta="3" brzeg="true" />
    <Skarpa rysuj="true" startPikieta="9" endPikieta="10" brzeg="true" />
  </Skarpy>
  <Drogi />
  <Zabudowy />
  <Teksty />
</SzkicPrzekroju>