<?xml version="1.0" encoding="utf-8"?>
<SzkicPrzekroju xmlns:xsi="http://www.w3.org/2001/XMLSchema-instance" xmlns:xsd="http://www.w3.org/2001/XMLSchema" nazwaCieku="Pasłęka" numerObiektu="56" numerPrzekroju="241" dataPomiaru="07.02.2012" startProstej="-1" koniecProstej="-1">
  <_startProstej>-1</_startProstej>
  <_koniecProstej>-1</_koniecProstej>
  <Koryto rysuj="true" startPikieta="3" endPikieta="9" />
  <Pikiety>
    <Pikieta rysuj="true" numer="241.01" kodTerenu="">
      <X>463</X>
      <Y>163</Y>
      <Punkt>
        <X>640298.2</X>
        <Y>587778.938</Y>
      </Punkt>
      <Rzedna>149.79</Rzedna>
    </Pikieta>
    <Pikieta rysuj="true" numer="241.02" kodTerenu="T04">
      <X>463</X>
      <Y>190</Y>
      <Punkt>
        <X>640300.5</X>
        <Y>587785.4</Y>
      </Punkt>
      <Rzedna>149.67</Rzedna>
    </Pikieta>
    <Pikieta rysuj="true" numer="241.03" kodTerenu="T04">
      <X>463</X>
      <Y>217</Y>
      <Punkt>
        <X>640301</X>
        <Y>587786.938</Y>
      </Punkt>
      <Rzedna>149.4</Rzedna>
    </Pikieta>
    <Pikieta rysuj="true" numer="241.04" kodTerenu="K01">
      <X>463</X>
      <Y>244</Y>
      <Punkt>
        <X>640301.063</X>
        <Y>587787.2</Y>
      </Punkt>
      <Rzedna>149.28</Rzedna>
    </Pikieta>
    <Pikieta rysuj="true" numer="241.05" kodTerenu="K01">
      <X>463</X>
      <Y>271</Y>
      <Punkt>
        <X>640301.438</X>
        <Y>587788.5</Y>
      </Punkt>
      <Rzedna>149.23</Rzedna>
    </Pikieta>
    <Pikieta rysuj="true" numer="241.06" kodTerenu="K01">
      <X>463</X>
      <Y>298</Y>
      <Punkt>
        <X>640301.7</X>
        <Y>587789.5</Y>
      </Punkt>
      <Rzedna>149.24</Rzedna>
    </Pikieta>
    <Pikieta rysuj="true" numer="241.07" kodTerenu="K01">
      <X>463</X>
      <Y>325</Y>
      <Punkt>
        <X>640302.1</X>
        <Y>587790.3</Y>
      </Punkt>
      <Rzedna>149.22</Rzedna>
    </Pikieta>
    <Pikieta rysuj="true" numer="241.08" kodTerenu="K01">
      <X>463</X>
      <Y>352</Y>
      <Punkt>
        <X>640302.4</X>
        <Y>587791.1</Y>
      </Punkt>
      <Rzedna>149.15</Rzedna>
    </Pikieta>
    <Pikieta rysuj="true" numer="241.09" kodTerenu="K01">
      <X>463</X>
      <Y>379</Y>
      <Punkt>
        <X>640302.438</X>
        <Y>587791.25</Y>
      </Punkt>
      <Rzedna>149.4</Rzedna>
    </Pikieta>
    <Pikieta rysuj="true" numer="241.10" kodTerenu="T01">
      <X>463</X>
      <Y>406</Y>
      <Punkt>
        <X>640302.563</X>
        <Y>587792.25</Y>
      </Punkt>
      <Rzedna>149.66</Rzedna>
    </Pikieta>
    <Pikieta rysuj="true" numer="241.11" kodTerenu="T01">
      <X>463</X>
      <Y>433</Y>
      <Punkt>
        <X>640303.563</X>
        <Y>587795.563</Y>
      </Punkt>
      <Rzedna>149.64</Rzedna>
    </Pikieta>
    <Pikieta rysuj="true" numer="241.12" kodTerenu="T01">
      <X>463</X>
      <Y>460</Y>
      <Punkt>
        <X>640305</X>
        <Y>587799.563</Y>
      </Punkt>
      <Rzedna>149.61</Rzedna>
    </Pikieta>
  </Pikiety>
  <Fotografie>
    <Fotografia rysuj="true" numer="241" rotacja="105">
      <X>594</X>
      <Y>482</Y>
    </Fotografia>
  </Fotografie>
  <Skarpy>
    <Skarpa rysuj="true" startPikieta="2" endPikieta="3" brzeg="true" />
    <Skarpa rysuj="true" startPikieta="9" endPikieta="10" brzeg="true" />
  </Skarpy>
  <Drogi />
  <Zabudowy />
  <Teksty />
</SzkicPrzekroju>