<?xml version="1.0" encoding="utf-8"?>
<SzkicPrzekroju xmlns:xsi="http://www.w3.org/2001/XMLSchema-instance" xmlns:xsd="http://www.w3.org/2001/XMLSchema" nazwaCieku="Pasłęka" numerObiektu="56" numerPrzekroju="242" dataPomiaru="07.02.2012" startProstej="-1" koniecProstej="-1">
  <_startProstej>-1</_startProstej>
  <_koniecProstej>-1</_koniecProstej>
  <Koryto rysuj="true" startPikieta="5" endPikieta="11" />
  <Pikiety>
    <Pikieta rysuj="true" numer="242.01" kodTerenu="">
      <X>463</X>
      <Y>163</Y>
      <Punkt>
        <X>639967.75</X>
        <Y>587665</Y>
      </Punkt>
      <Rzedna>154.83</Rzedna>
    </Pikieta>
    <Pikieta rysuj="true" numer="242.02" kodTerenu="T12">
      <X>463</X>
      <Y>184</Y>
      <Punkt>
        <X>639966.438</X>
        <Y>587665</Y>
      </Punkt>
      <Rzedna>154.83</Rzedna>
    </Pikieta>
    <Pikieta rysuj="true" numer="242.03" kodTerenu="T12">
      <X>463</X>
      <Y>205</Y>
      <Punkt>
        <X>639965.2</X>
        <Y>587665.063</Y>
      </Punkt>
      <Rzedna>154.89</Rzedna>
    </Pikieta>
    <Pikieta rysuj="true" numer="242.04" kodTerenu="T02">
      <X>463</X>
      <Y>226</Y>
      <Punkt>
        <X>639964</X>
        <Y>587665.3</Y>
      </Punkt>
      <Rzedna>154.98</Rzedna>
    </Pikieta>
    <Pikieta rysuj="true" numer="242.05" kodTerenu="T02">
      <X>463</X>
      <Y>247</Y>
      <Punkt>
        <X>639958</X>
        <Y>587665.6</Y>
      </Punkt>
      <Rzedna>152.6</Rzedna>
    </Pikieta>
    <Pikieta rysuj="true" numer="242.06" kodTerenu="K01">
      <X>463</X>
      <Y>268</Y>
      <Punkt>
        <X>639957.938</X>
        <Y>587665.75</Y>
      </Punkt>
      <Rzedna>152.42</Rzedna>
    </Pikieta>
    <Pikieta rysuj="true" numer="242.07" kodTerenu="K01">
      <X>463</X>
      <Y>289</Y>
      <Punkt>
        <X>639957.5</X>
        <Y>587665.7</Y>
      </Punkt>
      <Rzedna>152.23</Rzedna>
    </Pikieta>
    <Pikieta rysuj="true" numer="242.08" kodTerenu="K01">
      <X>463</X>
      <Y>310</Y>
      <Punkt>
        <X>639957</X>
        <Y>587665.8</Y>
      </Punkt>
      <Rzedna>152.17</Rzedna>
    </Pikieta>
    <Pikieta rysuj="true" numer="242.09" kodTerenu="K01">
      <X>463</X>
      <Y>331</Y>
      <Punkt>
        <X>639956.3</X>
        <Y>587665.938</Y>
      </Punkt>
      <Rzedna>152.22</Rzedna>
    </Pikieta>
    <Pikieta rysuj="true" numer="242.10" kodTerenu="K01">
      <X>463</X>
      <Y>352</Y>
      <Punkt>
        <X>639955.75</X>
        <Y>587665.9</Y>
      </Punkt>
      <Rzedna>152.45</Rzedna>
    </Pikieta>
    <Pikieta rysuj="true" numer="242.11" kodTerenu="K01">
      <X>463</X>
      <Y>373</Y>
      <Punkt>
        <X>639955.6</X>
        <Y>587665.938</Y>
      </Punkt>
      <Rzedna>152.6</Rzedna>
    </Pikieta>
    <Pikieta rysuj="true" numer="242.12" kodTerenu="T07">
      <X>463</X>
      <Y>394</Y>
      <Punkt>
        <X>639954.563</X>
        <Y>587666.25</Y>
      </Punkt>
      <Rzedna>153.18</Rzedna>
    </Pikieta>
    <Pikieta rysuj="true" numer="242.13" kodTerenu="T07">
      <X>463</X>
      <Y>415</Y>
      <Punkt>
        <X>639948.438</X>
        <Y>587667.2</Y>
      </Punkt>
      <Rzedna>153.73</Rzedna>
    </Pikieta>
    <Pikieta rysuj="true" numer="242.14" kodTerenu="K01">
      <X>373</X>
      <Y>310</Y>
      <Punkt>
        <X>639957</X>
        <Y>587663.063</Y>
      </Punkt>
      <Rzedna>152.19</Rzedna>
    </Pikieta>
    <Pikieta rysuj="true" numer="242.15" kodTerenu="K01">
      <X>541</X>
      <Y>310</Y>
      <Punkt>
        <X>639957</X>
        <Y>587667.2</Y>
      </Punkt>
      <Rzedna>152.2</Rzedna>
    </Pikieta>
  </Pikiety>
  <Fotografie>
    <Fotografia rysuj="true" numer="242" rotacja="250">
      <X>583</X>
      <Y>174</Y>
    </Fotografia>
  </Fotografie>
  <Skarpy>
    <Skarpa rysuj="true" startPikieta="4" endPikieta="5" brzeg="true" />
    <Skarpa rysuj="true" startPikieta="11" endPikieta="12" brzeg="true" />
  </Skarpy>
  <Drogi>
    <Droga rysuj="true" startPikieta="1" endPikieta="3" />
    <Droga rysuj="false" startPikieta="2" endPikieta="3" />
  </Drogi>
  <Zabudowy />
  <Teksty />
</SzkicPrzekroju>