<?xml version="1.0" encoding="utf-8"?>
<SzkicPrzekroju xmlns:xsi="http://www.w3.org/2001/XMLSchema-instance" xmlns:xsd="http://www.w3.org/2001/XMLSchema" nazwaCieku="Pasłęka" numerObiektu="56" numerPrzekroju="243" dataPomiaru="07.02.2012" startProstej="-1" koniecProstej="-1">
  <_startProstej>-1</_startProstej>
  <_koniecProstej>-1</_koniecProstej>
  <Koryto rysuj="true" startPikieta="4" endPikieta="10" />
  <Pikiety>
    <Pikieta rysuj="true" numer="243.01" kodTerenu="">
      <X>463</X>
      <Y>163</Y>
      <Punkt>
        <X>639594.438</X>
        <Y>587551.5</Y>
      </Punkt>
      <Rzedna>153.5</Rzedna>
    </Pikieta>
    <Pikieta rysuj="true" numer="243.02" kodTerenu="T07">
      <X>463</X>
      <Y>188</Y>
      <Punkt>
        <X>639593.063</X>
        <Y>587554.25</Y>
      </Punkt>
      <Rzedna>153.46</Rzedna>
    </Pikieta>
    <Pikieta rysuj="true" numer="243.03" kodTerenu="T01">
      <X>463</X>
      <Y>213</Y>
      <Punkt>
        <X>639592.9</X>
        <Y>587555.7</Y>
      </Punkt>
      <Rzedna>153.5</Rzedna>
    </Pikieta>
    <Pikieta rysuj="true" numer="243.04" kodTerenu="T01">
      <X>463</X>
      <Y>238</Y>
      <Punkt>
        <X>639592.6</X>
        <Y>587556.563</Y>
      </Punkt>
      <Rzedna>153.37</Rzedna>
    </Pikieta>
    <Pikieta rysuj="true" numer="243.05" kodTerenu="K01">
      <X>463</X>
      <Y>263</Y>
      <Punkt>
        <X>639592.563</X>
        <Y>587556.75</Y>
      </Punkt>
      <Rzedna>153.36</Rzedna>
    </Pikieta>
    <Pikieta rysuj="true" numer="243.06" kodTerenu="K01">
      <X>463</X>
      <Y>288</Y>
      <Punkt>
        <X>639592.3</X>
        <Y>587557.6</Y>
      </Punkt>
      <Rzedna>153.13</Rzedna>
    </Pikieta>
    <Pikieta rysuj="true" numer="243.07" kodTerenu="K01">
      <X>463</X>
      <Y>313</Y>
      <Punkt>
        <X>639592.1</X>
        <Y>587558.25</Y>
      </Punkt>
      <Rzedna>152.65</Rzedna>
    </Pikieta>
    <Pikieta rysuj="true" numer="243.08" kodTerenu="K01">
      <X>463</X>
      <Y>338</Y>
      <Punkt>
        <X>639592.063</X>
        <Y>587558.75</Y>
      </Punkt>
      <Rzedna>152.56</Rzedna>
    </Pikieta>
    <Pikieta rysuj="true" numer="243.09" kodTerenu="K01">
      <X>463</X>
      <Y>363</Y>
      <Punkt>
        <X>639591.938</X>
        <Y>587559.3</Y>
      </Punkt>
      <Rzedna>152.75</Rzedna>
    </Pikieta>
    <Pikieta rysuj="true" numer="243.10" kodTerenu="K01">
      <X>463</X>
      <Y>388</Y>
      <Punkt>
        <X>639591.75</X>
        <Y>587559.7</Y>
      </Punkt>
      <Rzedna>153.37</Rzedna>
    </Pikieta>
    <Pikieta rysuj="true" numer="243.11" kodTerenu="T01">
      <X>463</X>
      <Y>413</Y>
      <Punkt>
        <X>639591.9</X>
        <Y>587559.7</Y>
      </Punkt>
      <Rzedna>153.52</Rzedna>
    </Pikieta>
    <Pikieta rysuj="true" numer="243.12" kodTerenu="T01">
      <X>463</X>
      <Y>438</Y>
      <Punkt>
        <X>639590.3</X>
        <Y>587563.6</Y>
      </Punkt>
      <Rzedna>153.49</Rzedna>
    </Pikieta>
    <Pikieta rysuj="true" numer="243.13" kodTerenu="T01">
      <X>463</X>
      <Y>463</Y>
      <Punkt>
        <X>639590.2</X>
        <Y>587566.75</Y>
      </Punkt>
      <Rzedna>153.59</Rzedna>
    </Pikieta>
  </Pikiety>
  <Fotografie>
    <Fotografia rysuj="true" numer="243" rotacja="90">
      <X>463</X>
      <Y>493</Y>
    </Fotografia>
  </Fotografie>
  <Skarpy>
    <Skarpa rysuj="true" startPikieta="3" endPikieta="4" brzeg="true" />
    <Skarpa rysuj="true" startPikieta="10" endPikieta="11" brzeg="true" />
  </Skarpy>
  <Drogi />
  <Zabudowy />
  <Teksty />
</SzkicPrzekroju>