<?xml version="1.0" encoding="utf-8"?>
<SzkicPrzekroju xmlns:xsi="http://www.w3.org/2001/XMLSchema-instance" xmlns:xsd="http://www.w3.org/2001/XMLSchema" nazwaCieku="Pasłęka" numerObiektu="56" numerPrzekroju="244" dataPomiaru="01.02.2012" startProstej="-1" koniecProstej="-1">
  <_startProstej>-1</_startProstej>
  <_koniecProstej>-1</_koniecProstej>
  <Koryto rysuj="true" startPikieta="3" endPikieta="9" />
  <Pikiety>
    <Pikieta rysuj="true" numer="244.01" kodTerenu="">
      <X>463</X>
      <Y>163</Y>
      <Punkt>
        <X>639420</X>
        <Y>587753.3</Y>
      </Punkt>
      <Rzedna>155.35</Rzedna>
    </Pikieta>
    <Pikieta rysuj="true" numer="244.02" kodTerenu="T01">
      <X>463</X>
      <Y>190</Y>
      <Punkt>
        <X>639423.75</X>
        <Y>587755.1</Y>
      </Punkt>
      <Rzedna>154.71</Rzedna>
    </Pikieta>
    <Pikieta rysuj="true" numer="244.03" kodTerenu="T01">
      <X>463</X>
      <Y>217</Y>
      <Punkt>
        <X>639425.4</X>
        <Y>587755.2</Y>
      </Punkt>
      <Rzedna>154</Rzedna>
    </Pikieta>
    <Pikieta rysuj="true" numer="244.04" kodTerenu="K01">
      <X>463</X>
      <Y>244</Y>
      <Punkt>
        <X>639425.438</X>
        <Y>587755.1</Y>
      </Punkt>
      <Rzedna>153.6</Rzedna>
    </Pikieta>
    <Pikieta rysuj="true" numer="244.05" kodTerenu="K01">
      <X>463</X>
      <Y>271</Y>
      <Punkt>
        <X>639426</X>
        <Y>587755.3</Y>
      </Punkt>
      <Rzedna>153.41</Rzedna>
    </Pikieta>
    <Pikieta rysuj="true" numer="244.06" kodTerenu="K01">
      <X>463</X>
      <Y>298</Y>
      <Punkt>
        <X>639426.6</X>
        <Y>587755.4</Y>
      </Punkt>
      <Rzedna>153.45</Rzedna>
    </Pikieta>
    <Pikieta rysuj="true" numer="244.07" kodTerenu="K01">
      <X>463</X>
      <Y>325</Y>
      <Punkt>
        <X>639427.2</X>
        <Y>587755.563</Y>
      </Punkt>
      <Rzedna>153.41</Rzedna>
    </Pikieta>
    <Pikieta rysuj="true" numer="244.08" kodTerenu="K01">
      <X>463</X>
      <Y>352</Y>
      <Punkt>
        <X>639427.8</X>
        <Y>587755.7</Y>
      </Punkt>
      <Rzedna>153.64</Rzedna>
    </Pikieta>
    <Pikieta rysuj="true" numer="244.09" kodTerenu="K01">
      <X>463</X>
      <Y>379</Y>
      <Punkt>
        <X>639427.7</X>
        <Y>587755.75</Y>
      </Punkt>
      <Rzedna>154</Rzedna>
    </Pikieta>
    <Pikieta rysuj="true" numer="244.10" kodTerenu="T01">
      <X>463</X>
      <Y>406</Y>
      <Punkt>
        <X>639430.25</X>
        <Y>587756.4</Y>
      </Punkt>
      <Rzedna>154.85</Rzedna>
    </Pikieta>
    <Pikieta rysuj="true" numer="244.11" kodTerenu="T01">
      <X>463</X>
      <Y>433</Y>
      <Punkt>
        <X>639433.6</X>
        <Y>587757.438</Y>
      </Punkt>
      <Rzedna>155.27</Rzedna>
    </Pikieta>
    <Pikieta rysuj="true" numer="244.12" kodTerenu="K01">
      <X>372</X>
      <Y>298</Y>
      <Punkt>
        <X>639425</X>
        <Y>587760.4</Y>
      </Punkt>
      <Rzedna>154.01</Rzedna>
    </Pikieta>
  </Pikiety>
  <Fotografie>
    <Fotografia rysuj="true" numer="244" rotacja="280">
      <X>462</X>
      <Y>110</Y>
    </Fotografia>
  </Fotografie>
  <Skarpy>
    <Skarpa rysuj="true" startPikieta="2" endPikieta="3" brzeg="true" />
    <Skarpa rysuj="true" startPikieta="9" endPikieta="10" brzeg="true" />
  </Skarpy>
  <Drogi />
  <Zabudowy />
  <Teksty />
</SzkicPrzekroju>