<?xml version="1.0" encoding="utf-8"?>
<SzkicPrzekroju xmlns:xsi="http://www.w3.org/2001/XMLSchema-instance" xmlns:xsd="http://www.w3.org/2001/XMLSchema" nazwaCieku="Pasłęka" numerObiektu="56" numerPrzekroju="245" dataPomiaru="01.02.2012" startProstej="-1" koniecProstej="-1">
  <_startProstej>-1</_startProstej>
  <_koniecProstej>-1</_koniecProstej>
  <Koryto rysuj="true" startPikieta="4" endPikieta="10" />
  <Pikiety>
    <Pikieta rysuj="true" numer="245.01" kodTerenu="">
      <X>463</X>
      <Y>163</Y>
      <Punkt>
        <X>639305.8</X>
        <Y>587865</Y>
      </Punkt>
      <Rzedna>156.51</Rzedna>
    </Pikieta>
    <Pikieta rysuj="true" numer="245.02" kodTerenu="T04">
      <X>463</X>
      <Y>188</Y>
      <Punkt>
        <X>639306.563</X>
        <Y>587868.1</Y>
      </Punkt>
      <Rzedna>156.31</Rzedna>
    </Pikieta>
    <Pikieta rysuj="true" numer="245.03" kodTerenu="T04">
      <X>463</X>
      <Y>213</Y>
      <Punkt>
        <X>639306.75</X>
        <Y>587868.563</Y>
      </Punkt>
      <Rzedna>155.99</Rzedna>
    </Pikieta>
    <Pikieta rysuj="true" numer="245.04" kodTerenu="T04">
      <X>463</X>
      <Y>238</Y>
      <Punkt>
        <X>639306.75</X>
        <Y>587868.938</Y>
      </Punkt>
      <Rzedna>155.67</Rzedna>
    </Pikieta>
    <Pikieta rysuj="true" numer="245.05" kodTerenu="K01">
      <X>463</X>
      <Y>263</Y>
      <Punkt>
        <X>639306.7</X>
        <Y>587869</Y>
      </Punkt>
      <Rzedna>155.59</Rzedna>
    </Pikieta>
    <Pikieta rysuj="true" numer="245.06" kodTerenu="K02">
      <X>463</X>
      <Y>288</Y>
      <Punkt>
        <X>639306.9</X>
        <Y>587869.6</Y>
      </Punkt>
      <Rzedna>155.53</Rzedna>
    </Pikieta>
    <Pikieta rysuj="true" numer="245.07" kodTerenu="K02">
      <X>463</X>
      <Y>313</Y>
      <Punkt>
        <X>639307.063</X>
        <Y>587870.2</Y>
      </Punkt>
      <Rzedna>155.34</Rzedna>
    </Pikieta>
    <Pikieta rysuj="true" numer="245.08" kodTerenu="K02">
      <X>463</X>
      <Y>338</Y>
      <Punkt>
        <X>639307.25</X>
        <Y>587870.6</Y>
      </Punkt>
      <Rzedna>155.32</Rzedna>
    </Pikieta>
    <Pikieta rysuj="true" numer="245.09" kodTerenu="K02">
      <X>463</X>
      <Y>363</Y>
      <Punkt>
        <X>639307.438</X>
        <Y>587871.2</Y>
      </Punkt>
      <Rzedna>155.52</Rzedna>
    </Pikieta>
    <Pikieta rysuj="true" numer="245.10" kodTerenu="K01">
      <X>463</X>
      <Y>388</Y>
      <Punkt>
        <X>639307.5</X>
        <Y>587871.25</Y>
      </Punkt>
      <Rzedna>155.67</Rzedna>
    </Pikieta>
    <Pikieta rysuj="true" numer="245.11" kodTerenu="T01">
      <X>463</X>
      <Y>413</Y>
      <Punkt>
        <X>639307.5</X>
        <Y>587871.6</Y>
      </Punkt>
      <Rzedna>156.08</Rzedna>
    </Pikieta>
    <Pikieta rysuj="true" numer="245.12" kodTerenu="T01">
      <X>463</X>
      <Y>438</Y>
      <Punkt>
        <X>639307.6</X>
        <Y>587872.1</Y>
      </Punkt>
      <Rzedna>156.49</Rzedna>
    </Pikieta>
    <Pikieta rysuj="true" numer="245.13" kodTerenu="T01">
      <X>463</X>
      <Y>463</Y>
      <Punkt>
        <X>639308.75</X>
        <Y>587876.8</Y>
      </Punkt>
      <Rzedna>157.44</Rzedna>
    </Pikieta>
  </Pikiety>
  <Fotografie>
    <Fotografia rysuj="true" numer="244" rotacja="120">
      <X>573</X>
      <Y>502</Y>
    </Fotografia>
  </Fotografie>
  <Skarpy>
    <Skarpa rysuj="true" startPikieta="2" endPikieta="4" brzeg="true" />
    <Skarpa rysuj="true" startPikieta="10" endPikieta="12" brzeg="true" />
  </Skarpy>
  <Drogi />
  <Zabudowy>
    <Zabudowa rysuj="false" budynek="true" width="25" height="25">
      <X>195</X>
      <Y>121</Y>
    </Zabudowa>
    <Zabudowa rysuj="false" budynek="false" width="25" height="25">
      <X>271</X>
      <Y>124</Y>
    </Zabudowa>
    <Zabudowa rysuj="true" budynek="false" width="100" height="25">
      <X>361</X>
      <Y>188</Y>
    </Zabudowa>
    <Zabudowa rysuj="true" budynek="false" width="100" height="25">
      <X>361</X>
      <Y>413</Y>
    </Zabudowa>
    <Zabudowa rysuj="true" budynek="false" width="25" height="280">
      <X>336</X>
      <Y>174</Y>
    </Zabudowa>
  </Zabudowy>
  <Teksty>
    <Tekst rysuj="true" value="bet">
      <X>395</X>
      <Y>200</Y>
    </Tekst>
    <Tekst rysuj="true" value="bet">
      <X>397</X>
      <Y>427</Y>
    </Tekst>
    <Tekst rysuj="true" value="przepust o245a">
      <X>218</X>
      <Y>294</Y>
    </Tekst>
  </Teksty>
</SzkicPrzekroju>