<?xml version="1.0" encoding="utf-8"?>
<SzkicPrzekroju xmlns:xsi="http://www.w3.org/2001/XMLSchema-instance" xmlns:xsd="http://www.w3.org/2001/XMLSchema" nazwaCieku="Pasłęka" numerObiektu="56" numerPrzekroju="246" dataPomiaru="31.01.2012" startProstej="-1" koniecProstej="-1">
  <_startProstej>-1</_startProstej>
  <_koniecProstej>-1</_koniecProstej>
  <Koryto rysuj="true" startPikieta="4" endPikieta="8" />
  <Pikiety>
    <Pikieta rysuj="true" numer="246.01" kodTerenu="">
      <X>463</X>
      <Y>163</Y>
      <Punkt>
        <X>639145.4</X>
        <Y>587934.063</Y>
      </Punkt>
      <Rzedna>156.36</Rzedna>
    </Pikieta>
    <Pikieta rysuj="true" numer="246.02" kodTerenu="T01">
      <X>463</X>
      <Y>188</Y>
      <Punkt>
        <X>639147.063</X>
        <Y>587936.75</Y>
      </Punkt>
      <Rzedna>156.33</Rzedna>
    </Pikieta>
    <Pikieta rysuj="true" numer="246.03" kodTerenu="T01">
      <X>463</X>
      <Y>213</Y>
      <Punkt>
        <X>639148</X>
        <Y>587938.4</Y>
      </Punkt>
      <Rzedna>156.27</Rzedna>
    </Pikieta>
    <Pikieta rysuj="true" numer="246.04" kodTerenu="T01">
      <X>463</X>
      <Y>238</Y>
      <Punkt>
        <X>639148.9</X>
        <Y>587939.3</Y>
      </Punkt>
      <Rzedna>155.86</Rzedna>
    </Pikieta>
    <Pikieta rysuj="true" numer="246.05" kodTerenu="K01">
      <X>463</X>
      <Y>263</Y>
      <Punkt>
        <X>639149.1</X>
        <Y>587939.438</Y>
      </Punkt>
      <Rzedna>155.35</Rzedna>
    </Pikieta>
    <Pikieta rysuj="true" numer="246.06" kodTerenu="K01">
      <X>463</X>
      <Y>288</Y>
      <Punkt>
        <X>639149.563</X>
        <Y>587939.9</Y>
      </Punkt>
      <Rzedna>155.27</Rzedna>
    </Pikieta>
    <Pikieta rysuj="true" numer="246.07" kodTerenu="K01">
      <X>463</X>
      <Y>313</Y>
      <Punkt>
        <X>639150.063</X>
        <Y>587940.438</Y>
      </Punkt>
      <Rzedna>155.4</Rzedna>
    </Pikieta>
    <Pikieta rysuj="true" numer="246.08" kodTerenu="K01">
      <X>463</X>
      <Y>338</Y>
      <Punkt>
        <X>639150.2</X>
        <Y>587940.6</Y>
      </Punkt>
      <Rzedna>155.86</Rzedna>
    </Pikieta>
    <Pikieta rysuj="true" numer="246.09" kodTerenu="T01">
      <X>463</X>
      <Y>363</Y>
      <Punkt>
        <X>639150.6</X>
        <Y>587941.063</Y>
      </Punkt>
      <Rzedna>156.16</Rzedna>
    </Pikieta>
    <Pikieta rysuj="true" numer="246.10" kodTerenu="T07">
      <X>463</X>
      <Y>388</Y>
      <Punkt>
        <X>639152.063</X>
        <Y>587943</Y>
      </Punkt>
      <Rzedna>156.38</Rzedna>
    </Pikieta>
    <Pikieta rysuj="true" numer="246.11" kodTerenu="T07">
      <X>463</X>
      <Y>413</Y>
      <Punkt>
        <X>639154.3</X>
        <Y>587945.063</Y>
      </Punkt>
      <Rzedna>156.45</Rzedna>
    </Pikieta>
    <Pikieta rysuj="true" numer="246.12" kodTerenu="K01">
      <X>541</X>
      <Y>288</Y>
      <Punkt>
        <X>639153.563</X>
        <Y>587937</Y>
      </Punkt>
      <Rzedna>155.84</Rzedna>
    </Pikieta>
    <Pikieta rysuj="true" numer="246.13" kodTerenu="K01">
      <X>393</X>
      <Y>288</Y>
      <Punkt>
        <X>639143.9</X>
        <Y>587944.8</Y>
      </Punkt>
      <Rzedna>155.86</Rzedna>
    </Pikieta>
  </Pikiety>
  <Fotografie>
    <Fotografia rysuj="true" numer="246" rotacja="70">
      <X>455</X>
      <Y>516</Y>
    </Fotografia>
  </Fotografie>
  <Skarpy>
    <Skarpa rysuj="true" startPikieta="3" endPikieta="4" brzeg="true" />
    <Skarpa rysuj="true" startPikieta="8" endPikieta="9" brzeg="true" />
  </Skarpy>
  <Drogi />
  <Zabudowy />
  <Teksty />
</SzkicPrzekroju>