<?xml version="1.0" encoding="utf-8"?>
<SzkicPrzekroju xmlns:xsi="http://www.w3.org/2001/XMLSchema-instance" xmlns:xsd="http://www.w3.org/2001/XMLSchema" nazwaCieku="Pasłęka" numerObiektu="56" numerPrzekroju="247" dataPomiaru="31.01.2012" startProstej="-1" koniecProstej="-1">
  <_startProstej>-1</_startProstej>
  <_koniecProstej>-1</_koniecProstej>
  <Koryto rysuj="true" startPikieta="4" endPikieta="8" />
  <Pikiety>
    <Pikieta rysuj="true" numer="247.01" kodTerenu="">
      <X>463</X>
      <Y>163</Y>
      <Punkt>
        <X>638958.5</X>
        <Y>588348.5</Y>
      </Punkt>
      <Rzedna>156.92</Rzedna>
    </Pikieta>
    <Pikieta rysuj="true" numer="247.02" kodTerenu="T02">
      <X>463</X>
      <Y>188</Y>
      <Punkt>
        <X>638961.2</X>
        <Y>588349.063</Y>
      </Punkt>
      <Rzedna>156.91</Rzedna>
    </Pikieta>
    <Pikieta rysuj="true" numer="247.03" kodTerenu="T02">
      <X>463</X>
      <Y>213</Y>
      <Punkt>
        <X>638963.25</X>
        <Y>588349.9</Y>
      </Punkt>
      <Rzedna>156.88</Rzedna>
    </Pikieta>
    <Pikieta rysuj="true" numer="247.04" kodTerenu="T02">
      <X>463</X>
      <Y>238</Y>
      <Punkt>
        <X>638963.75</X>
        <Y>588350.1</Y>
      </Punkt>
      <Rzedna>156.78</Rzedna>
    </Pikieta>
    <Pikieta rysuj="true" numer="247.05" kodTerenu="K01">
      <X>463</X>
      <Y>263</Y>
      <Punkt>
        <X>638963.9</X>
        <Y>588350.2</Y>
      </Punkt>
      <Rzedna>156.25</Rzedna>
    </Pikieta>
    <Pikieta rysuj="true" numer="247.06" kodTerenu="K01">
      <X>463</X>
      <Y>288</Y>
      <Punkt>
        <X>638964.75</X>
        <Y>588350.563</Y>
      </Punkt>
      <Rzedna>156.16</Rzedna>
    </Pikieta>
    <Pikieta rysuj="true" numer="247.07" kodTerenu="K01">
      <X>463</X>
      <Y>313</Y>
      <Punkt>
        <X>638965.5</X>
        <Y>588350.8</Y>
      </Punkt>
      <Rzedna>156.2</Rzedna>
    </Pikieta>
    <Pikieta rysuj="true" numer="247.08" kodTerenu="K01">
      <X>463</X>
      <Y>338</Y>
      <Punkt>
        <X>638965.6</X>
        <Y>588351</Y>
      </Punkt>
      <Rzedna>156.78</Rzedna>
    </Pikieta>
    <Pikieta rysuj="true" numer="247.09" kodTerenu="T02">
      <X>463</X>
      <Y>363</Y>
      <Punkt>
        <X>638966.3</X>
        <Y>588351.1</Y>
      </Punkt>
      <Rzedna>156.98</Rzedna>
    </Pikieta>
    <Pikieta rysuj="true" numer="247.10" kodTerenu="T02">
      <X>463</X>
      <Y>388</Y>
      <Punkt>
        <X>638968.3</X>
        <Y>588351.9</Y>
      </Punkt>
      <Rzedna>156.91</Rzedna>
    </Pikieta>
    <Pikieta rysuj="true" numer="247.11" kodTerenu="T02">
      <X>463</X>
      <Y>413</Y>
      <Punkt>
        <X>638971.75</X>
        <Y>588353</Y>
      </Punkt>
      <Rzedna>156.94</Rzedna>
    </Pikieta>
    <Pikieta rysuj="true" numer="247.12" kodTerenu="K01">
      <X>540</X>
      <Y>288</Y>
      <Punkt>
        <X>638966.8</X>
        <Y>588345.5</Y>
      </Punkt>
      <Rzedna>156.78</Rzedna>
    </Pikieta>
    <Pikieta rysuj="true" numer="247.13" kodTerenu="K01">
      <X>379</X>
      <Y>288</Y>
      <Punkt>
        <X>638963.5</X>
        <Y>588353.9</Y>
      </Punkt>
      <Rzedna>156.78</Rzedna>
    </Pikieta>
  </Pikiety>
  <Fotografie>
    <Fotografia rysuj="true" numer="247" rotacja="90">
      <X>463</X>
      <Y>493</Y>
    </Fotografia>
  </Fotografie>
  <Skarpy>
    <Skarpa rysuj="true" startPikieta="3" endPikieta="4" brzeg="true" />
    <Skarpa rysuj="true" startPikieta="8" endPikieta="9" brzeg="true" />
  </Skarpy>
  <Drogi />
  <Zabudowy />
  <Teksty />
</SzkicPrzekroju>