<?xml version="1.0" encoding="utf-8"?>
<SzkicPrzekroju xmlns:xsi="http://www.w3.org/2001/XMLSchema-instance" xmlns:xsd="http://www.w3.org/2001/XMLSchema" nazwaCieku="Pasłęka" numerObiektu="88" numerPrzekroju="88" dataPomiaru="3.04.2012">
  <Koryto rysuj="true" startPikieta="3" endPikieta="9" />
  <Pikiety>
    <Pikieta rysuj="true" numer="88.01" kodTerenu="">
      <X>463</X>
      <Y>163</Y>
      <Punkt>
        <X>694886.74</X>
        <Y>567021.07</Y>
      </Punkt>
      <Rzedna>33.46</Rzedna>
    </Pikieta>
    <Pikieta rysuj="true" numer="88.02" kodTerenu="T05">
      <X>463</X>
      <Y>193</Y>
      <Punkt>
        <X>694889.29</X>
        <Y>567014.43</Y>
      </Punkt>
      <Rzedna>33.19</Rzedna>
    </Pikieta>
    <Pikieta rysuj="true" numer="88.03" kodTerenu="T05">
      <X>463</X>
      <Y>223</Y>
      <Punkt>
        <X>694890.54</X>
        <Y>567011.87</Y>
      </Punkt>
      <Rzedna>32.16</Rzedna>
    </Pikieta>
    <Pikieta rysuj="true" numer="88.04" kodTerenu="K01">
      <X>463</X>
      <Y>253</Y>
      <Punkt>
        <X>694890.64</X>
        <Y>567011.27</Y>
      </Punkt>
      <Rzedna>31.08</Rzedna>
    </Pikieta>
    <Pikieta rysuj="true" numer="88.05" kodTerenu="K01">
      <X>463</X>
      <Y>283</Y>
      <Punkt>
        <X>694892.11</X>
        <Y>567008.93</Y>
      </Punkt>
      <Rzedna>29.46</Rzedna>
    </Pikieta>
    <Pikieta rysuj="true" numer="88.06" kodTerenu="K01">
      <X>463</X>
      <Y>313</Y>
      <Punkt>
        <X>694893.62</X>
        <Y>567005.77</Y>
      </Punkt>
      <Rzedna>29.19</Rzedna>
    </Pikieta>
    <Pikieta rysuj="true" numer="88.07" kodTerenu="K01">
      <X>463</X>
      <Y>343</Y>
      <Punkt>
        <X>694895.29</X>
        <Y>567002.75</Y>
      </Punkt>
      <Rzedna>29.07</Rzedna>
    </Pikieta>
    <Pikieta rysuj="true" numer="88.08" kodTerenu="K01">
      <X>463</X>
      <Y>373</Y>
      <Punkt>
        <X>694897.33</X>
        <Y>566999.75</Y>
      </Punkt>
      <Rzedna>31.4</Rzedna>
    </Pikieta>
    <Pikieta rysuj="true" numer="88.09" kodTerenu="K01">
      <X>463</X>
      <Y>403</Y>
      <Punkt>
        <X>694897.47</X>
        <Y>566999.31</Y>
      </Punkt>
      <Rzedna>32.16</Rzedna>
    </Pikieta>
    <Pikieta rysuj="true" numer="88.10" kodTerenu="T02">
      <X>463</X>
      <Y>433</Y>
      <Punkt>
        <X>694898.21</X>
        <Y>566997.91</Y>
      </Punkt>
      <Rzedna>33.29</Rzedna>
    </Pikieta>
    <Pikieta rysuj="true" numer="88.11" kodTerenu="T02">
      <X>463</X>
      <Y>463</Y>
      <Punkt>
        <X>694903.3</X>
        <Y>566986.33</Y>
      </Punkt>
      <Rzedna>33.08</Rzedna>
    </Pikieta>
  </Pikiety>
  <Fotografie>
    <Fotografia rysuj="true" numer="88" rotacja="80">
      <X>427</X>
      <Y>514</Y>
    </Fotografia>
  </Fotografie>
  <Skarpy>
    <Skarpa rysuj="true" startPikieta="2" endPikieta="3" brzeg="true" />
    <Skarpa rysuj="true" startPikieta="9" endPikieta="10" brzeg="true" />
  </Skarpy>
  <Drogi />
  <Zabudowy />
  <Teksty />
</SzkicPrzekroju>