<?xml version="1.0" encoding="utf-8"?>
<SzkicPrzekroju xmlns:xsi="http://www.w3.org/2001/XMLSchema-instance" xmlns:xsd="http://www.w3.org/2001/XMLSchema" nazwaCieku="Pasłęka" numerObiektu="89" numerPrzekroju="89" dataPomiaru="3.04.2012">
  <Koryto rysuj="true" startPikieta="3" endPikieta="10" />
  <Pikiety>
    <Pikieta rysuj="true" numer="89.01" kodTerenu="">
      <X>463</X>
      <Y>163</Y>
      <Punkt>
        <X>694630.05</X>
        <Y>567454.65</Y>
      </Punkt>
      <Rzedna>33.18</Rzedna>
    </Pikieta>
    <Pikieta rysuj="true" numer="89.02" kodTerenu="T02">
      <X>463</X>
      <Y>188</Y>
      <Punkt>
        <X>694638.41</X>
        <Y>567451.27</Y>
      </Punkt>
      <Rzedna>33.02</Rzedna>
    </Pikieta>
    <Pikieta rysuj="true" numer="89.03" kodTerenu="T02">
      <X>463</X>
      <Y>213</Y>
      <Punkt>
        <X>694639.61</X>
        <Y>567451.08</Y>
      </Punkt>
      <Rzedna>32.33</Rzedna>
    </Pikieta>
    <Pikieta rysuj="true" numer="89.04" kodTerenu="K01">
      <X>463</X>
      <Y>238</Y>
      <Punkt>
        <X>694640.04</X>
        <Y>567450.88</Y>
      </Punkt>
      <Rzedna>31.49</Rzedna>
    </Pikieta>
    <Pikieta rysuj="true" numer="89.05" kodTerenu="K01">
      <X>463</X>
      <Y>263</Y>
      <Punkt>
        <X>694640.96</X>
        <Y>567451.15</Y>
      </Punkt>
      <Rzedna>31.04</Rzedna>
    </Pikieta>
    <Pikieta rysuj="true" numer="89.06" kodTerenu="K01">
      <X>463</X>
      <Y>288</Y>
      <Punkt>
        <X>694643.3</X>
        <Y>567450.28</Y>
      </Punkt>
      <Rzedna>30.1</Rzedna>
    </Pikieta>
    <Pikieta rysuj="true" numer="89.07" kodTerenu="K01">
      <X>463</X>
      <Y>313</Y>
      <Punkt>
        <X>694645.87</X>
        <Y>567449.01</Y>
      </Punkt>
      <Rzedna>29.59</Rzedna>
    </Pikieta>
    <Pikieta rysuj="true" numer="89.08" kodTerenu="K01">
      <X>463</X>
      <Y>338</Y>
      <Punkt>
        <X>694647.34</X>
        <Y>567448.21</Y>
      </Punkt>
      <Rzedna>29.75</Rzedna>
    </Pikieta>
    <Pikieta rysuj="true" numer="89.09" kodTerenu="K01">
      <X>463</X>
      <Y>363</Y>
      <Punkt>
        <X>694649.27</X>
        <Y>567447.71</Y>
      </Punkt>
      <Rzedna>30.44</Rzedna>
    </Pikieta>
    <Pikieta rysuj="true" numer="89.10" kodTerenu="K01">
      <X>463</X>
      <Y>388</Y>
      <Punkt>
        <X>694650.94</X>
        <Y>567447.72</Y>
      </Punkt>
      <Rzedna>32.33</Rzedna>
    </Pikieta>
    <Pikieta rysuj="true" numer="89.11" kodTerenu="T04">
      <X>463</X>
      <Y>413</Y>
      <Punkt>
        <X>694651.89</X>
        <Y>567447.7</Y>
      </Punkt>
      <Rzedna>33.29</Rzedna>
    </Pikieta>
    <Pikieta rysuj="true" numer="89.12" kodTerenu="T04">
      <X>463</X>
      <Y>438</Y>
      <Punkt>
        <X>694654.25</X>
        <Y>567446.68</Y>
      </Punkt>
      <Rzedna>34.85</Rzedna>
    </Pikieta>
    <Pikieta rysuj="true" numer="89.13" kodTerenu="T04">
      <X>463</X>
      <Y>463</Y>
      <Punkt>
        <X>694659.6</X>
        <Y>567444.4</Y>
      </Punkt>
      <Rzedna>35.89</Rzedna>
    </Pikieta>
  </Pikiety>
  <Fotografie>
    <Fotografia rysuj="true" numer="89" rotacja="260">
      <X>525</X>
      <Y>86</Y>
    </Fotografia>
  </Fotografie>
  <Skarpy>
    <Skarpa rysuj="true" startPikieta="2" endPikieta="3" brzeg="true" />
    <Skarpa rysuj="true" startPikieta="10" endPikieta="11" brzeg="true" />
    <Skarpa rysuj="true" startPikieta="11" endPikieta="12" brzeg="false" />
  </Skarpy>
  <Drogi />
  <Zabudowy />
  <Teksty />
</SzkicPrzekroju>