<?xml version="1.0" encoding="utf-8"?>
<SzkicPrzekroju xmlns:xsi="http://www.w3.org/2001/XMLSchema-instance" xmlns:xsd="http://www.w3.org/2001/XMLSchema" nazwaCieku="Pasłęka" numerObiektu="90" numerPrzekroju="90" dataPomiaru="3.04.2012">
  <Koryto rysuj="true" startPikieta="3" endPikieta="11" />
  <Pikiety>
    <Pikieta rysuj="true" numer="90.01" kodTerenu="">
      <X>463</X>
      <Y>163</Y>
      <Punkt>
        <X>693994.53</X>
        <Y>567843.37</Y>
      </Punkt>
      <Rzedna>34.15</Rzedna>
    </Pikieta>
    <Pikieta rysuj="true" numer="90.02" kodTerenu="T01">
      <X>463</X>
      <Y>188</Y>
      <Punkt>
        <X>693997.8</X>
        <Y>567848.15</Y>
      </Punkt>
      <Rzedna>33.78</Rzedna>
    </Pikieta>
    <Pikieta rysuj="true" numer="90.03" kodTerenu="T01">
      <X>463</X>
      <Y>213</Y>
      <Punkt>
        <X>694000.24</X>
        <Y>567852.12</Y>
      </Punkt>
      <Rzedna>32.62</Rzedna>
    </Pikieta>
    <Pikieta rysuj="true" numer="90.04" kodTerenu="K02">
      <X>463</X>
      <Y>238</Y>
      <Punkt>
        <X>694000.74</X>
        <Y>567852.99</Y>
      </Punkt>
      <Rzedna>31.93</Rzedna>
    </Pikieta>
    <Pikieta rysuj="true" numer="90.05" kodTerenu="K02">
      <X>463</X>
      <Y>263</Y>
      <Punkt>
        <X>694001.78</X>
        <Y>567854.41</Y>
      </Punkt>
      <Rzedna>31.32</Rzedna>
    </Pikieta>
    <Pikieta rysuj="true" numer="90.06" kodTerenu="K02">
      <X>463</X>
      <Y>288</Y>
      <Punkt>
        <X>694002.64</X>
        <Y>567855.97</Y>
      </Punkt>
      <Rzedna>30.82</Rzedna>
    </Pikieta>
    <Pikieta rysuj="true" numer="90.07" kodTerenu="K02">
      <X>463</X>
      <Y>313</Y>
      <Punkt>
        <X>694004.47</X>
        <Y>567858.02</Y>
      </Punkt>
      <Rzedna>30.55</Rzedna>
    </Pikieta>
    <Pikieta rysuj="true" numer="90.08" kodTerenu="K02">
      <X>463</X>
      <Y>338</Y>
      <Punkt>
        <X>694006.51</X>
        <Y>567861.14</Y>
      </Punkt>
      <Rzedna>30.42</Rzedna>
    </Pikieta>
    <Pikieta rysuj="true" numer="90.09" kodTerenu="K02">
      <X>463</X>
      <Y>363</Y>
      <Punkt>
        <X>694008.36</X>
        <Y>567864.05</Y>
      </Punkt>
      <Rzedna>30.96</Rzedna>
    </Pikieta>
    <Pikieta rysuj="true" numer="90.10" kodTerenu="K02">
      <X>463</X>
      <Y>388</Y>
      <Punkt>
        <X>694009.61</X>
        <Y>567866.16</Y>
      </Punkt>
      <Rzedna>31.89</Rzedna>
    </Pikieta>
    <Pikieta rysuj="true" numer="90.11" kodTerenu="K02">
      <X>463</X>
      <Y>413</Y>
      <Punkt>
        <X>694010.26</X>
        <Y>567867.68</Y>
      </Punkt>
      <Rzedna>32.62</Rzedna>
    </Pikieta>
    <Pikieta rysuj="true" numer="90.12" kodTerenu="T01">
      <X>463</X>
      <Y>438</Y>
      <Punkt>
        <X>694010.46</X>
        <Y>567867.84</Y>
      </Punkt>
      <Rzedna>32.73</Rzedna>
    </Pikieta>
    <Pikieta rysuj="true" numer="90.13" kodTerenu="T01">
      <X>463</X>
      <Y>463</Y>
      <Punkt>
        <X>694015.46</X>
        <Y>567873.89</Y>
      </Punkt>
      <Rzedna>32.93</Rzedna>
    </Pikieta>
  </Pikiety>
  <Fotografie>
    <Fotografia rysuj="true" numer="90" rotacja="70">
      <X>372</X>
      <Y>513</Y>
    </Fotografia>
  </Fotografie>
  <Skarpy>
    <Skarpa rysuj="true" startPikieta="2" endPikieta="3" brzeg="true" />
    <Skarpa rysuj="true" startPikieta="11" endPikieta="12" brzeg="true" />
  </Skarpy>
  <Drogi />
  <Zabudowy />
  <Teksty />
</SzkicPrzekroju>