<?xml version="1.0" encoding="utf-8"?>
<SzkicPrzekroju xmlns:xsi="http://www.w3.org/2001/XMLSchema-instance" xmlns:xsd="http://www.w3.org/2001/XMLSchema" nazwaCieku="Pasłęka" numerObiektu="91" numerPrzekroju="91" dataPomiaru="3.04.2012">
  <Koryto rysuj="true" startPikieta="4" endPikieta="11" />
  <Pikiety>
    <Pikieta rysuj="true" numer="91.01" kodTerenu="">
      <X>463</X>
      <Y>163</Y>
      <Punkt>
        <X>693680.68</X>
        <Y>568025.47</Y>
      </Punkt>
      <Rzedna>33.74</Rzedna>
    </Pikieta>
    <Pikieta rysuj="true" numer="91.02" kodTerenu="T02">
      <X>463</X>
      <Y>184</Y>
      <Punkt>
        <X>693681.09</X>
        <Y>568028.46</Y>
      </Punkt>
      <Rzedna>33.73</Rzedna>
    </Pikieta>
    <Pikieta rysuj="true" numer="91.03" kodTerenu="T07">
      <X>463</X>
      <Y>205</Y>
      <Punkt>
        <X>693681.79</X>
        <Y>568033.76</Y>
      </Punkt>
      <Rzedna>33.39</Rzedna>
    </Pikieta>
    <Pikieta rysuj="true" numer="91.04" kodTerenu="T07">
      <X>463</X>
      <Y>226</Y>
      <Punkt>
        <X>693681.97</X>
        <Y>568034.21</Y>
      </Punkt>
      <Rzedna>32.82</Rzedna>
    </Pikieta>
    <Pikieta rysuj="true" numer="91.05" kodTerenu="K01">
      <X>463</X>
      <Y>247</Y>
      <Punkt>
        <X>693681.87</X>
        <Y>568034.64</Y>
      </Punkt>
      <Rzedna>31.62</Rzedna>
    </Pikieta>
    <Pikieta rysuj="true" numer="91.06" kodTerenu="K02">
      <X>463</X>
      <Y>268</Y>
      <Punkt>
        <X>693683.27</X>
        <Y>568036.91</Y>
      </Punkt>
      <Rzedna>30.37</Rzedna>
    </Pikieta>
    <Pikieta rysuj="true" numer="91.07" kodTerenu="K02">
      <X>463</X>
      <Y>289</Y>
      <Punkt>
        <X>693684.09</X>
        <Y>568039.45</Y>
      </Punkt>
      <Rzedna>30.02</Rzedna>
    </Pikieta>
    <Pikieta rysuj="true" numer="91.08" kodTerenu="K02">
      <X>463</X>
      <Y>310</Y>
      <Punkt>
        <X>693683.46</X>
        <Y>568041.34</Y>
      </Punkt>
      <Rzedna>30.32</Rzedna>
    </Pikieta>
    <Pikieta rysuj="true" numer="91.09" kodTerenu="K02">
      <X>463</X>
      <Y>331</Y>
      <Punkt>
        <X>693684.24</X>
        <Y>568043.6</Y>
      </Punkt>
      <Rzedna>31.04</Rzedna>
    </Pikieta>
    <Pikieta rysuj="true" numer="91.10" kodTerenu="K01">
      <X>463</X>
      <Y>352</Y>
      <Punkt>
        <X>693683.77</X>
        <Y>568045.07</Y>
      </Punkt>
      <Rzedna>31.36</Rzedna>
    </Pikieta>
    <Pikieta rysuj="true" numer="91.11" kodTerenu="K01">
      <X>463</X>
      <Y>373</Y>
      <Punkt>
        <X>693684.11</X>
        <Y>568045.3</Y>
      </Punkt>
      <Rzedna>32.82</Rzedna>
    </Pikieta>
    <Pikieta rysuj="true" numer="91.12" kodTerenu="T07">
      <X>463</X>
      <Y>394</Y>
      <Punkt>
        <X>693684.23</X>
        <Y>568045.56</Y>
      </Punkt>
      <Rzedna>32.89</Rzedna>
    </Pikieta>
    <Pikieta rysuj="true" numer="91.13" kodTerenu="T07">
      <X>463</X>
      <Y>415</Y>
      <Punkt>
        <X>693684.5</X>
        <Y>568047.27</Y>
      </Punkt>
      <Rzedna>32.87</Rzedna>
    </Pikieta>
    <Pikieta rysuj="true" numer="91.14" kodTerenu="T07">
      <X>463</X>
      <Y>436</Y>
      <Punkt>
        <X>693684.88</X>
        <Y>568048.36</Y>
      </Punkt>
      <Rzedna>33.27</Rzedna>
    </Pikieta>
    <Pikieta rysuj="true" numer="91.15" kodTerenu="T07">
      <X>463</X>
      <Y>457</Y>
      <Punkt>
        <X>693686.78</X>
        <Y>568053.62</Y>
      </Punkt>
      <Rzedna>33.67</Rzedna>
    </Pikieta>
  </Pikiety>
  <Fotografie>
    <Fotografia rysuj="true" numer="91" rotacja="100">
      <X>541</X>
      <Y>495</Y>
    </Fotografia>
  </Fotografie>
  <Skarpy>
    <Skarpa rysuj="true" startPikieta="3" endPikieta="4" brzeg="true" />
    <Skarpa rysuj="true" startPikieta="11" endPikieta="12" brzeg="true" />
    <Skarpa rysuj="true" startPikieta="13" endPikieta="14" brzeg="false" />
  </Skarpy>
  <Drogi />
  <Zabudowy />
  <Teksty />
</SzkicPrzekroju>