<?xml version="1.0" encoding="utf-8"?>
<SzkicPrzekroju xmlns:xsi="http://www.w3.org/2001/XMLSchema-instance" xmlns:xsd="http://www.w3.org/2001/XMLSchema" nazwaCieku="Pasłęka" numerObiektu="92" numerPrzekroju="92" dataPomiaru="2.04.2012">
  <Koryto rysuj="true" startPikieta="3" endPikieta="10" />
  <Pikiety>
    <Pikieta rysuj="true" numer="92.01" kodTerenu="">
      <X>463</X>
      <Y>163</Y>
      <Punkt>
        <X>693046</X>
        <Y>568216.71</Y>
      </Punkt>
      <Rzedna>33.99</Rzedna>
    </Pikieta>
    <Pikieta rysuj="true" numer="92.02" kodTerenu="T07">
      <X>463</X>
      <Y>190</Y>
      <Punkt>
        <X>693048.44</X>
        <Y>568222.08</Y>
      </Punkt>
      <Rzedna>33.81</Rzedna>
    </Pikieta>
    <Pikieta rysuj="true" numer="92.03" kodTerenu="T07">
      <X>463</X>
      <Y>217</Y>
      <Punkt>
        <X>693049.01</X>
        <Y>568222.72</Y>
      </Punkt>
      <Rzedna>33.49</Rzedna>
    </Pikieta>
    <Pikieta rysuj="true" numer="92.04" kodTerenu="K01">
      <X>463</X>
      <Y>244</Y>
      <Punkt>
        <X>693049.58</X>
        <Y>568223.75</Y>
      </Punkt>
      <Rzedna>33.11</Rzedna>
    </Pikieta>
    <Pikieta rysuj="true" numer="92.05" kodTerenu="K02">
      <X>463</X>
      <Y>271</Y>
      <Punkt>
        <X>693049.9</X>
        <Y>568226.07</Y>
      </Punkt>
      <Rzedna>32.44</Rzedna>
    </Pikieta>
    <Pikieta rysuj="true" numer="92.06" kodTerenu="K02">
      <X>463</X>
      <Y>298</Y>
      <Punkt>
        <X>693050.6</X>
        <Y>568228.39</Y>
      </Punkt>
      <Rzedna>32.03</Rzedna>
    </Pikieta>
    <Pikieta rysuj="true" numer="92.07" kodTerenu="K02">
      <X>463</X>
      <Y>325</Y>
      <Punkt>
        <X>693051.53</X>
        <Y>568231.08</Y>
      </Punkt>
      <Rzedna>31.05</Rzedna>
    </Pikieta>
    <Pikieta rysuj="true" numer="92.08" kodTerenu="K02">
      <X>463</X>
      <Y>352</Y>
      <Punkt>
        <X>693051.75</X>
        <Y>568234.35</Y>
      </Punkt>
      <Rzedna>31.13</Rzedna>
    </Pikieta>
    <Pikieta rysuj="true" numer="92.09" kodTerenu="K02">
      <X>463</X>
      <Y>379</Y>
      <Punkt>
        <X>693052.25</X>
        <Y>568236.67</Y>
      </Punkt>
      <Rzedna>32.84</Rzedna>
    </Pikieta>
    <Pikieta rysuj="true" numer="92.10" kodTerenu="K01">
      <X>463</X>
      <Y>406</Y>
      <Punkt>
        <X>693052.58</X>
        <Y>568237.19</Y>
      </Punkt>
      <Rzedna>33.49</Rzedna>
    </Pikieta>
    <Pikieta rysuj="true" numer="92.11" kodTerenu="T07">
      <X>463</X>
      <Y>433</Y>
      <Punkt>
        <X>693052.06</X>
        <Y>568237.45</Y>
      </Punkt>
      <Rzedna>34.27</Rzedna>
    </Pikieta>
    <Pikieta rysuj="true" numer="92.12" kodTerenu="T07">
      <X>463</X>
      <Y>460</Y>
      <Punkt>
        <X>693052.01</X>
        <Y>568242.97</Y>
      </Punkt>
      <Rzedna>34.53</Rzedna>
    </Pikieta>
  </Pikiety>
  <Fotografie>
    <Fotografia rysuj="true" numer="92" rotacja="257">
      <X>511</X>
      <Y>85</Y>
    </Fotografia>
  </Fotografie>
  <Skarpy>
    <Skarpa rysuj="true" startPikieta="2" endPikieta="3" brzeg="true" />
    <Skarpa rysuj="true" startPikieta="10" endPikieta="11" brzeg="true" />
  </Skarpy>
  <Drogi />
  <Zabudowy />
  <Teksty />
</SzkicPrzekroju>