<?xml version="1.0" encoding="utf-8"?>
<SzkicPrzekroju xmlns:xsi="http://www.w3.org/2001/XMLSchema-instance" xmlns:xsd="http://www.w3.org/2001/XMLSchema" nazwaCieku="Pasłęka" numerObiektu="93" numerPrzekroju="93" dataPomiaru="2.04.2012">
  <Koryto rysuj="true" startPikieta="3" endPikieta="10" />
  <Pikiety>
    <Pikieta rysuj="true" numer="93.01" kodTerenu="">
      <X>463</X>
      <Y>163</Y>
      <Punkt>
        <X>692964.74</X>
        <Y>568182.44</Y>
      </Punkt>
      <Rzedna>33.82</Rzedna>
    </Pikieta>
    <Pikieta rysuj="true" numer="93.02" kodTerenu="T07">
      <X>463</X>
      <Y>190</Y>
      <Punkt>
        <X>692961.25</X>
        <Y>568189.5</Y>
      </Punkt>
      <Rzedna>33.83</Rzedna>
    </Pikieta>
    <Pikieta rysuj="true" numer="93.03" kodTerenu="T07">
      <X>463</X>
      <Y>217</Y>
      <Punkt>
        <X>692961.07</X>
        <Y>568190.08</Y>
      </Punkt>
      <Rzedna>33.63</Rzedna>
    </Pikieta>
    <Pikieta rysuj="true" numer="93.04" kodTerenu="K01">
      <X>463</X>
      <Y>244</Y>
      <Punkt>
        <X>692960.83</X>
        <Y>568190.67</Y>
      </Punkt>
      <Rzedna>33.18</Rzedna>
    </Pikieta>
    <Pikieta rysuj="true" numer="93.05" kodTerenu="K02">
      <X>463</X>
      <Y>271</Y>
      <Punkt>
        <X>692960.56</X>
        <Y>568191.99</Y>
      </Punkt>
      <Rzedna>32.23</Rzedna>
    </Pikieta>
    <Pikieta rysuj="true" numer="93.06" kodTerenu="K02">
      <X>463</X>
      <Y>298</Y>
      <Punkt>
        <X>692959.53</X>
        <Y>568193.34</Y>
      </Punkt>
      <Rzedna>32.08</Rzedna>
    </Pikieta>
    <Pikieta rysuj="true" numer="93.07" kodTerenu="K02">
      <X>463</X>
      <Y>325</Y>
      <Punkt>
        <X>692959.75</X>
        <Y>568197.22</Y>
      </Punkt>
      <Rzedna>31.25</Rzedna>
    </Pikieta>
    <Pikieta rysuj="true" numer="93.08" kodTerenu="K02">
      <X>463</X>
      <Y>352</Y>
      <Punkt>
        <X>692958.8</X>
        <Y>568200.37</Y>
      </Punkt>
      <Rzedna>31.66</Rzedna>
    </Pikieta>
    <Pikieta rysuj="true" numer="93.09" kodTerenu="K01">
      <X>463</X>
      <Y>379</Y>
      <Punkt>
        <X>692957.62</X>
        <Y>568202.71</Y>
      </Punkt>
      <Rzedna>33.13</Rzedna>
    </Pikieta>
    <Pikieta rysuj="true" numer="93.10" kodTerenu="K01">
      <X>463</X>
      <Y>406</Y>
      <Punkt>
        <X>692957</X>
        <Y>568203.86</Y>
      </Punkt>
      <Rzedna>33.63</Rzedna>
    </Pikieta>
    <Pikieta rysuj="true" numer="93.11" kodTerenu="T07">
      <X>463</X>
      <Y>433</Y>
      <Punkt>
        <X>692956.55</X>
        <Y>568205.53</Y>
      </Punkt>
      <Rzedna>34.06</Rzedna>
    </Pikieta>
    <Pikieta rysuj="true" numer="93.12" kodTerenu="T07">
      <X>463</X>
      <Y>460</Y>
      <Punkt>
        <X>692955.29</X>
        <Y>568212.52</Y>
      </Punkt>
      <Rzedna>34.21</Rzedna>
    </Pikieta>
  </Pikiety>
  <Fotografie>
    <Fotografia rysuj="true" numer="93" rotacja="97">
      <X>528</X>
      <Y>503</Y>
    </Fotografia>
  </Fotografie>
  <Skarpy>
    <Skarpa rysuj="true" startPikieta="2" endPikieta="3" brzeg="true" />
    <Skarpa rysuj="true" startPikieta="10" endPikieta="11" brzeg="true" />
  </Skarpy>
  <Drogi />
  <Zabudowy />
  <Teksty />
</SzkicPrzekroju>