<?xml version="1.0" encoding="utf-8"?>
<SzkicPrzekroju xmlns:xsi="http://www.w3.org/2001/XMLSchema-instance" xmlns:xsd="http://www.w3.org/2001/XMLSchema" nazwaCieku="Pasłęka" numerObiektu="94" numerPrzekroju="94" dataPomiaru="2.04.2012">
  <Koryto rysuj="true" startPikieta="3" endPikieta="9" />
  <Pikiety>
    <Pikieta rysuj="true" numer="94.01" kodTerenu="">
      <X>463</X>
      <Y>163</Y>
      <Punkt>
        <X>692449.3</X>
        <Y>568259.84</Y>
      </Punkt>
      <Rzedna>34.47</Rzedna>
    </Pikieta>
    <Pikieta rysuj="true" numer="94.02" kodTerenu="T07">
      <X>463</X>
      <Y>193</Y>
      <Punkt>
        <X>692446.23</X>
        <Y>568266.96</Y>
      </Punkt>
      <Rzedna>34.27</Rzedna>
    </Pikieta>
    <Pikieta rysuj="true" numer="94.03" kodTerenu="T07">
      <X>463</X>
      <Y>223</Y>
      <Punkt>
        <X>692446.1</X>
        <Y>568267.46</Y>
      </Punkt>
      <Rzedna>34.13</Rzedna>
    </Pikieta>
    <Pikieta rysuj="true" numer="94.04" kodTerenu="K01">
      <X>463</X>
      <Y>253</Y>
      <Punkt>
        <X>692445.44</X>
        <Y>568268.47</Y>
      </Punkt>
      <Rzedna>32.07</Rzedna>
    </Pikieta>
    <Pikieta rysuj="true" numer="94.05" kodTerenu="K01">
      <X>463</X>
      <Y>283</Y>
      <Punkt>
        <X>692445.2</X>
        <Y>568270.27</Y>
      </Punkt>
      <Rzedna>31.98</Rzedna>
    </Pikieta>
    <Pikieta rysuj="true" numer="94.06" kodTerenu="K01">
      <X>463</X>
      <Y>313</Y>
      <Punkt>
        <X>692444.75</X>
        <Y>568272.08</Y>
      </Punkt>
      <Rzedna>31.72</Rzedna>
    </Pikieta>
    <Pikieta rysuj="true" numer="94.07" kodTerenu="K01">
      <X>463</X>
      <Y>343</Y>
      <Punkt>
        <X>692443.99</X>
        <Y>568274.6</Y>
      </Punkt>
      <Rzedna>31.9</Rzedna>
    </Pikieta>
    <Pikieta rysuj="true" numer="94.08" kodTerenu="K01">
      <X>463</X>
      <Y>373</Y>
      <Punkt>
        <X>692443.28</X>
        <Y>568276.51</Y>
      </Punkt>
      <Rzedna>32.56</Rzedna>
    </Pikieta>
    <Pikieta rysuj="true" numer="94.09" kodTerenu="K01">
      <X>463</X>
      <Y>403</Y>
      <Punkt>
        <X>692443.46</X>
        <Y>568278.76</Y>
      </Punkt>
      <Rzedna>34.13</Rzedna>
    </Pikieta>
    <Pikieta rysuj="true" numer="94.10" kodTerenu="T07">
      <X>463</X>
      <Y>433</Y>
      <Punkt>
        <X>692443.21</X>
        <Y>568279.2</Y>
      </Punkt>
      <Rzedna>34.35</Rzedna>
    </Pikieta>
    <Pikieta rysuj="true" numer="94.11" kodTerenu="T07">
      <X>463</X>
      <Y>463</Y>
      <Punkt>
        <X>692441.42</X>
        <Y>568283.07</Y>
      </Punkt>
      <Rzedna>34.44</Rzedna>
    </Pikieta>
  </Pikiety>
  <Fotografie>
    <Fotografia rysuj="true" numer="94" rotacja="97">
      <X>520</X>
      <Y>507</Y>
    </Fotografia>
  </Fotografie>
  <Skarpy>
    <Skarpa rysuj="true" startPikieta="2" endPikieta="3" brzeg="true" />
    <Skarpa rysuj="true" startPikieta="9" endPikieta="10" brzeg="true" />
  </Skarpy>
  <Drogi />
  <Zabudowy />
  <Teksty />
</SzkicPrzekroju>