<?xml version="1.0" encoding="utf-8"?>
<SzkicPrzekroju xmlns:xsi="http://www.w3.org/2001/XMLSchema-instance" xmlns:xsd="http://www.w3.org/2001/XMLSchema" nazwaCieku="Pasłęka" numerObiektu="95" numerPrzekroju="95" dataPomiaru="2.04.2012">
  <Koryto rysuj="true" startPikieta="3" endPikieta="9" />
  <Pikiety>
    <Pikieta rysuj="true" numer="95.01" kodTerenu="">
      <X>463</X>
      <Y>163</Y>
      <Punkt>
        <X>692000.12</X>
        <Y>568520.26</Y>
      </Punkt>
      <Rzedna>34.88</Rzedna>
    </Pikieta>
    <Pikieta rysuj="true" numer="95.02" kodTerenu="T07">
      <X>463</X>
      <Y>193</Y>
      <Punkt>
        <X>691997.86</X>
        <Y>568525.22</Y>
      </Punkt>
      <Rzedna>34.62</Rzedna>
    </Pikieta>
    <Pikieta rysuj="true" numer="95.03" kodTerenu="T07">
      <X>463</X>
      <Y>223</Y>
      <Punkt>
        <X>691997.68</X>
        <Y>568525.35</Y>
      </Punkt>
      <Rzedna>34.49</Rzedna>
    </Pikieta>
    <Pikieta rysuj="true" numer="95.04" kodTerenu="K01">
      <X>463</X>
      <Y>253</Y>
      <Punkt>
        <X>691997.37</X>
        <Y>568526.03</Y>
      </Punkt>
      <Rzedna>33.65</Rzedna>
    </Pikieta>
    <Pikieta rysuj="true" numer="95.05" kodTerenu="K01">
      <X>463</X>
      <Y>283</Y>
      <Punkt>
        <X>691997.13</X>
        <Y>568526.64</Y>
      </Punkt>
      <Rzedna>33</Rzedna>
    </Pikieta>
    <Pikieta rysuj="true" numer="95.06" kodTerenu="K01">
      <X>463</X>
      <Y>313</Y>
      <Punkt>
        <X>691996.64</X>
        <Y>568529.23</Y>
      </Punkt>
      <Rzedna>31.75</Rzedna>
    </Pikieta>
    <Pikieta rysuj="true" numer="95.07" kodTerenu="K01">
      <X>463</X>
      <Y>343</Y>
      <Punkt>
        <X>691995.65</X>
        <Y>568532.44</Y>
      </Punkt>
      <Rzedna>31.34</Rzedna>
    </Pikieta>
    <Pikieta rysuj="true" numer="95.08" kodTerenu="K01">
      <X>463</X>
      <Y>373</Y>
      <Punkt>
        <X>691993.62</X>
        <Y>568534.89</Y>
      </Punkt>
      <Rzedna>32.26</Rzedna>
    </Pikieta>
    <Pikieta rysuj="true" numer="95.09" kodTerenu="K01">
      <X>463</X>
      <Y>403</Y>
      <Punkt>
        <X>691993.1</X>
        <Y>568536.58</Y>
      </Punkt>
      <Rzedna>34.49</Rzedna>
    </Pikieta>
    <Pikieta rysuj="true" numer="95.10" kodTerenu="T08">
      <X>463</X>
      <Y>433</Y>
      <Punkt>
        <X>691992.76</X>
        <Y>568536.9</Y>
      </Punkt>
      <Rzedna>34.62</Rzedna>
    </Pikieta>
    <Pikieta rysuj="true" numer="95.11" kodTerenu="T08">
      <X>463</X>
      <Y>463</Y>
      <Punkt>
        <X>691990.86</X>
        <Y>568546.09</Y>
      </Punkt>
      <Rzedna>34.54</Rzedna>
    </Pikieta>
  </Pikiety>
  <Fotografie>
    <Fotografia rysuj="true" numer="95" rotacja="90">
      <X>493</X>
      <Y>493</Y>
    </Fotografia>
  </Fotografie>
  <Skarpy>
    <Skarpa rysuj="true" startPikieta="2" endPikieta="3" brzeg="true" />
    <Skarpa rysuj="true" startPikieta="9" endPikieta="10" brzeg="true" />
  </Skarpy>
  <Drogi />
  <Zabudowy />
  <Teksty />
</SzkicPrzekroju>