<?xml version="1.0" encoding="utf-8"?>
<SzkicPrzekroju xmlns:xsi="http://www.w3.org/2001/XMLSchema-instance" xmlns:xsd="http://www.w3.org/2001/XMLSchema" nazwaCieku="Pasłęka" numerObiektu="96" numerPrzekroju="96" dataPomiaru="29.03.2012">
  <Koryto rysuj="true" startPikieta="7" endPikieta="13" />
  <Pikiety>
    <Pikieta rysuj="true" numer="96.01" kodTerenu="">
      <X>463</X>
      <Y>163</Y>
      <Punkt>
        <X>691242.46</X>
        <Y>568527.5</Y>
      </Punkt>
      <Rzedna>36.87</Rzedna>
    </Pikieta>
    <Pikieta rysuj="true" numer="96.02" kodTerenu="T01">
      <X>463</X>
      <Y>184</Y>
      <Punkt>
        <X>691248.91</X>
        <Y>568530.4</Y>
      </Punkt>
      <Rzedna>36.46</Rzedna>
    </Pikieta>
    <Pikieta rysuj="true" numer="96.03" kodTerenu="T01">
      <X>463</X>
      <Y>205</Y>
      <Punkt>
        <X>691251.19</X>
        <Y>568531.09</Y>
      </Punkt>
      <Rzedna>35.62</Rzedna>
    </Pikieta>
    <Pikieta rysuj="true" numer="96.04" kodTerenu="T01">
      <X>463</X>
      <Y>226</Y>
      <Punkt>
        <X>691254.22</X>
        <Y>568532.54</Y>
      </Punkt>
      <Rzedna>35.31</Rzedna>
    </Pikieta>
    <Pikieta rysuj="true" numer="96.05" kodTerenu="T01">
      <X>463</X>
      <Y>247</Y>
      <Punkt>
        <X>691257.9</X>
        <Y>568533.62</Y>
      </Punkt>
      <Rzedna>35.7</Rzedna>
    </Pikieta>
    <Pikieta rysuj="true" numer="96.06" kodTerenu="T01">
      <X>463</X>
      <Y>268</Y>
      <Punkt>
        <X>691261.02</X>
        <Y>568534.89</Y>
      </Punkt>
      <Rzedna>35.76</Rzedna>
    </Pikieta>
    <Pikieta rysuj="true" numer="96.07" kodTerenu="T01">
      <X>463</X>
      <Y>289</Y>
      <Punkt>
        <X>691261.72</X>
        <Y>568535</Y>
      </Punkt>
      <Rzedna>35.32</Rzedna>
    </Pikieta>
    <Pikieta rysuj="true" numer="96.08" kodTerenu="K01">
      <X>463</X>
      <Y>310</Y>
      <Punkt>
        <X>691262.06</X>
        <Y>568535.06</Y>
      </Punkt>
      <Rzedna>34.51</Rzedna>
    </Pikieta>
    <Pikieta rysuj="true" numer="96.09" kodTerenu="K01">
      <X>463</X>
      <Y>331</Y>
      <Punkt>
        <X>691262.96</X>
        <Y>568535.34</Y>
      </Punkt>
      <Rzedna>34.04</Rzedna>
    </Pikieta>
    <Pikieta rysuj="true" numer="96.10" kodTerenu="K01">
      <X>463</X>
      <Y>352</Y>
      <Punkt>
        <X>691266.94</X>
        <Y>568536.66</Y>
      </Punkt>
      <Rzedna>33.6</Rzedna>
    </Pikieta>
    <Pikieta rysuj="true" numer="96.11" kodTerenu="K01">
      <X>463</X>
      <Y>373</Y>
      <Punkt>
        <X>691268.52</X>
        <Y>568537.81</Y>
      </Punkt>
      <Rzedna>33.76</Rzedna>
    </Pikieta>
    <Pikieta rysuj="true" numer="96.12" kodTerenu="K01">
      <X>463</X>
      <Y>394</Y>
      <Punkt>
        <X>691269.44</X>
        <Y>568538.45</Y>
      </Punkt>
      <Rzedna>34.33</Rzedna>
    </Pikieta>
    <Pikieta rysuj="true" numer="96.13" kodTerenu="K01">
      <X>463</X>
      <Y>415</Y>
      <Punkt>
        <X>691270.21</X>
        <Y>568539.02</Y>
      </Punkt>
      <Rzedna>35.32</Rzedna>
    </Pikieta>
    <Pikieta rysuj="true" numer="96.14" kodTerenu="T07">
      <X>463</X>
      <Y>436</Y>
      <Punkt>
        <X>691271.54</X>
        <Y>568539.38</Y>
      </Punkt>
      <Rzedna>35.51</Rzedna>
    </Pikieta>
    <Pikieta rysuj="true" numer="96.15" kodTerenu="T07">
      <X>463</X>
      <Y>457</Y>
      <Punkt>
        <X>691276.53</X>
        <Y>568540.18</Y>
      </Punkt>
      <Rzedna>35.64</Rzedna>
    </Pikieta>
  </Pikiety>
  <Fotografie>
    <Fotografia rysuj="true" numer="96" rotacja="90">
      <X>463</X>
      <Y>493</Y>
    </Fotografia>
  </Fotografie>
  <Skarpy>
    <Skarpa rysuj="true" startPikieta="6" endPikieta="7" brzeg="true" />
    <Skarpa rysuj="true" startPikieta="13" endPikieta="14" brzeg="true" />
    <Skarpa rysuj="true" startPikieta="2" endPikieta="3" brzeg="false" />
  </Skarpy>
  <Drogi />
  <Zabudowy />
  <Teksty />
</SzkicPrzekroju>