<?xml version="1.0" encoding="utf-8"?>
<SzkicPrzekroju xmlns:xsi="http://www.w3.org/2001/XMLSchema-instance" xmlns:xsd="http://www.w3.org/2001/XMLSchema" nazwaCieku="Pasłęka" numerObiektu="97" numerPrzekroju="97" dataPomiaru="29.03.2012">
  <Koryto rysuj="true" startPikieta="3" endPikieta="10" />
  <Pikiety>
    <Pikieta rysuj="true" numer="97.01" kodTerenu="">
      <X>463</X>
      <Y>163</Y>
      <Punkt>
        <X>691196.71</X>
        <Y>568829.6</Y>
      </Punkt>
      <Rzedna>35.99</Rzedna>
    </Pikieta>
    <Pikieta rysuj="true" numer="97.02" kodTerenu="T07">
      <X>463</X>
      <Y>190</Y>
      <Punkt>
        <X>691190.62</X>
        <Y>568830.45</Y>
      </Punkt>
      <Rzedna>36.16</Rzedna>
    </Pikieta>
    <Pikieta rysuj="true" numer="97.03" kodTerenu="T07">
      <X>463</X>
      <Y>217</Y>
      <Punkt>
        <X>691189.66</X>
        <Y>568830.37</Y>
      </Punkt>
      <Rzedna>35.86</Rzedna>
    </Pikieta>
    <Pikieta rysuj="true" numer="97.04" kodTerenu="K01">
      <X>463</X>
      <Y>244</Y>
      <Punkt>
        <X>691188.51</X>
        <Y>568830.62</Y>
      </Punkt>
      <Rzedna>33.56</Rzedna>
    </Pikieta>
    <Pikieta rysuj="true" numer="97.05" kodTerenu="K02">
      <X>463</X>
      <Y>271</Y>
      <Punkt>
        <X>691187.09</X>
        <Y>568830.31</Y>
      </Punkt>
      <Rzedna>32.13</Rzedna>
    </Pikieta>
    <Pikieta rysuj="true" numer="97.06" kodTerenu="K02">
      <X>463</X>
      <Y>298</Y>
      <Punkt>
        <X>691184.49</X>
        <Y>568830.03</Y>
      </Punkt>
      <Rzedna>33.05</Rzedna>
    </Pikieta>
    <Pikieta rysuj="true" numer="97.07" kodTerenu="K02">
      <X>463</X>
      <Y>325</Y>
      <Punkt>
        <X>691182.24</X>
        <Y>568831.29</Y>
      </Punkt>
      <Rzedna>33.59</Rzedna>
    </Pikieta>
    <Pikieta rysuj="true" numer="97.08" kodTerenu="K02">
      <X>463</X>
      <Y>352</Y>
      <Punkt>
        <X>691180.87</X>
        <Y>568831.18</Y>
      </Punkt>
      <Rzedna>34.27</Rzedna>
    </Pikieta>
    <Pikieta rysuj="true" numer="97.09" kodTerenu="K01">
      <X>463</X>
      <Y>379</Y>
      <Punkt>
        <X>691179.52</X>
        <Y>568831.03</Y>
      </Punkt>
      <Rzedna>35</Rzedna>
    </Pikieta>
    <Pikieta rysuj="true" numer="97.10" kodTerenu="K01">
      <X>463</X>
      <Y>406</Y>
      <Punkt>
        <X>691179.34</X>
        <Y>568831.02</Y>
      </Punkt>
      <Rzedna>35.86</Rzedna>
    </Pikieta>
    <Pikieta rysuj="true" numer="97.11" kodTerenu="T08">
      <X>463</X>
      <Y>433</Y>
      <Punkt>
        <X>691179.11</X>
        <Y>568831.07</Y>
      </Punkt>
      <Rzedna>36.13</Rzedna>
    </Pikieta>
    <Pikieta rysuj="true" numer="97.12" kodTerenu="T08">
      <X>463</X>
      <Y>460</Y>
      <Punkt>
        <X>691172.74</X>
        <Y>568830.79</Y>
      </Punkt>
      <Rzedna>36.27</Rzedna>
    </Pikieta>
  </Pikiety>
  <Fotografie>
    <Fotografia rysuj="true" numer="97" rotacja="300">
      <X>412</X>
      <Y>104</Y>
    </Fotografia>
  </Fotografie>
  <Skarpy>
    <Skarpa rysuj="true" startPikieta="2" endPikieta="3" brzeg="true" />
    <Skarpa rysuj="true" startPikieta="10" endPikieta="11" brzeg="true" />
  </Skarpy>
  <Drogi />
  <Zabudowy />
  <Teksty />
</SzkicPrzekroju>