<?xml version="1.0" encoding="utf-8"?>
<SzkicPrzekroju xmlns:xsi="http://www.w3.org/2001/XMLSchema-instance" xmlns:xsd="http://www.w3.org/2001/XMLSchema" nazwaCieku="Pasłęka" numerObiektu="98" numerPrzekroju="98" dataPomiaru="29.03.2012">
  <Koryto rysuj="true" startPikieta="3" endPikieta="9" />
  <Pikiety>
    <Pikieta rysuj="true" numer="98.01" kodTerenu="">
      <X>463</X>
      <Y>163</Y>
      <Punkt>
        <X>690709.31</X>
        <Y>569570.07</Y>
      </Punkt>
      <Rzedna>37.12</Rzedna>
    </Pikieta>
    <Pikieta rysuj="true" numer="98.02" kodTerenu="T08">
      <X>463</X>
      <Y>193</Y>
      <Punkt>
        <X>690713.08</X>
        <Y>569565.64</Y>
      </Punkt>
      <Rzedna>37.13</Rzedna>
    </Pikieta>
    <Pikieta rysuj="true" numer="98.03" kodTerenu="T08">
      <X>463</X>
      <Y>223</Y>
      <Punkt>
        <X>690713.2</X>
        <Y>569564.94</Y>
      </Punkt>
      <Rzedna>36.77</Rzedna>
    </Pikieta>
    <Pikieta rysuj="true" numer="98.04" kodTerenu="K01">
      <X>463</X>
      <Y>253</Y>
      <Punkt>
        <X>690713.87</X>
        <Y>569564.19</Y>
      </Punkt>
      <Rzedna>35.39</Rzedna>
    </Pikieta>
    <Pikieta rysuj="true" numer="98.05" kodTerenu="K01">
      <X>463</X>
      <Y>283</Y>
      <Punkt>
        <X>690717.7</X>
        <Y>569560.7</Y>
      </Punkt>
      <Rzedna>35.77</Rzedna>
    </Pikieta>
    <Pikieta rysuj="true" numer="98.06" kodTerenu="K01">
      <X>463</X>
      <Y>313</Y>
      <Punkt>
        <X>690718.92</X>
        <Y>569559.12</Y>
      </Punkt>
      <Rzedna>36.17</Rzedna>
    </Pikieta>
    <Pikieta rysuj="true" numer="98.07" kodTerenu="K01">
      <X>463</X>
      <Y>343</Y>
      <Punkt>
        <X>690720.15</X>
        <Y>569557.53</Y>
      </Punkt>
      <Rzedna>35.77</Rzedna>
    </Pikieta>
    <Pikieta rysuj="true" numer="98.08" kodTerenu="K01">
      <X>463</X>
      <Y>373</Y>
      <Punkt>
        <X>690720.76</X>
        <Y>569556.75</Y>
      </Punkt>
      <Rzedna>35.89</Rzedna>
    </Pikieta>
    <Pikieta rysuj="true" numer="98.09" kodTerenu="K01">
      <X>463</X>
      <Y>403</Y>
      <Punkt>
        <X>690721.43</X>
        <Y>569556.57</Y>
      </Punkt>
      <Rzedna>36.77</Rzedna>
    </Pikieta>
    <Pikieta rysuj="true" numer="98.10" kodTerenu="T08">
      <X>463</X>
      <Y>433</Y>
      <Punkt>
        <X>690722.15</X>
        <Y>569555.15</Y>
      </Punkt>
      <Rzedna>37.08</Rzedna>
    </Pikieta>
    <Pikieta rysuj="true" numer="98.11" kodTerenu="T08">
      <X>463</X>
      <Y>463</Y>
      <Punkt>
        <X>690726.99</X>
        <Y>569551.25</Y>
      </Punkt>
      <Rzedna>36.9</Rzedna>
    </Pikieta>
  </Pikiety>
  <Fotografie>
    <Fotografia rysuj="true" numer="98" rotacja="90">
      <X>463</X>
      <Y>493</Y>
    </Fotografia>
  </Fotografie>
  <Skarpy>
    <Skarpa rysuj="true" startPikieta="2" endPikieta="3" brzeg="true" />
    <Skarpa rysuj="true" startPikieta="9" endPikieta="10" brzeg="true" />
  </Skarpy>
  <Drogi />
  <Zabudowy />
  <Teksty />
</SzkicPrzekroju>