<?xml version="1.0" encoding="utf-8"?>
<SzkicPrzekroju xmlns:xsi="http://www.w3.org/2001/XMLSchema-instance" xmlns:xsd="http://www.w3.org/2001/XMLSchema" nazwaCieku="Pasłęka" numerObiektu="99" numerPrzekroju="99" dataPomiaru="29.03.2012">
  <Koryto rysuj="true" startPikieta="3" endPikieta="10" />
  <Pikiety>
    <Pikieta rysuj="true" numer="99.01" kodTerenu="">
      <X>463</X>
      <Y>163</Y>
      <Punkt>
        <X>690732.95</X>
        <Y>570214.18</Y>
      </Punkt>
      <Rzedna>37.98</Rzedna>
    </Pikieta>
    <Pikieta rysuj="true" numer="99.02" kodTerenu="T02">
      <X>463</X>
      <Y>190</Y>
      <Punkt>
        <X>690733.79</X>
        <Y>570222.9</Y>
      </Punkt>
      <Rzedna>37.99</Rzedna>
    </Pikieta>
    <Pikieta rysuj="true" numer="99.03" kodTerenu="T02">
      <X>463</X>
      <Y>217</Y>
      <Punkt>
        <X>690733.7</X>
        <Y>570223.15</Y>
      </Punkt>
      <Rzedna>37.66</Rzedna>
    </Pikieta>
    <Pikieta rysuj="true" numer="99.04" kodTerenu="K01">
      <X>463</X>
      <Y>244</Y>
      <Punkt>
        <X>690733.82</X>
        <Y>570224.17</Y>
      </Punkt>
      <Rzedna>36.62</Rzedna>
    </Pikieta>
    <Pikieta rysuj="true" numer="99.05" kodTerenu="K01">
      <X>463</X>
      <Y>271</Y>
      <Punkt>
        <X>690734.02</X>
        <Y>570224.89</Y>
      </Punkt>
      <Rzedna>36.06</Rzedna>
    </Pikieta>
    <Pikieta rysuj="true" numer="99.06" kodTerenu="K01">
      <X>463</X>
      <Y>298</Y>
      <Punkt>
        <X>690734.27</X>
        <Y>570227.28</Y>
      </Punkt>
      <Rzedna>35.74</Rzedna>
    </Pikieta>
    <Pikieta rysuj="true" numer="99.07" kodTerenu="K01">
      <X>463</X>
      <Y>325</Y>
      <Punkt>
        <X>690733.23</X>
        <Y>570231.27</Y>
      </Punkt>
      <Rzedna>36.35</Rzedna>
    </Pikieta>
    <Pikieta rysuj="true" numer="99.08" kodTerenu="K01">
      <X>463</X>
      <Y>352</Y>
      <Punkt>
        <X>690733.11</X>
        <Y>570233.64</Y>
      </Punkt>
      <Rzedna>36.46</Rzedna>
    </Pikieta>
    <Pikieta rysuj="true" numer="99.09" kodTerenu="K01">
      <X>463</X>
      <Y>379</Y>
      <Punkt>
        <X>690733.12</X>
        <Y>570235.25</Y>
      </Punkt>
      <Rzedna>36.91</Rzedna>
    </Pikieta>
    <Pikieta rysuj="true" numer="99.10" kodTerenu="K01">
      <X>463</X>
      <Y>406</Y>
      <Punkt>
        <X>690733.47</X>
        <Y>570235.96</Y>
      </Punkt>
      <Rzedna>37.66</Rzedna>
    </Pikieta>
    <Pikieta rysuj="true" numer="99.11" kodTerenu="T07">
      <X>463</X>
      <Y>433</Y>
      <Punkt>
        <X>690733.48</X>
        <Y>570236.53</Y>
      </Punkt>
      <Rzedna>37.92</Rzedna>
    </Pikieta>
    <Pikieta rysuj="true" numer="99.12" kodTerenu="T07">
      <X>463</X>
      <Y>460</Y>
      <Punkt>
        <X>690734.6</X>
        <Y>570240.56</Y>
      </Punkt>
      <Rzedna>37.97</Rzedna>
    </Pikieta>
  </Pikiety>
  <Fotografie>
    <Fotografia rysuj="true" numer="99" rotacja="90">
      <X>463</X>
      <Y>493</Y>
    </Fotografia>
  </Fotografie>
  <Skarpy>
    <Skarpa rysuj="true" startPikieta="2" endPikieta="3" brzeg="true" />
    <Skarpa rysuj="true" startPikieta="10" endPikieta="11" brzeg="true" />
  </Skarpy>
  <Drogi />
  <Zabudowy />
  <Teksty />
</SzkicPrzekroju>